厂房代码,厂房名称,BU代码,BU名称,区域代码,区域名称,营业所代码,营业所名称,线路编号,线路类型,区域经理姓名,区域经理工号,区域经理电话,营业所经理姓名,营业所经理工号,营业所经理电话,主任姓名,主任工号,主任电话,业代姓名,业代工号,业代电话
3013,广东太古可口可乐有限公司,30130002,粤东,Y05019,深外区,0753,深外-塘厦,0542,区域-城区,李慕雁,2506226,13632980132,杨志威,2508259,18819192611,吴俊鹏,3012072,18819193239,钱俊能-2506344,2506344,18819192428
3013,广东太古可口可乐有限公司,30130002,粤东,Y05010,深中区,0745,深中-龙华,7142,区域-城区,蔡志伟,2507286,13725076841,杨汉仲,2500804,13632981026,王远伟,2506304,18819193234,严若兰-3042228,3042228,18819192490
3013,广东太古可口可乐有限公司,30130002,粤东,Y05006,河梅区,0763,河梅-梅州,0955,区域-乡镇,孙泽,2506339,13632980263,陈仕立,2506481,18819193389,肖喜辉-2507213,2507213,18819193139,谢文暖-3037990,3037990,19802018734
3013,广东太古可口可乐有限公司,30130002,粤东,Y05007,惠州区,3205,惠州-仲恺,0806,KA-MT,韩鹏程,2506228,13632980173,罗搏,3013429,18819193246,潘锡健-2507317,2507317,18819193174,黄文静-3053364,3053364,18819192236
3013,广东太古可口可乐有限公司,30130002,粤东,Y05019,深外区,0753,深外-塘厦,0553,区域-城区,李慕雁,2506226,13632980132,杨志威,2508259,18819192611,蒲俊杰-2506486,2506486,18826120083,杨楚泉-3029907,3029907,18819192849
3013,广东太古可口可乐有限公司,30130002,粤东,Y05006,河梅区,3206,河梅-吉隆,7875,区域-城区,孙泽,2506339,13632980263,施杰华,3011898,18819192433,李利昌-2507450,2507450,18819193161,雷隆-3052476,3052476,18819193384
3013,广东太古可口可乐有限公司,30130002,粤东,Y05010,深中区,0745,深中-龙华,0159,区域-城区,蔡志伟,2507286,13725076841,杨汉仲,2500804,13632981026,胡撒-2506404,2506404,18819193318,宋磊-2527064,2527064,18819378270
3013,广东太古可口可乐有限公司,30130001,粤西,Y05001,番顺区,0761,番顺-龙江,1095,区域-乡镇,邓辉,2504221,13632119746,罗添平,2505203,18819192525,陈秀斌-3038665,3038665,18819193071,肖明-3060138,3060138,18819192615
3013,广东太古可口可乐有限公司,30130001,粤西,Y05003,广外区域,0725,广外-白云,1374,非销售线路,胡铭洋,3019330,18926210250,汪成义,2502305,18819193150,叶石良-3039785,3039785,18819193112,邓章铭-3039898,3039898,18819192818
3013,广东太古可口可乐有限公司,30130002,粤东,Y05007,惠州区,0783,惠州-惠阳,0851,区域-乡镇,韩鹏程,2506228,13632980173,蚁嘉斯,2509300,18819193190,卓伟胜-3025517,3025517,18819193173,蒋丽-3051454,3051454,18819192221
3013,广东太古可口可乐有限公司,30130001,粤西,Y05023,广新区,0721,广新-番禺,1022,区域-城区,李俊青,2502225,18819192133,李国平,2501549,18819193120,郑超跃-3028168,3028168,18819193116,周圣文-3055835,3055835,18819192790
3013,广东太古可口可乐有限公司,30130002,粤东,Y05006,河梅区,0764,河梅-兴宁,0965,区域-城区,孙泽,2506339,13632980263,陈春发,2509220,18819192511,孙向东-2507211,2507211,18819193141,潘招兰-3048610,3048610,18819192149
3013,广东太古可口可乐有限公司,30130001,粤西,Y05001,番顺区,0762,番顺-顺德,1082,区域-乡镇,邓辉,2504221,13632119746,刁顺见,3005451,18819192155,陈锦文-2504307,2504307,18819193078,覃东杰-3059730,3059730,18819192616
3013,广东太古可口可乐有限公司,30130002,粤东,Y05020,汕尾区,0771,汕尾-普宁,0789,区域-城区,胡向,2507216,13725076877,谢海波,2506338,18819193439,蔡元镇-3046303,3046303,18826120523,林锦福-3028780,3028780,18819192320
3013,广东太古可口可乐有限公司,30130001,粤西,Y05023,广新区,0730,广新-荔湾,1436,区域-城区,李俊青,2502225,18819192133,吴晓群,2501302,13632119503,黄秋-3032434,3032434,18819193117,程浩哲-3050255,3050255,18819193277
3013,广东太古可口可乐有限公司,30130001,粤西,Y05002,佛山区,0754,佛山-佛山,1159,区域-城区,胡维,2508241,13929226672,吴耿宁,2508235,18819160798,杨翔云-2503301,2503301,18819193089,黄超君-2503262,2503262,18819192466
3013,广东太古可口可乐有限公司,30130002,粤东,Y05009,汕头区,0769,汕头-潮阳,0712,区域-乡镇,黄伟,2506219,13632980128,肖铜金,2508281,18819193054,郑煜涛-3023884,3023884,18819193163,陈创坚-2502336,2502336,18819192264
3013,广东太古可口可乐有限公司,30130002,粤东,Y05009,汕头区,0768,汕头-汕头,0624,区域-乡镇,黄伟,2506219,13632980128,肖海洲,2509354,18819193148,杨俊杰-2570009,2570009,18819193186,黄琼敏-3053185,3053185,18819192354
3013,广东太古可口可乐有限公司,30130002,粤东,Y05018,粤东IC事业部,0751,深圳-IC,0225,区域-城区,陈建军,2503226,13632981094,刘俊宏,2506227,18819192599,吴运登-2527129,2527129,18819193221,郑鉴陆-3039626,3039626,18819192454
3041,广东太古可口可乐湛江有限公司,30410001,湛江(BU),Y10001,湛江大区,2002,市外营业部,1059,区域-城区,李鑫元,2810095,13828289042,彭海明,3010123,13632119110,李志明,2810145,18826113910,杨锦联,3057897,18826113893
3013,广东太古可口可乐有限公司,30130001,粤西,Y05014,粤西KA客户群,0734,广州-重点,1801,区域-乡镇,刘琪,2500311,13632119698,何焕勤,2501212,18819192311,赵伟-3010260,3010260,18819193135,陈振浩-3018741,3018741,18819193044
3013,广东太古可口可乐有限公司,30130001,粤西,Y05014,粤西KA客户群,0758,佛山-重点,1843,KA-综合,刘琪,2500311,13632119698,廖劲刚,2504357,18819192199,吴建祥-2503253,2503253,13434377203,钟正涛-3048739,3048739,18819193420
3041,广东太古可口可乐湛江有限公司,30410001,湛江(BU),Y10001,湛江大区,2007,吴川营业所,1307,区域-城区,李鑫元,2810095,13828289042,黄宇文,2810288,15976574920,吴春桦,2810117,18826113690,曾兴娣,3045502,18826113683
3013,广东太古可口可乐有限公司,30130001,粤西,Y05015,广中区域,0738,广中-增城,1682,区域-城区,刘佳晓,2501281,13632119761,江汉民,3007645,18819193106,黄子健-3039629,3039629,18819193158,温庆旋-3059305,3059305,18819193429
3013,广东太古可口可乐有限公司,30130001,粤西,Y05016,粤西IC,0724,广州-IC,1512,IC-综合,程志明,2501433,18819192255,卜增晓,3056544,18028654240,黄飞虎-3045701,3045701,18819193021,梁波-3035702,3035702,18819193010
3013,广东太古可口可乐有限公司,30130001,粤西,Y05005,韶清区域,0778,韶清-英德,1782,区域-乡镇,杨海,2505227,13826390599,刘锦泉,3014498,18819193104,张伟英-3020016,3020016,18819193192,胡海文-3043609,3043609,18819192998
3013,广东太古可口可乐有限公司,30130001,粤西,Y05015,广中区域,0732,广中-天河,1348,区域-城区,刘佳晓,2501281,13632119761,陈濠明,2504363,18819193075,吴文强-2501430,2501430,18819192399,向涛-3059886,3059886,18819192775
3013,广东太古可口可乐有限公司,30130002,粤东,Y05006,河梅区,0779,河梅-河源,0905,区域-乡镇,孙泽,2506339,13632980263,江旭望,3007406,18819193207,谢丽梅-2507201,2507201,18819193136,邹文然-3039645,3039645,18819192109
3013,广东太古可口可乐有限公司,30130002,粤东,Y05009,汕头区,0765,汕头-潮州,0660,区域-乡镇,黄伟,2506219,13632980128,刘舜涛,2509241,18819192522,罗幸平-2507243,2507243,18819193142,吴鑫锐-3045134,3045134,18819193267
3013,广东太古可口可乐有限公司,30130002,粤东,Y05024,东莞区,0817,东莞-南城,7311,区域-城区,邱创荣,2506284,13632980303,韩荣艺,2506385,18819192688,蒙双雄-2506552,2506552,18819193058,谢青青-3058968,3058968,18826122803
3013,广东太古可口可乐有限公司,30130002,粤东,Y05010,深中区,0747,深中-南山,0063,区域-城区,蔡志伟,2507286,13725076841,丁学高,2506269,18819193370,林朝泰-2506403,2506403,18819193238,方才喜-3034177,3034177,18819192534
3013,广东太古可口可乐有限公司,30130001,粤西,Y05001,番顺区,0761,番顺-龙江,1106,区域-城区,邓辉,2504221,13632119746,罗添平,2505203,18819192525,陈秀斌-3038665,3038665,18819193071,伍宝华-3018782,3018782,18819193342
3013,广东太古可口可乐有限公司,30130002,粤东,Y05009,汕头区,0768,汕头-汕头,0617,区域-城区,黄伟,2506219,13632980128,肖海洲,2509354,18819193148,杨俊杰-2570009,2570009,18819193186,朱泽仪-2509353,2509353,18819192351
3013,广东太古可口可乐有限公司,30130002,粤东,Y05020,汕尾区,3209,汕尾-汕尾,0753,区域-乡镇,胡向,2507216,13725076877,巫晓彬,2509286,18819193165,欧定江-2509357,2509357,18826120092,林阳镇-3012980,3012980,18819192184
3013,广东太古可口可乐有限公司,30130002,粤东,Y05013,粤东KA客户群,0750,深圳-重点,1862,KA-MT,张婧,3037236,18826527352,林晓伟,2508278,18819192722,汤波-2506386,2506386,18826120803,陈剑宗-3018737,3018737,18819192551
3013,广东太古可口可乐有限公司,30130001,粤西,Y05003,广外区域,0733,广外-新市,1443,区域-城区,胡铭洋,3019330,18926210250,何成宪,3021860,18826120593,刘石发-3045360,3045360,18819193123,万泽俊-3058941,3058941,18819192864
3013,广东太古可口可乐有限公司,30130001,粤西,Y05003,广外区域,3226,广外-人和,1474,区域-城区,胡铭洋,3019330,18926210250,温焕星,3024275,18819193082,孙龙-3024692,3024692,18819193463,何月英-3049628,3049628,18819192812
3013,广东太古可口可乐有限公司,30130002,粤东,Y05019,深外区,0749,深外-沙井,0078,区域-城区,李慕雁,2506226,13632980132,陈崇清,2508212,18819193062,梁娅-3005892,3005892,18819210736,周展花-3033472,3033472,18898813039
3041,广东太古可口可乐湛江有限公司,30410001,湛江(BU),Y10001,湛江大区,2011,遂溪营业所,1506,区域-城区,李鑫元,2810095,13828289042,黄炳炜,2810020,13828208148,周亚景,3021555,18826113661,谢日意,3022433,18826113659
3013,广东太古可口可乐有限公司,30130001,粤西,Y05023,广新区,0812,广新-大学城,1394,区域-城区,李俊青,2502225,18819192133,余新勇,2504217,18819192200,钟定良-3017697,3017697,18819193096,刘志彦-3060075,3060075,18819192728
3013,广东太古可口可乐有限公司,30130002,粤东,Y05024,东莞区,0788,东莞-常平,7566,区域-城区,邱创荣,2506284,13632980303,邓富斌,2507203,18819192323,廖文辉-2508283,2508283,18819193065,吴胜锋-2507368,2507368,18819192435
3013,广东太古可口可乐有限公司,30130002,粤东,Y05006,河梅区,3206,河梅-吉隆,0865,FSV,孙泽,2506339,13632980263,施杰华,3011898,18819192433,毛可强-3023966,3023966,18819192433,林奕华-3057043,3057043,18819192207
3013,广东太古可口可乐有限公司,30130002,粤东,Y05019,深外区,0740,深外-宝龙,0132,区域-城区,李慕雁,2506226,13632980132,朱志强,3010558,18819193170,张武策-3006744,3006744,18819193143,陈金华-3033867,3033867,18819192372
3013,广东太古可口可乐有限公司,30130002,粤东,Y05019,深外区,0787,深外-长安,0528,区域-乡镇,李慕雁,2506226,13632980132,杨刚,2506233,18819192622,李洪耀-3005891,3005891,18819193061,郭远荣-2508301,2508301,18819192010
3013,广东太古可口可乐有限公司,30130002,粤东,Y05009,汕头区,0769,汕头-潮阳,0722,区域-乡镇,黄伟,2506219,13632980128,肖铜金,2508281,18819193054,郑煜涛-3023884,3023884,18819193163,洪湖涛-3038451,3038451,18819193405
3013,广东太古可口可乐有限公司,30130002,粤东,Y05019,深外区,0753,深外-塘厦,0558,区域-城区,李慕雁,2506226,13632980132,杨志威,2508259,18819192611,蒲俊杰-2506486,2506486,18826120083,邱红书-3042575,3042575,18826121903
3013,广东太古可口可乐有限公司,30130002,粤东,Y05007,惠州区,0781,惠州-博龙,0895,客服线路,韩鹏程,2506228,13632980173,谭力乐,2507297,18819192066,黄永雄-2506317,2506317,18826120680,周俊生-3049177,3049177,18819193445
3013,广东太古可口可乐有限公司,30130002,粤东,Y05009,汕头区,0768,汕头-汕头,0625,区域-城区,黄伟,2506219,13632980128,肖海洲,2509354,18819193148,潘永超-2525214,2525214,13929618716,曾令远-3003325,3003325,18819192356
3013,广东太古可口可乐有限公司,30130001,粤西,Y05002,佛山区,0759,佛山-三水,1265,区域-城区,胡维,2508241,13929226672,边忠明,2550443,18819192388,伍文杰-3048767,3048767,18819192291,刘小杏-3058371,3058371,18819192705
3013,广东太古可口可乐有限公司,30130001,粤西,Y05002,佛山区,0754,佛山-佛山,1160,区域-城区,胡维,2508241,13929226672,吴耿宁,2508235,18819160798,杨翔云-2503301,2503301,18819193089,余丽红-3051152,3051152,18819192631
3013,广东太古可口可乐有限公司,30130002,粤东,Y05007,惠州区,0784,惠州-惠州,0838,区域-乡镇,韩鹏程,2506228,13632980173,何国威,2508207,18819192033,刘剑锋-2507349,2507349,19802011262,练淑媛-3048829,3048829,18819193335
3013,广东太古可口可乐有限公司,30130002,粤东,Y05009,汕头区,0769,汕头-潮阳,0704,区域-城区,黄伟,2506219,13632980128,肖铜金,2508281,18819193054,黄广隆-2509254,2509254,18819193177,郑灶森-3043625,3043625,18819193372
3013,广东太古可口可乐有限公司,30130001,粤西,Y05023,广新区,0730,广新-荔湾,1403,区域-城区,李俊青,2502225,18819192133,吴晓群,2501302,13632119503,黄秋-3032434,3032434,18819193117,陈全庆-2501531,2501531,18819192840
3013,广东太古可口可乐有限公司,30130001,粤西,Y05002,佛山区,0757,佛山-南海,1230,区域-乡镇,胡维,2508241,13929226672,郎春玲,3005684,19811980830,蔡冠洪-2521030,2521030,18819193086,尹进明-3046900,3046900,18819193440
3013,广东太古可口可乐有限公司,30130001,粤西,Y05001,番顺区,0762,番顺-顺德,1079,区域-城区,邓辉,2504221,13632119746,刁顺见,3005451,18819192155,周锡源-2502201,2502201,18819193076,冯锡满-3057666,3057666,18826120167
3013,广东太古可口可乐有限公司,30130001,粤西,Y05003,广外区域,3226,广外-人和,1465,区域-乡镇,胡铭洋,3019330,18926210250,温焕星,3024275,18819193082,陈国华-2501318,2501318,18826121808,郑文财-3044787,3044787,18819192807
3013,广东太古可口可乐有限公司,30130001,粤西,Y05005,韶清区域,0776,韶清-清远,1616,区域-乡镇,杨海,2505227,13826390599,蔡旭钟,3008626,18819192122,陈雪梅-3040635,3040635,18826120337,徐文健-3045779,3045779,18819192913
3013,广东太古可口可乐有限公司,30130001,粤西,Y05023,广新区,0812,广新-大学城,1383,区域-乡镇,李俊青,2502225,18819192133,余新勇,2504217,18819192200,吴迪斯-3006054,3006054,18826121176,苏国文,2501359,18819192731
3013,广东太古可口可乐有限公司,30130001,粤西,Y05014,粤西KA客户群,0734,广州-重点,1808,KA-CVS,刘琪,2500311,13632119698,何焕勤,2501212,18819192311,赵伟-3010260,3010260,18819193135,陈静怡-3019211,3019211,18819193043
3013,广东太古可口可乐有限公司,30130002,粤东,Y05019,深外区,0749,深外-沙井,7208,区域-城区,李慕雁,2506226,13632980132,陈崇清,2508212,18819193062,杨雄财-3025121,3025121,18819193225,李荣杰-3028008,3028008,18819192410
3013,广东太古可口可乐有限公司,30130002,粤东,Y05019,深外区,0743,深外-公明,7115,区域-城区,李慕雁,2506226,13632980132,杨奕鹏,2506325,18819193382,钟威龙-2506575,2506575,18819193208,刘小斌-3018728,3018728,18819210024
3013,广东太古可口可乐有限公司,30130002,粤东,Y05010,深中区,0742,深中-福田,7056,区域-城区,蔡志伟,2507286,13725076841,黄锦聪,2508277,18819193380,杨桥-3003103,3003103,18819193230,詹惠芹-3022615,3022615,18819193262
3013,广东太古可口可乐有限公司,30130001,粤西,Y05003,广外区域,0736,广外-花都,1568,大桶水,胡铭洋,3019330,18926210250,黄永腾,2501215,18819192233,王俊飞-3016260,3016260,18819192277,谭力-3051306,3051306,18819192887
3013,广东太古可口可乐有限公司,30130002,粤东,Y05020,汕尾区,0767,汕尾-揭阳,0693,区域-城区,胡向,2507216,13725076877,林静,2507209,18819192355,郑棉旭-2506276,2506276,18819193182,罗珊萍-3060111,3060111,18819192309
3013,广东太古可口可乐有限公司,30130002,粤东,Y05020,汕尾区,0770,汕尾-海丰,0761,IC-综合,胡向,2507216,13725076877,邢庆,2509326,18819193187,何良林-3022303,3022303,18819210884,黄卓烽-3037874,3037874,18819192189
3013,广东太古可口可乐有限公司,30130002,粤东,Y05010,深中区,0739,深中-宝安,0096,区域-城区,蔡志伟,2507286,13725076841,刘信亮,2506282,18819193216,陈超凡-2506275,2506275,18819193224,魏立方-3018618,3018618,18819192467
3013,广东太古可口可乐有限公司,30130002,粤东,Y05007,惠州区,0781,惠州-博龙,0835,区域-乡镇,韩鹏程,2506228,13632980173,谭力乐,2507297,18819192066,钟明,2508343,18819193049,刘泰生-3004805,3004805,18819192159
3013,广东太古可口可乐有限公司,30130001,粤西,Y05005,韶清区域,0776,韶清-清远,1621,区域-乡镇,杨海,2505227,13826390599,蔡旭钟,3008626,18819192122,陈雪梅-3040635,3040635,18826120337,廖家庆-3039518,3039518,18826120679
3013,广东太古可口可乐有限公司,30130002,粤东,Y05010,深中区,0747,深中-南山,0066,区域-乡镇,蔡志伟,2507286,13725076841,丁学高,2506269,18819193370,曾祥灵-2506236,2506236,18826120681,郑小兰-3044819,3044819,18819192535
3013,广东太古可口可乐有限公司,30130002,粤东,Y05006,河梅区,0779,河梅-河源,0904,区域-城区,孙泽,2506339,13632980263,江旭望,3007406,18819193207,谢丽梅-2507201,2507201,18819193136,张伟锋-3045665,3045665,18819192118
3013,广东太古可口可乐有限公司,30130002,粤东,Y05019,深外区,0753,深外-塘厦,0547,区域-城区,李慕雁,2506226,13632980132,杨志威,2508259,18819192611,陈军-3007950,3007950,18819193217,廖海军-3027358,3027358,18819192440
3013,广东太古可口可乐有限公司,30130002,粤东,Y05009,汕头区,0765,汕头-潮州,0641,区域-乡镇,黄伟,2506219,13632980128,刘舜涛,2509241,18819192522,谢宏立,3024388,18826120139,李瑶-3056827,3056827,18819192274
3013,广东太古可口可乐有限公司,30130002,粤东,Y05009,汕头区,0769,汕头-潮阳,0721,区域-乡镇,黄伟,2506219,13632980128,肖铜金,2508281,18819193054,李伟喜-2509285,2509285,18819193176,王创雄-2509223,2509223,18819192258
3013,广东太古可口可乐有限公司,30130001,粤西,Y05023,广新区,0723,广新-新龙,1028,区域-城区,李俊青,2502225,18819192133,梁鸿锦,2504228,18819192566,石安娜-3005836,3005836,18819192100,钟剑-3048569,3048569,18819192793
3041,广东太古可口可乐湛江有限公司,30410001,湛江(BU),Y10001,湛江大区,2010,廉江营业所,1463,IC-餐饮,李鑫元,2810095,13828289042,李汉权,2810472,15016420195,廖振球,2810158,18826113615,谢涛艺,2810124,18826113610
3013,广东太古可口可乐有限公司,30130002,粤东,Y05019,深外区,0744,深外-龙岗,7180,区域-城区,李慕雁,2506226,13632980132,张益军,2507206,18819192322,徐先明,2506439,18819193059,叶广德-3045256,3045256,18826120650
3013,广东太古可口可乐有限公司,30130002,粤东,Y05009,汕头区,0769,汕头-潮阳,0709,区域-乡镇,黄伟,2506219,13632980128,肖铜金,2508281,18819193054,郑煜涛-3023884,3023884,18819193163,罗益明-3013837,3013837,18819192261
3013,广东太古可口可乐有限公司,30130001,粤西,Y05016,粤西IC,0724,广州-IC,1528,IC-综合,程志明,2501433,18819192255,卜增晓,3056544,18028654240,陈媚秀-3010740,3010740,18825044485,叶美嫦-3009820,3009820,19802011883
3013,广东太古可口可乐有限公司,30130002,粤东,Y05019,深外区,0749,深外-沙井,7098,区域-城区,李慕雁,2506226,13632980132,陈崇清,2508212,18819193062,梁娅-3005892,3005892,18819210736,洪妹波-3042770,3042770,18819192461
3013,广东太古可口可乐有限公司,30130002,粤东,Y05010,深中区,0745,深中-龙华,7146,区域-城区,蔡志伟,2507286,13725076841,杨汉仲,2500804,13632981026,黄亿锐-3035698,3035698,18819193226,张日扬-3044183,3044183,18826120682
3013,广东太古可口可乐有限公司,30130002,粤东,Y05013,粤东KA客户群,0750,深圳-重点,1900,KA-CVS,张婧,3037236,18826527352,林晓伟,2508278,18819192722,张双平-2506487,2506487,18819193242,翟玖宜-3030119,3030119,18826121038
3013,广东太古可口可乐有限公司,30130002,粤东,Y05010,深中区,0746,深中-罗湖,0010,FSV,蔡志伟,2507286,13725076841,钟陈汉,2506257,18819192228,杨土爱-2506647,2506647,18819193235,陈宙金-3026210,3026210,18819193387
3013,广东太古可口可乐有限公司,30130001,粤西,Y05001,番顺区,0799,番顺-西樵,1211,区域-城区,邓辉,2504221,13632119746,严健宏,3008635,18819193091,黄健恩-3016981,3016981,18826120607,张玉明-3039481,3039481,18819192648
3041,广东太古可口可乐湛江有限公司,30410001,湛江(BU),Y10001,湛江大区,2011,遂溪营业所,1500,区域-城区,李鑫元,2810095,13828289042,黄炳炜,2810020,13828208148,周亚景,3021555,18826113661,杨其彬,2810170,18826113656
3013,广东太古可口可乐有限公司,30130002,粤东,Y05020,汕尾区,0814,汕尾-陆丰,0769,区域-城区,胡向,2507216,13725076877,许高勇,2509302,18819193180,敖宇民,3004284,18819193435,庄主兴-2506555,2506555,18819192203
3013,广东太古可口可乐有限公司,30130002,粤东,Y05007,惠州区,3201,惠州-坪山,0187,区域-乡镇,韩鹏程,2506228,13632980173,符蓉国,2507272,18819192700,蔡伟庆-2506518,2506518,18819193446,熊文航-3060246,3060246,18819193424
3013,广东太古可口可乐有限公司,30130001,粤西,Y05015,广中区域,0735,广中-从化,1600,区域-乡镇,刘佳晓,2501281,13632119761,王如泉,3003419,18819193110,黄穗-3022220,3022220,18819193144,林思敏-3060329,3060329,15914408547
3013,广东太古可口可乐有限公司,30130002,粤东,Y05020,汕尾区,0767,汕尾-揭阳,0687,区域-城区,胡向,2507216,13725076877,林静,2507209,18819192355,周浩深-3028032,3028032,18819193181,黄志鹏-3013343,3013343,18819192298
3013,广东太古可口可乐有限公司,30130002,粤东,Y05019,深外区,0787,深外-长安,7524,区域-城区,李慕雁,2506226,13632980132,杨刚,2506233,18819192622,胡宏林,2506574,15807559522,刘勇-3020869,3020869,18819192002
3013,广东太古可口可乐有限公司,30130001,粤西,Y05002,佛山区,0754,佛山-佛山,1170,区域-乡镇,胡维,2508241,13929226672,吴耿宁,2508235,18819160798,杨翔云-2503301,2503301,18819193089,王宏宇-3052687,3052687,18826120721
3013,广东太古可口可乐有限公司,30130002,粤东,Y05009,汕头区,0769,汕头-潮阳,0701,取消线路,黄伟,2506219,13632980128,肖铜金,2508281,18819193054,黄广隆-2509254,2509254,18819193177,吴楚标-2509230,2509230,18819192252
3013,广东太古可口可乐有限公司,30130001,粤西,Y05016,粤西IC,0724,广州-IC,1957,非销售线路,程志明,2501433,18819192255,卜增晓,3056544,18028654240,招玉珊-3031225,3031225,19811980851,罗艳艳-3043399,3043399,18819193392
3013,广东太古可口可乐有限公司,30130002,粤东,Y05013,粤东KA客户群,0795,东莞-重点,1894,KA-CVS,张婧,3037236,18826527352,李连云,2507273,13929226150,刘燕钊-2508238,2508238,18819193068,陈娜丹-3032574,3032574,19811980841
3013,广东太古可口可乐有限公司,30130002,粤东,Y05013,粤东KA客户群,0795,东莞-重点,1897,取消线路,张婧,3037236,18826527352,李连云,2507273,13929226150,刘燕钊-2508238,2508238,18819193068,丁亚俊-3029632,3029632,19811980844
3013,广东太古可口可乐有限公司,30130002,粤东,Y05024,东莞区,0792,东莞-石龙,0355,区域-城区,邱创荣,2506284,13632980303,袁嘉豪,3005745,18819192626,骆建平-2508287,2508287,18819193067,高欢欢-3023971,3023971,18819192074
3013,广东太古可口可乐有限公司,30130001,粤西,Y05023,广新区,0730,广新-荔湾,1426,区域-乡镇,李俊青,2502225,18819192133,吴晓群,2501302,13632119503,李德-3044735,3044735,18819193118,李菊霞-3041930,3041930,18819192846
3013,广东太古可口可乐有限公司,30130001,粤西,Y05003,广外区域,0733,广外-新市,1445,区域-城区,胡铭洋,3019330,18926210250,何成宪,3021860,18826120593,刘石发-3045360,3045360,18819193123,李盛业-3046640,3046640,18819192867
3013,广东太古可口可乐有限公司,30130001,粤西,Y05005,韶清区域,0776,韶清-清远,1630,区域-城区,杨海,2505227,13826390599,蔡旭钟,3008626,18819192122,张海权-2502234,2502234,18819193152,蓝必腾-2501393,2501393,19811980857
3013,广东太古可口可乐有限公司,30130002,粤东,Y05018,粤东IC事业部,0751,深圳-IC,4512,开发员,陈建军,2503226,13632981094,刘俊宏,2506227,18819192599,钟俊杰,3029580,17688463976,林康-3044050,3044050,15220495321
3013,广东太古可口可乐有限公司,30130001,粤西,Y05003,广外区域,0725,广外-白云,1473,区域-城区,胡铭洋,3019330,18926210250,汪成义,2502305,18819193150,邓东-3040342,3040342,18819193406,李泽润-3056542,3056542,18819192804
3013,广东太古可口可乐有限公司,30130001,粤西,Y05001,番顺区,0722,番顺-南沙,1043,区域-城区,邓辉,2504221,13632119746,黄伟乐,2502237,18819192121,钟灼洪-2504328,2504328,18819193121,刘艳华-3048619,3048619,18819192595
3013,广东太古可口可乐有限公司,30130002,粤东,Y05018,粤东IC事业部,0751,深圳-IC,0245,区域-城区,陈建军,2503226,13632981094,刘俊宏,2506227,18819192599,蔡永祥-2506410,2506410,18898813020,陈朝阳-3051542,3051542,18819193026
3013,广东太古可口可乐有限公司,30130002,粤东,Y05019,深外区,0744,深外-龙岗,0170,区域-城区,李慕雁,2506226,13632980132,张益军,2507206,18819192322,许永-2506531,2506531,18819193212,董密琴-3054589,3054589,18819193417
3013,广东太古可口可乐有限公司,30130002,粤东,Y05019,深外区,0749,深外-沙井,0201,区域-乡镇,李慕雁,2506226,13632980132,陈崇清,2508212,18819193062,杨雄财-3025121,3025121,18819193225,林庆-2506472,2506472,18819192408
3013,广东太古可口可乐有限公司,30130002,粤东,Y05006,河梅区,0764,河梅-兴宁,0977,区域-城区,孙泽,2506339,13632980263,陈春发,2509220,18819192511,孙向东-2507211,2507211,18819193141,李静文-3038445,3038445,18826121673
3013,广东太古可口可乐有限公司,30130001,粤西,Y05023,广新区,0721,广新-番禺,1016,开发员,李俊青,2502225,18819192133,李国平,2501549,18819193120,郑超跃-3028168,3028168,18819193116,肖广禺-3059353,3059353,18819192720
3013,广东太古可口可乐有限公司,30130002,粤东,Y05007,惠州区,0784,惠州-惠州,0803,KA-综合,韩鹏程,2506228,13632980173,何国威,2508207,18819192033,吴日坤-2507347,2507347,18819193171,廖炜志-3038815,3038815,18819192247
3013,广东太古可口可乐有限公司,30130002,粤东,Y05006,河梅区,0780,河梅-龙川,0927,区域-城区,孙泽,2506339,13632980263,黄永兴,2507261,18819193048,田俊龙,3027312,18819192088,何健-2507229,2507229,18819192123
3013,广东太古可口可乐有限公司,30130002,粤东,Y05006,河梅区,0779,河梅-河源,0912,区域-乡镇,孙泽,2506339,13632980263,江旭望,3007406,18819193207,邱辉东-2507214,2507214,18819193137,钟建民-3011776,3011776,18819193320
3013,广东太古可口可乐有限公司,30130002,粤东,Y05020,汕尾区,0771,汕尾-普宁,0794,区域-城区,胡向,2507216,13725076877,谢海波,2506338,18819193439,方潮伟-3017883,3017883,18819193184,陈瑞钢-3013198,3013198,18819192327
3013,广东太古可口可乐有限公司,30130002,粤东,Y05019,深外区,0744,深外-龙岗,0164,区域-城区,李慕雁,2506226,13632980132,张益军,2507206,18819192322,许永-2506531,2506531,18819193212,罗华-3006153,3006153,18819192405
3013,广东太古可口可乐有限公司,30130002,粤东,Y05019,深外区,0740,深外-宝龙,0134,区域-城区,李慕雁,2506226,13632980132,朱志强,3010558,18819193170,华志林-2506532,2506532,18819193204,蔡思-3055867,3055867,18819192373
3013,广东太古可口可乐有限公司,30130002,粤东,Y05024,东莞区,0817,东莞-南城,0316,区域-城区,邱创荣,2506284,13632980303,韩荣艺,2506385,18819192688,李军军,2508426,18819192177,刘芳-3022622,3022622,18819192089
3013,广东太古可口可乐有限公司,30130001,粤西,Y05023,广新区,0730,广新-荔湾,1425,区域-乡镇,李俊青,2502225,18819192133,吴晓群,2501302,13632119503,李德-3044735,3044735,18819193118,何文超-3034239,3034239,18819192842
3013,广东太古可口可乐有限公司,30130002,粤东,Y05009,汕头区,0815,汕头-澄海,0603,区域-城区,黄伟,2506219,13632980128,卢响锡,2509338,18819193163,苏尝胆-3003336,3003336,18819193360,林业鑫-3003348,3003348,18819192337
3013,广东太古可口可乐有限公司,30130002,粤东,Y05010,深中区,0747,深中-南山,0070,区域-城区,蔡志伟,2507286,13725076841,丁学高,2506269,18819193370,林朝泰-2506403,2506403,18819193238,邓洪全-3042361,3042361,18819192529
3013,广东太古可口可乐有限公司,30130001,粤西,Y05015,广中区域,0737,广中-新塘,1659,区域-乡镇,刘佳晓,2501281,13632119761,李洋,3008791,18819192788,邹国军-2501268,2501268,18819193154,郑军-2501672,2501672,18819192934
3013,广东太古可口可乐有限公司,30130001,粤西,Y05003,广外区域,0733,广外-新市,1440,区域-城区,胡铭洋,3019330,18926210250,何成宪,3021860,18826120593,刘石发-3045360,3045360,18819193123,黎继昌-2501296,2501296,18819193408
3041,广东太古可口可乐湛江有限公司,30410001,湛江(BU),Y10006,重点客户部,2006,IC营业部,1009,IC-餐饮,陈滨,2810313,18320364193,余欣,2810121,18826113505,李静,2810195,18826113859,王飞风,2810451,18826113850
3041,广东太古可口可乐湛江有限公司,30410001,湛江(BU),Y10002,茂名大区,2013,化州营业所,1606,区域-乡镇,徐锐,2810099,18820665257,王鹏韬,2810450,13590003905,董林丰,2810063,18826113573,黄能权,3020539,18826113569
3041,广东太古可口可乐湛江有限公司,30410001,湛江(BU),Y10001,湛江大区,2008,雷州营业所,1354,区域-城区,李鑫元,2810095,13828289042,莫增寿,2810413,18826672301,吴倾,2810087,18826113582,罗小静,3041089,18826113578
3013,广东太古可口可乐有限公司,30130002,粤东,Y05020,汕尾区,0814,汕尾-陆丰,0773,区域-城区,胡向,2507216,13725076877,许高勇,2509302,18819193180,林加暖-3028400,3028400,18819193164,肖伟胜-3056937,3056937,18819210144
3041,广东太古可口可乐湛江有限公司,30410001,湛江(BU),Y10002,茂名大区,2014,高州营业所,1706,电商,徐锐,2810099,18820665257,周家光,3024681,18165803114,林海燕,3033992,18826113815,颜观雄,3042370,18826113808
3013,广东太古可口可乐有限公司,30130001,粤西,Y05014,粤西KA客户群,0758,佛山-重点,1829,KA-综合,刘琪,2500311,13632119698,廖劲刚,2504357,18819192199,吴建祥-2503253,2503253,13434377203,唐红兵-3011859,3011859,19802012116
3013,广东太古可口可乐有限公司,30130002,粤东,Y05024,东莞区,0794,东莞-中堂,0383,区域-乡镇,邱创荣,2506284,13632980303,胡斌,3023627,18819193215,刘世发-2508201,2508201,18819193060,黄奋强-3012580,3012580,18819192105
3013,广东太古可口可乐有限公司,30130002,粤东,Y05024,东莞区,0817,东莞-南城,0314,区域-城区,邱创荣,2506284,13632980303,韩荣艺,2506385,18819192688,李军军,2508426,18819192177,谭伟波-3034486,3034486,18819192080
3013,广东太古可口可乐有限公司,30130002,粤东,Y05010,深中区,0747,深中-南山,0076,IC-综合,蔡志伟,2507286,13725076841,丁学高,2506269,18819193370,陈剑彪,3012496,18819193227,伍权-3038365,3038365,18826121269
3013,广东太古可口可乐有限公司,30130002,粤东,Y05010,深中区,0746,深中-罗湖,0013,KA-综合,蔡志伟,2507286,13725076841,钟陈汉,2506257,18819192228,杨敏健-3030368,3030368,18819193237,向祺?-3059490,3059490,18819192523
3013,广东太古可口可乐有限公司,30130001,粤西,Y05003,广外区域,0804,广外-太和,1485,区域-乡镇,胡铭洋,3019330,18926210250,陈藤云,2502287,18819192533,陈油山-3015809,3015809,18819193098,李志荣-3037871,3037871,18819193465
3013,广东太古可口可乐有限公司,30130002,粤东,Y05019,深外区,0744,深外-龙岗,0169,区域-城区,李慕雁,2506226,13632980132,张益军,2507206,18819192322,徐先明,2506439,18819193059,刘月娣-3018816,3018816,18819192389
3013,广东太古可口可乐有限公司,30130001,粤西,Y05014,粤西KA客户群,0734,广州-重点,1830,KA-CVS,刘琪,2500311,13632119698,何焕勤,2501212,18819192311,赵伟-3010260,3010260,18819193135,韦凤兰-2550114,2550114,19802011305
3013,广东太古可口可乐有限公司,30130002,粤东,Y05009,汕头区,0769,汕头-潮阳,0705,区域-乡镇,黄伟,2506219,13632980128,肖铜金,2508281,18819193054,李伟喜-2509285,2509285,18819193176,郑杨-2509318,2509318,18819192257
3013,广东太古可口可乐有限公司,30130002,粤东,Y05006,河梅区,0764,河梅-兴宁,0973,区域-城区,孙泽,2506339,13632980263,陈春发,2509220,18819192511,孙向东-2507211,2507211,18819193141,谢雄英-3039944,3039944,18819193297
3041,广东太古可口可乐湛江有限公司,30410001,湛江(BU),Y10002,茂名大区,2014,高州营业所,1700,区域-乡镇,徐锐,2810099,18820665257,周家光,3024681,18165803114,林海燕,3033992,18826113815,黎检成,3056387,18826113810
3013,广东太古可口可乐有限公司,30130002,粤东,Y05009,汕头区,0815,汕头-澄海,0607,区域-乡镇,黄伟,2506219,13632980128,卢响锡,2509338,18819193163,苏尝胆-3003336,3003336,18819193360,吴少国-3040415,3040415,18819192331
3013,广东太古可口可乐有限公司,30130002,粤东,Y05019,深外区,0744,深外-龙岗,0162,区域-城区,李慕雁,2506226,13632980132,张益军,2507206,18819192322,许永-2506531,2506531,18819193212,陈其带-2506329,2506329,18819192403
3013,广东太古可口可乐有限公司,30130002,粤东,Y05006,河梅区,0763,河梅-梅州,0947,公共线路,孙泽,2506339,13632980263,陈仕立,2506481,18819193389,谢新东-2507245,2507245,18819193140,黄国荣-2507210,2507210,18819192139
3013,广东太古可口可乐有限公司,30130002,粤东,Y05010,深中区,0745,深中-龙华,0153,KA-MT,蔡志伟,2507286,13725076841,杨汉仲,2500804,13632981026,胡撒-2506404,2506404,18819193318,郭荣坚-3032603,3032603,18819192503
3013,广东太古可口可乐有限公司,30130002,粤东,Y05019,深外区,0744,深外-龙岗,0175,区域-乡镇,李慕雁,2506226,13632980132,张益军,2507206,18819192322,洪小梅-2506270,2506270,18819193209,纪晓军-3038827,3038827,18826122656
3013,广东太古可口可乐有限公司,30130001,粤西,Y05023,广新区,0727,广新-海珠,1418,区域-城区,李俊青,2502225,18819192133,梁文州,2501253,18819192188,刘伟健-3020319,3020319,18802080674,黎伟坚-2501251,2501251,18826120386
3041,广东太古可口可乐湛江有限公司,30410001,湛江(BU),Y10002,茂名大区,2014,高州营业所,1660,区域-乡镇,徐锐,2810099,18820665257,周家光,3024681,18165803114,邹艳玲,2810157,18826113557,张文敏,2810210,18826113836
3013,广东太古可口可乐有限公司,30130002,粤东,Y05024,东莞区,0788,东莞-常平,7520,区域-城区,邱创荣,2506284,13632980303,邓富斌,2507203,18819192323,罗德帅-2507240,2507240,18819192500,刘锐钦-3035788,3035788,18819210149
3013,广东太古可口可乐有限公司,30130001,粤西,Y05014,粤西KA客户群,3251,粤西餐饮事业部,1509,IC-餐饮,刘琪,2500311,13632119698,陈小莉,2500502,13632119123,张肖-2501341,2501341,18819193023,梁光耀-3053353,3053353,18819193415
3041,广东太古可口可乐湛江有限公司,30410001,湛江(BU),Y10001,湛江大区,2011,遂溪营业所,1513,区域-乡镇,李鑫元,2810095,13828289042,黄炳炜,2810020,13828208148,林琳,3027713,18826113681,梁敏华,3059720,18826113669
3013,广东太古可口可乐有限公司,30130002,粤东,Y05019,深外区,0744,深外-龙岗,7165,区域-城区,李慕雁,2506226,13632980132,张益军,2507206,18819192322,洪小梅-2506270,2506270,18819193209,刘明发-3014370,3014370,18819192406
3013,广东太古可口可乐有限公司,30130001,粤西,Y05015,广中区域,0732,广中-天河,1349,区域-城区,刘佳晓,2501281,13632119761,陈濠明,2504363,18819193075,陈浩铭-3006774,3006774,18819192799,黄世美-2550087,2550087,18819192776
3013,广东太古可口可乐有限公司,30130001,粤西,Y05016,粤西IC,0724,广州-IC,1959,储备业代,程志明,2501433,18819192255,卜增晓,3056544,18028654240,王颖斯-3015740,3015740,13580380674,李锐锋-3039946,3039946,19811980863
3013,广东太古可口可乐有限公司,30130002,粤东,Y05010,深中区,0745,深中-龙华,0147,KA-MT,蔡志伟,2507286,13725076841,杨汉仲,2500804,13632981026,黄亿锐-3035698,3035698,18819193226,胡武鹏-3018215,3018215,18819192498
3013,广东太古可口可乐有限公司,30130002,粤东,Y05024,东莞区,0792,东莞-石龙,0358,区域-城区,邱创荣,2506284,13632980303,袁嘉豪,3005745,18819192626,周芳娟-3030930,3030930,18826120015,黄芝勇-2508240,2508240,18819192067
3041,广东太古可口可乐湛江有限公司,30410001,湛江(BU),Y10002,茂名大区,2014,高州营业所,1657,区域-乡镇,徐锐,2810099,18820665257,周家光,3024681,18165803114,邹艳玲,2810157,18826113557,邹宏谋,2810085,18826113552
3013,广东太古可口可乐有限公司,30130001,粤西,Y05023,广新区,0727,广新-海珠,1392,区域-城区,李俊青,2502225,18819192133,梁文州,2501253,18819192188,徐恒-3013875,3013875,18819193312,简广强-2501286,2501286,18819192726
3013,广东太古可口可乐有限公司,30130001,粤西,Y05001,番顺区,0761,番顺-龙江,1116,IC-餐饮,邓辉,2504221,13632119746,罗添平,2505203,18819192525,陈秀斌-3038665,3038665,18819193071,洪有健-3046318,3046318,18819192589
3013,广东太古可口可乐有限公司,30130002,粤东,Y05024,东莞区,0792,东莞-石龙,0356,区域-乡镇,邱创荣,2506284,13632980303,袁嘉豪,3005745,18819192626,周芳娟-3030930,3030930,18826120015,程文珊-3013617,3013617,18819192064
3013,广东太古可口可乐有限公司,30130001,粤西,Y05003,广外区域,3226,广外-人和,1487,区域-乡镇,胡铭洋,3019330,18926210250,温焕星,3024275,18819193082,陈国华-2501318,2501318,18826121808,黎耀壕-3059757,3059757,18826120872
3013,广东太古可口可乐有限公司,30130001,粤西,Y05023,广新区,0721,广新-番禺,1008,电商,李俊青,2502225,18819192133,李国平,2501549,18819193120,郑超跃-3028168,3028168,18819193116,汪忠庆-2504251,2504251,18826120184
3013,广东太古可口可乐有限公司,30130002,粤东,Y05019,深外区,0753,深外-塘厦,7550,区域-城区,李慕雁,2506226,13632980132,杨志威,2508259,18819192611,蒲俊杰-2506486,2506486,18826120083,关雪毅-3055255,3055255,18898813018
3013,广东太古可口可乐有限公司,30130002,粤东,Y05007,惠州区,3205,惠州-仲恺,0564,区域-乡镇,韩鹏程,2506228,13632980173,罗搏,3013429,18819193246,李日进,2506348,18819193218,刘香梅-3039694,3039694,18819192432
3041,广东太古可口可乐湛江有限公司,30410001,湛江(BU),Y10001,湛江大区,2007,吴川营业所,1305,区域-城区,李鑫元,2810095,13828289042,黄宇文,2810288,15976574920,吴春桦,2810117,18826113690,陈琳,2810047,18826113685
3013,广东太古可口可乐有限公司,30130002,粤东,Y05024,东莞区,0791,东莞-虎门,7427,区域-城区,邱创荣,2506284,13632980303,陈振兴,3016617,18819193168,徐日年-2508255,2508255,18819193056,杨光红-3059217,3059217,18819192046
3013,广东太古可口可乐有限公司,30130002,粤东,Y05019,深外区,0743,深外-公明,0104,区域-城区,李慕雁,2506226,13632980132,杨奕鹏,2506325,18819193382,刘强-2506521,2506521,18826120187,龙勇群-2506302,2506302,18819192376
3013,广东太古可口可乐有限公司,30130002,粤东,Y05007,惠州区,0783,惠州-惠阳,0845,FSV,韩鹏程,2506228,13632980173,蚁嘉斯,2509300,18819193190,卓伟胜-3025517,3025517,18819193173,冯敏-3039993,3039993,18819192218
3013,广东太古可口可乐有限公司,30130002,粤东,Y05009,汕头区,0815,汕头-澄海,0609,取消线路,黄伟,2506219,13632980128,卢响锡,2509338,18819193163,王茂生-3007097,3007097,18826120037,林秀君-3031846,3031846,18819192332
3013,广东太古可口可乐有限公司,30130002,粤东,Y05018,粤东IC事业部,0751,深圳-IC,0230,区域-城区,陈建军,2503226,13632981094,刘俊宏,2506227,18819192599,蔡永祥-2506410,2506410,18898813020,程梦华-3042576,3042576,18898813015
3013,广东太古可口可乐有限公司,30130001,粤西,Y05003,广外区域,0736,广外-花都,1567,FSV,胡铭洋,3019330,18926210250,黄永腾,2501215,18819192233,李俊鹏-2503205,2503205,18819193464,陶介发-3048291,3048291,18826120084
3013,广东太古可口可乐有限公司,30130001,粤西,Y05023,广新区,0730,广新-荔湾,1435,开发员,李俊青,2502225,18819192133,吴晓群,2501302,13632119503,李德-3044735,3044735,18819193118,林爱艳-3044793,3044793,18826120095
3013,广东太古可口可乐有限公司,30130002,粤东,Y05024,东莞区,0817,东莞-南城,7312,区域-城区,邱创荣,2506284,13632980303,韩荣艺,2506385,18819192688,李军军,2508426,18819192177,温国锋-2301941,2301941,18819192079
3013,广东太古可口可乐有限公司,30130001,粤西,Y05002,佛山区,0805,佛山-芳村,1499,区域-城区,胡维,2508241,13929226672,胡大勇,2400167,18826120270,郑琦-3035151,3035151,18819193119,何志玲-2550215,2550215,18819192839
3013,广东太古可口可乐有限公司,30130001,粤西,Y05005,韶清区域,0777,韶清-连州,1765,区域-城区,杨海,2505227,13826390599,张国平,2501332,18819192211,潘文杰-2505237,2505237,18819193194,张燕-3029794,3029794,18819192958
3013,广东太古可口可乐有限公司,30130001,粤西,Y05014,粤西KA客户群,0734,广州-重点,1516,销售主管-挂客户,刘琪,2500311,13632119698,何焕勤,2501212,18819192311,邓礼就-2504252,2504252,18819193134,段旭乐-3019306,3019306,18819193020
3013,广东太古可口可乐有限公司,30130002,粤东,Y05020,汕尾区,0767,汕尾-揭阳,0688,区域-城区,胡向,2507216,13725076877,林静,2507209,18819192355,周浩深-3028032,3028032,18819193181,吴喜双-3036939,3036939,18819192301
3013,广东太古可口可乐有限公司,30130002,粤东,Y05013,粤东KA客户群,0750,深圳-重点,1863,KA-CVS,张婧,3037236,18826527352,林晓伟,2508278,18819192722,张双平-2506487,2506487,18819193242,张丽娟-2550669,2550669,18819192556
3013,广东太古可口可乐有限公司,30130002,粤东,Y05024,东莞区,0791,东莞-虎门,7434,区域-城区,邱创荣,2506284,13632980303,陈振兴,3016617,18819193168,徐日年-2508255,2508255,18819193056,胡茜茜-3003649,3003649,18819192051
3013,广东太古可口可乐有限公司,30130001,粤西,Y05015,广中区域,0732,广中-天河,1326,区域-城区,刘佳晓,2501281,13632119761,陈濠明,2504363,18819193075,麦新林-2504234,2504234,18819193108,温威林-3006336,3006336,18819192767
3013,广东太古可口可乐有限公司,30130001,粤西,Y05015,广中区域,0728,广中-黄埔,1328,区域-城区,刘佳晓,2501281,13632119761,陈柯维,3034890,18819193095,黄茂坚-2501313,2501313,18819193103,计海峰-3003217,3003217,18819192757
3013,广东太古可口可乐有限公司,30130002,粤东,Y05024,东莞区,3236,东莞-寮步,0320,区域-乡镇,邱创荣,2506284,13632980303,胡琳,2508225,18819192020,周芳艳-3015026,3015026,18819193050,徐钊锋-2508244,2508244,18819192093
3013,广东太古可口可乐有限公司,30130002,粤东,Y05020,汕尾区,0770,汕尾-海丰,0776,区域-城区,胡向,2507216,13725076877,邢庆,2509326,18819193187,詹响俊-2509210,2509210,18819193162,张海层-2509266,2509266,18819193245
3013,广东太古可口可乐有限公司,30130002,粤东,Y05006,河梅区,0764,河梅-兴宁,0966,区域-城区,孙泽,2506339,13632980263,陈春发,2509220,18819192511,孙向东-2507211,2507211,18819193141,易利利-2507232,2507232,18819192150
3041,广东太古可口可乐湛江有限公司,30410001,湛江(BU),Y10006,重点客户部,2006,IC营业部,1120,公共线路,陈滨,2810313,18320364193,余欣,2810121,18826113505,李静,2810195,18826113859,陈霞明,2810032,18826113889
3013,广东太古可口可乐有限公司,30130002,粤东,Y05007,惠州区,3205,惠州-仲恺,0361,区域-城区,韩鹏程,2506228,13632980173,罗搏,3013429,18819193246,刁展南,2507302,18819192011,胡江平-3044261,3044261,18819192075
3013,广东太古可口可乐有限公司,30130002,粤东,Y05010,深中区,0742,深中-福田,0050,区域-城区,蔡志伟,2507286,13725076841,黄锦聪,2508277,18819193380,杨桥-3003103,3003103,18819193230,张思程-3037930,3037930,18819192483
3013,广东太古可口可乐有限公司,30130002,粤东,Y05020,汕尾区,0767,汕尾-揭阳,0686,区域-城区,胡向,2507216,13725076877,林静,2507209,18819192355,周浩深-3028032,3028032,18819193181,王洵楠-3054676,3054676,18819192297
3013,广东太古可口可乐有限公司,30130002,粤东,Y05009,汕头区,0768,汕头-汕头,0643,区域-城区,黄伟,2506219,13632980128,肖海洲,2509354,18819193148,陈锦宏-2509273,2509273,18819192982,鄞海波-3031813,3031813,18819192276
3013,广东太古可口可乐有限公司,30130001,粤西,Y05002,佛山区,0754,佛山-佛山,1158,IC-餐饮,胡维,2508241,13929226672,吴耿宁,2508235,18819160798,林灼成-2503345,2503345,18819192630,林德坚-3024626,3024626,18819192646
3013,广东太古可口可乐有限公司,30130001,粤西,Y05014,粤西KA客户群,0734,广州-重点,1815,区域-乡镇,刘琪,2500311,13632119698,何焕勤,2501212,18819192311,邓礼就-2504252,2504252,18819193134,陈志雄-2550079,2550079,19802011380
3013,广东太古可口可乐有限公司,30130001,粤西,Y05023,广新区,0727,广新-海珠,1412,区域-乡镇,李俊青,2502225,18819192133,梁文州,2501253,18819192188,徐恒-3013875,3013875,18819193312,吴文泰-2501434,2501434,18819192729
3013,广东太古可口可乐有限公司,30130001,粤西,Y05023,广新区,0812,广新-大学城,1398,区域-城区,李俊青,2502225,18819192133,余新勇,2504217,18819192200,吴迪斯-3006054,3006054,18826121176,谭志军-3030729,3030729,18826120204
3013,广东太古可口可乐有限公司,30130002,粤东,Y05007,惠州区,0781,惠州-博龙,0890,KA-综合,韩鹏程,2506228,13632980173,谭力乐,2507297,18819192066,王凯宇-3004526,3004526,18819193160,张丽君-3020845,3020845,18819192169
3013,广东太古可口可乐有限公司,30130001,粤西,Y05023,广新区,0723,广新-新龙,1033,区域-乡镇,李俊青,2502225,18819192133,梁鸿锦,2504228,18819192566,林必青-2504263,2504263,18826120613,周少琼-3039155,3039155,18819193442
3013,广东太古可口可乐有限公司,30130001,粤西,Y05003,广外区域,0725,广外-白云,1377,区域-城区,胡铭洋,3019330,18926210250,汪成义,2502305,18819193150,焦国武-3036634,3036634,18819192655,何林-3055853,3055853,18819192834
3041,广东太古可口可乐湛江有限公司,30410001,湛江(BU),Y10001,湛江大区,2007,吴川营业所,1304,区域-城区,李鑫元,2810095,13828289042,黄宇文,2810288,15976574920,张杰森,2810337,18826113802,刘春健,2810426,18826113691
3013,广东太古可口可乐有限公司,30130002,粤东,Y05007,惠州区,0784,惠州-惠州,0809,取消线路,韩鹏程,2506228,13632980173,何国威,2508207,18819192033,刘剑锋-2507349,2507349,19802011262,陈玉连-3019436,3019436,18819192251
3013,广东太古可口可乐有限公司,30130002,粤东,Y05007,惠州区,0781,惠州-博龙,0885,社区电商,韩鹏程,2506228,13632980173,谭力乐,2507297,18819192066,黄永雄-2506317,2506317,18826120680,卢群弟-3019992,3019992,18819192164
3013,广东太古可口可乐有限公司,30130001,粤西,Y05002,佛山区,0757,佛山-南海,1199,区域-城区,胡维,2508241,13929226672,郎春玲,3005684,19811980830,钟林辉-2503232,2503232,18819193087,唐志旭-2503317,2503317,18819192680
3013,广东太古可口可乐有限公司,30130002,粤东,Y05024,东莞区,0791,东莞-虎门,0426,区域-乡镇,邱创荣,2506284,13632980303,陈振兴,3016617,18819193168,徐日年-2508255,2508255,18819193056,蒋孝冬-2508347,2508347,18819192045
3013,广东太古可口可乐有限公司,30130001,粤西,Y05015,广中区域,0738,广中-增城,1675,区域-城区,刘佳晓,2501281,13632119761,江汉民,3007645,18819193106,蔡夏骥-3015057,3015057,18819193157,张钰城-3055808,3055808,18819192946
3013,广东太古可口可乐有限公司,30130002,粤东,Y05010,深中区,0745,深中-龙华,7151,区域-城区,蔡志伟,2507286,13725076841,杨汉仲,2500804,13632981026,王远伟,2506304,18819193234,黄培琴-3048491,3048491,18819192495
3041,广东太古可口可乐湛江有限公司,30410001,湛江(BU),Y10001,湛江大区,2009,徐闻营业所,1400,区域-乡镇,李鑫元,2810095,13828289042,叶王达,2810126,13828289705,刘金铖,2810092,18826113820,吴宏静,3043666,18826113935
3013,广东太古可口可乐有限公司,30130001,粤西,Y05014,粤西KA客户群,3251,粤西餐饮事业部,1523,区域-城区,刘琪,2500311,13632119698,陈小莉,2500502,13632119123,张肖-2501341,2501341,18819193023,侯树文-2501249,2501249,19802012060
3013,广东太古可口可乐有限公司,30130002,粤东,Y05010,深中区,0747,深中-南山,7067,区域-城区,蔡志伟,2507286,13725076841,丁学高,2506269,18819193370,陈剑彪,3012496,18819193227,陈伟茂-2506590,2506590,18819192536
3013,广东太古可口可乐有限公司,30130002,粤东,Y05010,深中区,0745,深中-龙华,7108,区域-城区,蔡志伟,2507286,13725076841,杨汉仲,2500804,13632981026,王远伟,2506304,18819193234,林伟新-3033098,3033098,18819192379
3013,广东太古可口可乐有限公司,30130001,粤西,Y05015,广中区域,0735,广中-从化,1603,区域-城区,刘佳晓,2501281,13632119761,王如泉,3003419,18819193110,骆惠贤-3054673,3054673,18819192884,周惠平-2502314,2502314,18819192872
3013,广东太古可口可乐有限公司,30130001,粤西,Y05003,广外区域,0725,广外-白云,1359,区域-乡镇,胡铭洋,3019330,18926210250,汪成义,2502305,18819193150,焦国武-3036634,3036634,18819192655,李文杰-3054167,3054167,19802012058
3013,广东太古可口可乐有限公司,30130002,粤东,Y05007,惠州区,0783,惠州-惠阳,0859,区域-城区,韩鹏程,2506228,13632980173,蚁嘉斯,2509300,18819193190,卓伟胜-3025517,3025517,18819193173,周艳芳-3041740,3041740,18826122056
3013,广东太古可口可乐有限公司,30130002,粤东,Y05019,深外区,0744,深外-龙岗,0173,区域-城区,李慕雁,2506226,13632980132,张益军,2507206,18819192322,徐先明,2506439,18819193059,黄鸿-3057091,3057091,18819192392
3013,广东太古可口可乐有限公司,30130002,粤东,Y05018,粤东IC事业部,0751,深圳-IC,0223,电商,陈建军,2503226,13632981094,刘俊宏,2506227,18819192599,岑启斌,2506249,13809859732,谢丽卿-3021380,3021380,13692149016
3013,广东太古可口可乐有限公司,30130002,粤东,Y05019,深外区,0740,深外-宝龙,0158,IC-综合,李慕雁,2506226,13632980132,朱志强,3010558,18819193170,华志林-2506532,2506532,18819193204,彭锦-3059495,3059495,18826120860
3013,广东太古可口可乐有限公司,30130001,粤西,Y05016,粤西IC,0724,广州-IC,1504,区域-乡镇,程志明,2501433,18819192255,卜增晓,3056544,18028654240,陈媚秀-3010740,3010740,18825044485,袁海武-2501245,2501245,18819193008
3041,广东太古可口可乐湛江有限公司,30410001,湛江(BU),Y10002,茂名大区,2013,化州营业所,1604,区域-城区,徐锐,2810099,18820665257,王鹏韬,2810450,13590003905,谢敬钧,3023008,18826113565,吴盛初,3046199,18826113561
3041,广东太古可口可乐湛江有限公司,30410001,湛江(BU),Y10002,茂名大区,2014,高州营业所,1661,区域-乡镇,徐锐,2810099,18820665257,周家光,3024681,18165803114,陈国源,2810257,18826113536,朱晓军,3045794,18826113537
3013,广东太古可口可乐有限公司,30130002,粤东,Y05024,东莞区,0794,东莞-中堂,0395,区域-乡镇,邱创荣,2506284,13632980303,胡斌,3023627,18819193215,刘世发-2508201,2508201,18819193060,王海涛-3014788,3014788,18819192108
3013,广东太古可口可乐有限公司,30130001,粤西,Y05002,佛山区,0759,佛山-三水,1263,取消线路,胡维,2508241,13929226672,边忠明,2550443,18819192388,莫火养-2508254,2508254,18819193080,魏亚静-3017633,3017633,18819192697
3013,广东太古可口可乐有限公司,30130001,粤西,Y05002,佛山区,0759,佛山-三水,1238,区域-乡镇,胡维,2508241,13929226672,边忠明,2550443,18819192388,伍文杰-3048767,3048767,18819192291,黄萌-3040157,3040157,18819192669
3013,广东太古可口可乐有限公司,30130002,粤东,Y05019,深外区,0787,深外-长安,7521,区域-城区,李慕雁,2506226,13632980132,杨刚,2506233,18819192622,胡宏林,2506574,15807559522,胡纤纤-3009877,3009877,18819192001
3041,广东太古可口可乐湛江有限公司,30410001,湛江(BU),Y10002,茂名大区,2013,化州营业所,1601,区域-城区,徐锐,2810099,18820665257,王鹏韬,2810450,13590003905,董林丰,2810063,18826113573,朱群凤,2810340,18826113572
3013,广东太古可口可乐有限公司,30130002,粤东,Y05024,东莞区,0792,东莞-石龙,0343,KA-综合,邱创荣,2506284,13632980303,袁嘉豪,3005745,18819192626,骆建平-2508287,2508287,18819193067,陈伟权-2508236,2508236,18819192056
3013,广东太古可口可乐有限公司,30130002,粤东,Y05007,惠州区,0784,惠州-惠州,0819,区域-乡镇,韩鹏程,2506228,13632980173,何国威,2508207,18819192033,刘剑锋-2507349,2507349,19802011262,曾惠其-3005883,3005883,18826120791
3041,广东太古可口可乐湛江有限公司,30410001,湛江(BU),Y10002,茂名大区,2012,茂名营业所,1554,区域-乡镇,徐锐,2810099,18820665257,廖海梅,2810139,15818936876,杨华丽,2810420,18826113652,刘海娟,2810409,18826113651
3013,广东太古可口可乐有限公司,30130001,粤西,Y05014,粤西KA客户群,0734,广州-重点,1809,区域-乡镇,刘琪,2500311,13632119698,何焕勤,2501212,18819192311,赵伟-3010260,3010260,18819193135,朱小芬-2550303,2550303,18819193046
3013,广东太古可口可乐有限公司,30130001,粤西,Y05005,韶清区域,0776,韶清-清远,1617,FSV,杨海,2505227,13826390599,蔡旭钟,3008626,18819192122,张海权-2502234,2502234,18819193152,郑中艺-2502231,2502231,18819192918
3013,广东太古可口可乐有限公司,30130002,粤东,Y05007,惠州区,3201,惠州-坪山,0190,区域-城区,韩鹏程,2506228,13632980173,符蓉国,2507272,18819192700,蔡伟庆-2506518,2506518,18819193446,何靓-3022297,3022297,18802080941
3013,广东太古可口可乐有限公司,30130001,粤西,Y05015,广中区域,0737,广中-新塘,1663,FSV,刘佳晓,2501281,13632119761,李洋,3008791,18819192788,邹国军-2501268,2501268,18819193154,袁旭-3039047,3039047,18819192937
3013,广东太古可口可乐有限公司,30130002,粤东,Y05007,惠州区,0781,惠州-博龙,0884,区域-乡镇,韩鹏程,2506228,13632980173,谭力乐,2507297,18819192066,黄永雄-2506317,2506317,18826120680,钟玉华-2507291,2507291,18819192163
3013,广东太古可口可乐有限公司,30130002,粤东,Y05019,深外区,0743,深外-公明,7101,区域-城区,李慕雁,2506226,13632980132,杨奕鹏,2506325,18819193382,刘强-2506521,2506521,18826120187,詹雪珍-3057303,3057303,18819192374
3013,广东太古可口可乐有限公司,30130002,粤东,Y05013,粤东KA客户群,0795,东莞-重点,1872,KA-综合,张婧,3037236,18826527352,李连云,2507273,13929226150,刘燕钊-2508238,2508238,18819193068,崔洪才-2508229,2508229,18819192540
3013,广东太古可口可乐有限公司,30130002,粤东,Y05006,河梅区,0763,河梅-梅州,0949,公共线路,孙泽,2506339,13632980263,陈仕立,2506481,18819193389,谢新东-2507245,2507245,18819193140,吴晓苑-3043931,3043931,18819192141
3041,广东太古可口可乐湛江有限公司,30410001,湛江(BU),Y10002,茂名大区,2012,茂名营业所,1550,KA-综合,徐锐,2810099,18820665257,廖海梅,2810139,15818936876,黄靖,3027179,18826113920,张银英,2810483,18826113621
3013,广东太古可口可乐有限公司,30130002,粤东,Y05020,汕尾区,0771,汕尾-普宁,0799,区域-乡镇,胡向,2507216,13725076877,谢海波,2506338,18819193439,方潮伟-3017883,3017883,18819193184,梁培名-3029144,3029144,18819193248
3013,广东太古可口可乐有限公司,30130001,粤西,Y05002,佛山区,0805,佛山-芳村,1192,区域-乡镇,胡维,2508241,13929226672,胡大勇,2400167,18826120270,陈海南-3006097,3006097,18819193202,李浩均-2503278,2503278,18819192682
3013,广东太古可口可乐有限公司,30130001,粤西,Y05015,广中区域,0728,广中-黄埔,1337,区域-乡镇,刘佳晓,2501281,13632119761,陈柯维,3034890,18819193095,詹辉佳-3026350,3026350,18819193101,曹伟康-3048660,3048660,18819192759
3013,广东太古可口可乐有限公司,30130002,粤东,Y05019,深外区,0749,深外-沙井,0079,区域-城区,李慕雁,2506226,13632980132,陈崇清,2508212,18819193062,梁娅-3005892,3005892,18819210736,黄海兰-3021296,3021296,19802012013
3013,广东太古可口可乐有限公司,30130002,粤东,Y05009,汕头区,0765,汕头-潮州,0655,区域-城区,黄伟,2506219,13632980128,刘舜涛,2509241,18819192522,曹小斌-2509275,2509275,18819193178,陈津-3031093,3031093,18819192289
3013,广东太古可口可乐有限公司,30130002,粤东,Y05019,深外区,0753,深外-塘厦,0551,区域-城区,李慕雁,2506226,13632980132,杨志威,2508259,18819192611,陈军-3007950,3007950,18819193217,杨正柱-3048031,3048031,18819192442
3013,广东太古可口可乐有限公司,30130002,粤东,Y05007,惠州区,0784,惠州-惠州,0829,IC-餐饮,韩鹏程,2506228,13632980173,何国威,2508207,18819192033,刘春盛-2507311,2507311,18826120697,邹磊-3044812,3044812,18898813002
3013,广东太古可口可乐有限公司,30130001,粤西,Y05002,佛山区,0757,佛山-南海,1235,区域-乡镇,胡维,2508241,13929226672,郎春玲,3005684,19811980830,蔡冠洪-2521030,2521030,18819193086,何杰-3059999,3059999,18819192676
3013,广东太古可口可乐有限公司,30130001,粤西,Y05014,粤西KA客户群,3251,粤西餐饮事业部,1518,IC-餐饮,刘琪,2500311,13632119698,陈小莉,2500502,13632119123,张肖-2501341,2501341,18819193023,何雄伟-2504209,2504209,18819193024
3013,广东太古可口可乐有限公司,30130002,粤东,Y05009,汕头区,0769,汕头-潮阳,0728,区域-城区,黄伟,2506219,13632980128,肖铜金,2508281,18819193054,黄广隆-2509254,2509254,18819193177,陈海涛-3021770,3021770,18819192256
3013,广东太古可口可乐有限公司,30130001,粤西,Y05001,番顺区,0722,番顺-南沙,1041,区域-乡镇,邓辉,2504221,13632119746,黄伟乐,2502237,18819192121,钟灼洪-2504328,2504328,18819193121,梁柱峰-3046296,3046296,18819192603
3013,广东太古可口可乐有限公司,30130001,粤西,Y05016,粤西IC,3229,佛山IC办事处,1539,IC-综合,程志明,2501433,18819192255,丁立键,3028887,13418012123,张观余-2502255,2502255,18819193339,梁妙玲-2504208,2504208,18898600365
3013,广东太古可口可乐有限公司,30130002,粤东,Y05006,河梅区,0763,河梅-梅州,0941,区域-乡镇,孙泽,2506339,13632980263,陈仕立,2506481,18819193389,肖喜辉-2507213,2507213,18819193139,张享玉-3017629,3017629,18819192132
3013,广东太古可口可乐有限公司,30130002,粤东,Y05020,汕尾区,0771,汕尾-普宁,0798,区域-城区,胡向,2507216,13725076877,谢海波,2506338,18819193439,方潮伟-3017883,3017883,18819193184,刘跃生-3060160,3060160,18819193381
3013,广东太古可口可乐有限公司,30130002,粤东,Y05020,汕尾区,0814,汕尾-陆丰,0742,区域-城区,胡向,2507216,13725076877,许高勇,2509302,18819193180,林加暖-3028400,3028400,18819193164,徐绍伟-3021745,3021745,18819192173
3013,广东太古可口可乐有限公司,30130001,粤西,Y05001,番顺区,0762,番顺-顺德,1093,区域-城区,邓辉,2504221,13632119746,刁顺见,3005451,18819192155,陈锦文-2504307,2504307,18819193078,李保剑-2503228,2503228,18819192619
3013,广东太古可口可乐有限公司,30130001,粤西,Y05005,韶清区域,0776,韶清-清远,1639,区域-城区,杨海,2505227,13826390599,蔡旭钟,3008626,18819192122,黄海敏-2502271,2502271,18898813029,汤敏芳-3024114,3024114,18819192928
3013,广东太古可口可乐有限公司,30130002,粤东,Y05010,深中区,0746,深中-罗湖,7009,区域-城区,蔡志伟,2507286,13725076841,钟陈汉,2506257,18819192228,杨土爱-2506647,2506647,18819193235,彭辉跃-2506222,2506222,18819192513
3013,广东太古可口可乐有限公司,30130001,粤西,Y05003,广外区域,0725,广外-白云,1481,区域-城区,胡铭洋,3019330,18926210250,汪成义,2502305,18819193150,邓东-3040342,3040342,18819193406,袁剑平-3059605,3059605,18819193271
3013,广东太古可口可乐有限公司,30130001,粤西,Y05023,广新区,0721,广新-番禺,1018,区域-乡镇,李俊青,2502225,18819192133,李国平,2501549,18819193120,郑超跃-3028168,3028168,18819193116,孔令楠-3059888,3059888,18819193428
3013,广东太古可口可乐有限公司,30130001,粤西,Y05002,佛山区,0759,佛山-三水,1258,区域-城区,胡维,2508241,13929226672,边忠明,2550443,18819192388,莫火养-2508254,2508254,18819193080,麦嘉辉-3052544,3052544,18819192701
3013,广东太古可口可乐有限公司,30130002,粤东,Y05019,深外区,0744,深外-龙岗,0172,区域-乡镇,李慕雁,2506226,13632980132,张益军,2507206,18819192322,徐先明,2506439,18819193059,廖克敏-3056619,3056619,18819192391
3013,广东太古可口可乐有限公司,30130002,粤东,Y05010,深中区,0746,深中-罗湖,0020,电商,蔡志伟,2507286,13725076841,钟陈汉,2506257,18819192228,杨敏健-3030368,3030368,18819193237,吴纯华-2506312,2506312,18819192509
3013,广东太古可口可乐有限公司,30130002,粤东,Y05007,惠州区,0783,惠州-惠阳,0854,区域-乡镇,韩鹏程,2506228,13632980173,蚁嘉斯,2509300,18819193190,卓伟胜-3025517,3025517,18819193173,邓萍萍-3053405,3053405,18819193454
3013,广东太古可口可乐有限公司,30130002,粤东,Y05019,深外区,0740,深外-宝龙,0140,区域-城区,李慕雁,2506226,13632980132,朱志强,3010558,18819193170,张武策-3006744,3006744,18819193143,罗俊龙-3032264,3032264,18819193441
3013,广东太古可口可乐有限公司,30130001,粤西,Y05023,广新区,0726,广新-东山,1370,区域-城区,李俊青,2502225,18819192133,邬林峰,3023910,13724131216,陈贤鉴-3027666,3027666,18826120676,李文华-3015028,3015028,18819192829
3013,广东太古可口可乐有限公司,30130001,粤西,Y05014,粤西KA客户群,0734,广州-重点,1834,储备业代,刘琪,2500311,13632119698,何焕勤,2501212,18819192311,邓礼就-2504252,2504252,18819193134,刘秋日-3017630,3017630,19802011323
3013,广东太古可口可乐有限公司,30130002,粤东,Y05019,深外区,0740,深外-宝龙,0137,取消线路,李慕雁,2506226,13632980132,朱志强,3010558,18819193170,华志林-2506532,2506532,18819193204,余雪红-3055721,3055721,18819193403
3013,广东太古可口可乐有限公司,30130002,粤东,Y05013,粤东KA客户群,0750,深圳-重点,1887,取消线路,张婧,3037236,18826527352,林晓伟,2508278,18819192722,张双平-2506487,2506487,18819193242,袁爱平-3020620,3020620,19811980832
3013,广东太古可口可乐有限公司,30130002,粤东,Y05007,惠州区,3205,惠州-仲恺,0815,IC-餐饮,韩鹏程,2506228,13632980173,罗搏,3013429,18819193246,潘锡健-2507317,2507317,18819193174,孙丽珍-3028010,3028010,19802011930
3013,广东太古可口可乐有限公司,30130002,粤东,Y05010,深中区,0742,深中-福田,0054,区域-城区,蔡志伟,2507286,13725076841,黄锦聪,2508277,18819193380,杨桥-3003103,3003103,18819193230,陈泽川-3021504,3021504,18819192484
3013,广东太古可口可乐有限公司,30130002,粤东,Y05010,深中区,0746,深中-罗湖,0015,区域-城区,蔡志伟,2507286,13725076841,钟陈汉,2506257,18819192228,王杰-3018528,3018528,18576786816,李娜-3037997,3037997,18819192518
3013,广东太古可口可乐有限公司,30130001,粤西,Y05005,韶清区域,0776,韶清-清远,1633,区域-城区,杨海,2505227,13826390599,蔡旭钟,3008626,18819192122,何金耀-2502286,2502286,18819193151,陈景炎-3020017,3020017,18819192926
3013,广东太古可口可乐有限公司,30130002,粤东,Y05010,深中区,0739,深中-宝安,7092,区域-城区,蔡志伟,2507286,13725076841,刘信亮,2506282,18819193216,李小琴-3030505,3030505,18826120572,韦善康-3034142,3034142,18819192463
3013,广东太古可口可乐有限公司,30130001,粤西,Y05015,广中区域,0738,广中-增城,1676,区域-城区,刘佳晓,2501281,13632119761,江汉民,3007645,18819193106,黄子健-3039629,3039629,18819193158,赵宗英-3017715,3017715,18819192951
3041,广东太古可口可乐湛江有限公司,30410001,湛江(BU),Y10001,湛江大区,2009,徐闻营业所,1401,区域-乡镇,李鑫元,2810095,13828289042,叶王达,2810126,13828289705,刘金铖,2810092,18826113820,陈进军,2810103,18826113818
3013,广东太古可口可乐有限公司,30130002,粤东,Y05019,深外区,0743,深外-公明,7116,区域-城区,李慕雁,2506226,13632980132,杨奕鹏,2506325,18819193382,刘强-2506521,2506521,18826120187,王本雄-3029563,3029563,18826121576
3013,广东太古可口可乐有限公司,30130002,粤东,Y05013,粤东KA客户群,0750,深圳-重点,1856,储备业代,张婧,3037236,18826527352,林晓伟,2508278,18819192722,汤波-2506386,2506386,18826120803,姚旭桂-2506374,2506374,18819192561
3013,广东太古可口可乐有限公司,30130002,粤东,Y05024,东莞区,0817,东莞-南城,7304,区域-城区,邱创荣,2506284,13632980303,韩荣艺,2506385,18819192688,蒙双雄-2506552,2506552,18819193058,吴晓鑫-3015323,3015323,18819192077
3013,广东太古可口可乐有限公司,30130001,粤西,Y05015,广中区域,0732,广中-天河,1360,区域-城区,刘佳晓,2501281,13632119761,陈濠明,2504363,18819193075,吴文强-2501430,2501430,18819192399,郑嘉才-3009043,3009043,18819193426
3013,广东太古可口可乐有限公司,30130002,粤东,Y05024,东莞区,0817,东莞-南城,7303,区域-城区,邱创荣,2506284,13632980303,韩荣艺,2506385,18819192688,蒙双雄-2506552,2506552,18819193058,伍志丰-3034438,3034438,19802031134
3013,广东太古可口可乐有限公司,30130001,粤西,Y05005,韶清区域,0777,韶清-连州,1769,区域-乡镇,杨海,2505227,13826390599,张国平,2501332,18819192211,潘文杰-2505237,2505237,18819193194,欧阳维康-3014022,3014022,18819192961
3013,广东太古可口可乐有限公司,30130002,粤东,Y05020,汕尾区,0770,汕尾-海丰,0755,区域-城区,胡向,2507216,13725076877,邢庆,2509326,18819193187,何良林-3022303,3022303,18819210884,林建场-3023922,3023922,18819192194
3013,广东太古可口可乐有限公司,30130002,粤东,Y05006,河梅区,0779,河梅-河源,0908,区域-城区,孙泽,2506339,13632980263,江旭望,3007406,18819193207,谢丽梅-2507201,2507201,18819193136,黄辉聪-3049872,3049872,18819192113
3013,广东太古可口可乐有限公司,30130002,粤东,Y05007,惠州区,0781,惠州-博龙,0883,社区电商,韩鹏程,2506228,13632980173,谭力乐,2507297,18819192066,黄永雄-2506317,2506317,18826120680,古秋玲-3034783,3034783,18819192162
3041,广东太古可口可乐湛江有限公司,30410001,湛江(BU),Y10001,湛江大区,2010,廉江营业所,1453,IC-餐饮,李鑫元,2810095,13828289042,李汉权,2810472,15016420195,黄才鸿,2810109,18826113616,吴卓琴,2810672,18826113919
3013,广东太古可口可乐有限公司,30130002,粤东,Y05013,粤东KA客户群,3238,粤东餐饮事业部,1910,取消线路,张婧,3037236,18826527352,邱隽逸,2506438,15013880423,薛棚-2550679,2550679,13632980311,赵鸿斌-3039877,3039877,18826121293
3013,广东太古可口可乐有限公司,30130001,粤西,Y05015,广中区域,0728,广中-黄埔,1327,区域-乡镇,刘佳晓,2501281,13632119761,陈柯维,3034890,18819193095,陈梓楠-3047668,3047668,18826121116,王锦芳-3033054,3033054,18819192750
3013,广东太古可口可乐有限公司,30130002,粤东,Y05010,深中区,0747,深中-南山,0072,区域-城区,蔡志伟,2507286,13725076841,丁学高,2506269,18819193370,林朝泰-2506403,2506403,18819193238,刘飞祥-2506267,2506267,18819192531
3013,广东太古可口可乐有限公司,30130001,粤西,Y05001,番顺区,0762,番顺-顺德,1092,区域-城区,邓辉,2504221,13632119746,刁顺见,3005451,18819192155,陈锦文-2504307,2504307,18819193078,何响荣-2504297,2504297,18819192618
3013,广东太古可口可乐有限公司,30130001,粤西,Y05002,佛山区,0759,佛山-三水,1262,区域-乡镇,胡维,2508241,13929226672,边忠明,2550443,18819192388,伍文杰-3048767,3048767,18819192291,许雅良-3040275,3040275,18819192704
3013,广东太古可口可乐有限公司,30130002,粤东,Y05010,深中区,0742,深中-福田,0043,区域-城区,蔡志伟,2507286,13725076841,黄锦聪,2508277,18819193380,姚威-3016261,3016261,18819193206,杨金秦-3005048,3005048,18819192481
3041,广东太古可口可乐湛江有限公司,30410001,湛江(BU),Y10002,茂名大区,2012,茂名营业所,1558,大桶水,徐锐,2810099,18820665257,廖海梅,2810139,15818936876,黄靖,3027179,18826113920,林富恒,2810069,18826113626
3013,广东太古可口可乐有限公司,30130001,粤西,Y05005,韶清区域,0776,韶清-清远,1620,FSV,杨海,2505227,13826390599,蔡旭钟,3008626,18819192122,张海权-2502234,2502234,18819193152,梁嘉宜-3015852,3015852,18819193291
3013,广东太古可口可乐有限公司,30130001,粤西,Y05001,番顺区,0799,番顺-西樵,1214,区域-城区,邓辉,2504221,13632119746,严健宏,3008635,18819193091,黄健恩-3016981,3016981,18826120607,冯培珍-3050678,3050678,18819192652
3013,广东太古可口可乐有限公司,30130001,粤西,Y05002,佛山区,0759,佛山-三水,1261,IC-餐饮,胡维,2508241,13929226672,边忠明,2550443,18819192388,伍文杰-3048767,3048767,18819192291,邓应坚-3006115,3006115,18819192696
3013,广东太古可口可乐有限公司,30130002,粤东,Y05020,汕尾区,0771,汕尾-普宁,0795,区域-乡镇,胡向,2507216,13725076877,谢海波,2506338,18819193439,方潮伟-3017883,3017883,18819193184,林英娟-3054862,3054862,18819192328
3013,广东太古可口可乐有限公司,30130001,粤西,Y05015,广中区域,0737,广中-新塘,1658,区域-乡镇,刘佳晓,2501281,13632119761,李洋,3008791,18819192788,邹国军-2501268,2501268,18819193154,卢江-3018515,3018515,18819192932
3013,广东太古可口可乐有限公司,30130002,粤东,Y05024,东莞区,0791,东莞-虎门,7424,区域-城区,邱创荣,2506284,13632980303,陈振兴,3016617,18819193168,李家祥-3023448,3023448,18819193052,蒋孝平-2508390,2508390,18819192050
3013,广东太古可口可乐有限公司,30130002,粤东,Y05010,深中区,0746,深中-罗湖,7005,区域-城区,蔡志伟,2507286,13725076841,钟陈汉,2506257,18819192228,杨土爱-2506647,2506647,18819193235,周浩艳-3056909,3056909,18819192512
3013,广东太古可口可乐有限公司,30130001,粤西,Y05002,佛山区,0757,佛山-南海,1205,区域-乡镇,胡维,2508241,13929226672,郎春玲,3005684,19811980830,胡海强-2503277,2503277,18819193085,梁攀攀-3043924,3043924,18819192686
3013,广东太古可口可乐有限公司,30130002,粤东,Y05013,粤东KA客户群,0750,深圳-重点,1860,KA-MT,张婧,3037236,18826527352,林晓伟,2508278,18819192722,汤波-2506386,2506386,18826120803,利镇鸿-2550316,2550316,18819192550
3013,广东太古可口可乐有限公司,30130002,粤东,Y05020,汕尾区,0771,汕尾-普宁,0735,区域-乡镇,胡向,2507216,13725076877,谢海波,2506338,18819193439,蔡元镇-3046303,3046303,18826120523,陈建伟-2509261,2509261,18826120778
3013,广东太古可口可乐有限公司,30130002,粤东,Y05024,东莞区,0791,东莞-虎门,0406,区域-城区,邱创荣,2506284,13632980303,陈振兴,3016617,18819193168,李家祥-3023448,3023448,18819193052,黄治豪-3055753,3055753,18819192049
3013,广东太古可口可乐有限公司,30130002,粤东,Y05007,惠州区,0784,惠州-惠州,0805,区域-城区,韩鹏程,2506228,13632980173,何国威,2508207,18819192033,刘春盛-2507311,2507311,18826120697,张旭娜-3048714,3048714,18819192249
3013,广东太古可口可乐有限公司,30130002,粤东,Y05020,汕尾区,0767,汕尾-揭阳,0692,区域-城区,胡向,2507216,13725076877,林静,2507209,18819192355,郑棉旭-2506276,2506276,18819193182,陈贤龙-2509405,2509405,18819192308
3041,广东太古可口可乐湛江有限公司,30410001,湛江(BU),Y10002,茂名大区,2012,茂名营业所,1552,区域-城区DSD,徐锐,2810099,18820665257,廖海梅,2810139,15818936876,徐旦明,2810453,18826113635,吴晓云,3027365,18826113921
3013,广东太古可口可乐有限公司,30130002,粤东,Y05009,汕头区,0765,汕头-潮州,0656,区域-乡镇,黄伟,2506219,13632980128,刘舜涛,2509241,18819192522,谢宏立,3024388,18826120139,程林华-3023883,3023883,18819192290
3013,广东太古可口可乐有限公司,30130002,粤东,Y05013,粤东KA客户群,3238,粤东餐饮事业部,1912,IC-餐饮,张婧,3037236,18826527352,邱隽逸,2506438,15013880423,薛棚-2550679,2550679,13632980311,李媛婷-3032546,3032546,18819192562
3013,广东太古可口可乐有限公司,30130001,粤西,Y05001,番顺区,0762,番顺-顺德,1086,区域-城区,邓辉,2504221,13632119746,刁顺见,3005451,18819192155,周锡源-2502201,2502201,18819193076,曾志祥-2504226,2504226,18819192624
3013,广东太古可口可乐有限公司,30130002,粤东,Y05024,东莞区,0791,东莞-虎门,0430,区域-城区,邱创荣,2506284,13632980303,陈振兴,3016617,18819193168,李家祥-3023448,3023448,18819193052,黄河-2508433,2508433,18802081064
3013,广东太古可口可乐有限公司,30130001,粤西,Y05003,广外区域,0804,广外-太和,1483,区域-乡镇,胡铭洋,3019330,18926210250,陈藤云,2502287,18819192533,熊盛开-2501541,2501541,18819193097,张晓娟-3060096,3060096,18819193364
3013,广东太古可口可乐有限公司,30130001,粤西,Y05005,韶清区域,0773,韶清-韶关,1709,区域-城区,杨海,2505227,13826390599,陈博,2505289,18819193196,林庭俊-2526490,2526490,18819193195,张捷-3044956,3044956,18819192970
3013,广东太古可口可乐有限公司,30130001,粤西,Y05015,广中区域,0732,广中-天河,1343,区域-乡镇,刘佳晓,2501281,13632119761,陈濠明,2504363,18819193075,麦新林-2504234,2504234,18819193108,潘赖坤-3056674,3056674,18826120269
3041,广东太古可口可乐湛江有限公司,30410001,湛江(BU),Y10002,茂名大区,2012,茂名营业所,1564,区域-乡镇,徐锐,2810099,18820665257,廖海梅,2810139,15818936876,杨华丽,2810420,18826113652,吴克渠,2810363,18826113708
3013,广东太古可口可乐有限公司,30130001,粤西,Y05003,广外区域,0804,广外-太和,1471,区域-乡镇,胡铭洋,3019330,18926210250,陈藤云,2502287,18819192533,陈油山-3015809,3015809,18819193098,袁金炼,3051293,18819192798
3013,广东太古可口可乐有限公司,30130001,粤西,Y05015,广中区域,0738,广中-增城,1677,区域-乡镇,刘佳晓,2501281,13632119761,江汉民,3007645,18819193106,蔡夏骥-3015057,3015057,18819193157,陈子良-2550380,2550380,18819192952
3013,广东太古可口可乐有限公司,30130002,粤东,Y05024,东莞区,0794,东莞-中堂,0392,区域-城区,邱创荣,2506284,13632980303,胡斌,3023627,18819193215,卢贺灯-2508210,2508210,18819193057,秦秀花-3023807,3023807,18819192107
3013,广东太古可口可乐有限公司,30130002,粤东,Y05007,惠州区,0781,惠州-博龙,0896,非销售线路,韩鹏程,2506228,13632980173,谭力乐,2507297,18819192066,黄永雄-2506317,2506317,18826120680,叶永达-2507387,2507387,18819193447
3013,广东太古可口可乐有限公司,30130002,粤东,Y05024,东莞区,3236,东莞-寮步,0512,区域-乡镇,邱创荣,2506284,13632980303,胡琳,2508225,18819192020,周芳艳-3015026,3015026,18819193050,凌远达-2508260,2508260,18819192017
3013,广东太古可口可乐有限公司,30130002,粤东,Y05006,河梅区,0779,河梅-河源,0909,区域-乡镇,孙泽,2506339,13632980263,江旭望,3007406,18819193207,邱辉东-2507214,2507214,18819193137,刘林华,3060118,18819192119
3013,广东太古可口可乐有限公司,30130002,粤东,Y05024,东莞区,0792,东莞-石龙,0353,区域-城区,邱创荣,2506284,13632980303,袁嘉豪,3005745,18819192626,骆建平-2508287,2508287,18819193067,叶月梅-3032230,3032230,18819192073
3041,广东太古可口可乐湛江有限公司,30410001,湛江(BU),Y10001,湛江大区,2009,徐闻营业所,1415,KA-综合,李鑫元,2810095,13828289042,叶王达,2810126,13828289705,刘金铖,2810092,18826113820,谭小权,2810333,18826113821
3013,广东太古可口可乐有限公司,30130001,粤西,Y05016,粤西IC,0724,广州-IC,1524,区域-乡镇,程志明,2501433,18819192255,卜增晓,3056544,18028654240,陈媚秀-3010740,3010740,18825044485,邓健文-3046610,3046610,19802011831
3013,广东太古可口可乐有限公司,30130002,粤东,Y05020,汕尾区,3209,汕尾-汕尾,0738,区域-城区,胡向,2507216,13725076877,巫晓彬,2509286,18819193165,欧定江-2509357,2509357,18826120092,邱朝禹-3012191,3012191,18826120183
3013,广东太古可口可乐有限公司,30130002,粤东,Y05020,汕尾区,0767,汕尾-揭阳,0678,区域-乡镇,胡向,2507216,13725076877,林静,2507209,18819192355,李武俊-2509278,2509278,18819193183,徐春玲-3054525,3054525,18826120370
3013,广东太古可口可乐有限公司,30130001,粤西,Y05002,佛山区,0759,佛山-三水,1267,区域-乡镇,胡维,2508241,13929226672,边忠明,2550443,18819192388,莫火养-2508254,2508254,18819193080,梁翠君-3005774,3005774,18819192698
3013,广东太古可口可乐有限公司,30130002,粤东,Y05010,深中区,0747,深中-南山,0106,区域-城区,蔡志伟,2507286,13725076841,丁学高,2506269,18819193370,曾祥灵-2506236,2506236,18826120681,陈新-2526797,2526797,18819192377
3013,广东太古可口可乐有限公司,30130001,粤西,Y05003,广外区域,3226,广外-人和,1470,区域-乡镇,胡铭洋,3019330,18926210250,温焕星,3024275,18819193082,孙龙-3024692,3024692,18819193463,胥毅-3039398,3039398,18819192810
3013,广东太古可口可乐有限公司,30130001,粤西,Y05001,番顺区,0722,番顺-南沙,1046,区域-城区,邓辉,2504221,13632119746,黄伟乐,2502237,18819192121,何智江-3013596,3013596,18819193074,郑雪宜-3018808,3018808,18819193349
3013,广东太古可口可乐有限公司,30130001,粤西,Y05015,广中区域,0738,广中-增城,1674,区域-城区,刘佳晓,2501281,13632119761,江汉民,3007645,18819193106,蔡夏骥-3015057,3015057,18819193157,潘贝雨-3025257,3025257,18819192945
3013,广东太古可口可乐有限公司,30130001,粤西,Y05003,广外区域,3226,广外-人和,1551,区域-乡镇,胡铭洋,3019330,18926210250,温焕星,3024275,18819193082,陈国华-2501318,2501318,18826121808,沈玉华-2502298,2502298,18819192893
3013,广东太古可口可乐有限公司,30130002,粤东,Y05013,粤东KA客户群,0750,深圳-重点,1868,储备业代,张婧,3037236,18826527352,林晓伟,2508278,18819192722,张双平-2506487,2506487,18819193242,谢勇加-2550072,2550072,19802011621
3041,广东太古可口可乐湛江有限公司,30410001,湛江(BU),Y10002,茂名大区,2016,电白营业所,1756,区域-城区,徐锐,2810099,18820665257,潘日丰,2810143,15818936813,李梁梅,2810209,18826113515,李明琛,2810360,18826113512
3013,广东太古可口可乐有限公司,30130002,粤东,Y05024,东莞区,0791,东莞-虎门,7432,区域-城区,邱创荣,2506284,13632980303,陈振兴,3016617,18819193168,李家祥-3023448,3023448,18819193052,刘冬萍-3032947,3032947,18819192053
3013,广东太古可口可乐有限公司,30130001,粤西,Y05023,广新区,0812,广新-大学城,1399,区域-城区,李俊青,2502225,18819192133,余新勇,2504217,18819192200,吴迪斯-3006054,3006054,18826121176,葛东坪-3059278,3059278,18826121760
3013,广东太古可口可乐有限公司,30130002,粤东,Y05006,河梅区,0779,河梅-河源,0915,区域-乡镇,孙泽,2506339,13632980263,江旭望,3007406,18819193207,谢丽梅-2507201,2507201,18819193136,肖市洲,3008649,18819193414
3013,广东太古可口可乐有限公司,30130002,粤东,Y05009,汕头区,0815,汕头-澄海,0610,区域-城区,黄伟,2506219,13632980128,卢响锡,2509338,18819193163,苏尝胆-3003336,3003336,18819193360,柯泽彬-3053380,3053380,18826122891
3013,广东太古可口可乐有限公司,30130002,粤东,Y05010,深中区,0746,深中-罗湖,0001,区域-城区,蔡志伟,2507286,13725076841,钟陈汉,2506257,18819192228,杨敏健-3030368,3030368,18819193237,黄亮添-3022601,3022601,18819192519
3013,广东太古可口可乐有限公司,30130002,粤东,Y05006,河梅区,0779,河梅-河源,0906,区域-乡镇,孙泽,2506339,13632980263,江旭望,3007406,18819193207,邱辉东-2507214,2507214,18819193137,黄建辉-3029881,3029881,18819192115
3013,广东太古可口可乐有限公司,30130002,粤东,Y05010,深中区,0747,深中-南山,7197,区域-城区,蔡志伟,2507286,13725076841,丁学高,2506269,18819193370,陈剑彪,3012496,18819193227,杨锐芬-3019429,3019429,18826120502
3013,广东太古可口可乐有限公司,30130002,粤东,Y05009,汕头区,0769,汕头-潮阳,0717,区域-城区,黄伟,2506219,13632980128,肖铜金,2508281,18819193054,黄广隆-2509254,2509254,18819193177,佘志雄-3060170,3060170,18819192270
3013,广东太古可口可乐有限公司,30130002,粤东,Y05009,汕头区,0768,汕头-汕头,0614,区域-城区,黄伟,2506219,13632980128,肖海洲,2509354,18819193148,杨俊杰-2570009,2570009,18819193186,李泽钦-3045324,3045324,18819192341
3013,广东太古可口可乐有限公司,30130002,粤东,Y05024,东莞区,0788,东莞-常平,7569,区域-城区,邱创荣,2506284,13632980303,邓富斌,2507203,18819192323,廖文辉-2508283,2508283,18819193065,蒋大森-3052004,3052004,18819193298
3013,广东太古可口可乐有限公司,30130002,粤东,Y05009,汕头区,0768,汕头-汕头,0622,区域-乡镇,黄伟,2506219,13632980128,肖海洲,2509354,18819193148,潘永超-2525214,2525214,13929618716,许玉凤-3018721,3018721,18819192353
3013,广东太古可口可乐有限公司,30130002,粤东,Y05009,汕头区,0769,汕头-潮阳,0703,区域-乡镇,黄伟,2506219,13632980128,肖铜金,2508281,18819193054,李伟喜-2509285,2509285,18819193176,陈鑫潮-3005632,3005632,18819192254
3013,广东太古可口可乐有限公司,30130002,粤东,Y05010,深中区,0739,深中-宝安,0095,区域-城区,蔡志伟,2507286,13725076841,刘信亮,2506282,18819193216,李小琴-3030505,3030505,18826120572,刘北生-2506378,2506378,18819192465
3041,广东太古可口可乐湛江有限公司,30410001,湛江(BU),Y10002,茂名大区,2014,高州营业所,1652,公共线路,徐锐,2810099,18820665257,周家光,3024681,18165803114,邹艳玲,2810157,18826113557,龙凤,2810375,18826113551
3013,广东太古可口可乐有限公司,30130002,粤东,Y05010,深中区,0739,深中-宝安,0086,区域-城区,蔡志伟,2507286,13725076841,刘信亮,2506282,18819193216,陈超凡-2506275,2506275,18819193224,吴红娟-3059690,3059690,18819192469
3013,广东太古可口可乐有限公司,30130001,粤西,Y05023,广新区,0721,广新-番禺,1019,区域-乡镇,李俊青,2502225,18819192133,李国平,2501549,18819193120,潘碧映-2502281,2502281,18826120672,陈永坚-2504215,2504215,18816805370
3013,广东太古可口可乐有限公司,30130002,粤东,Y05024,东莞区,0788,东莞-常平,0501,区域-城区,邱创荣,2506284,13632980303,邓富斌,2507203,18819192323,刘欢-3012064,3012064,18819192323,陈志明-2508342,2508342,18819192029
3041,广东太古可口可乐湛江有限公司,30410001,湛江(BU),Y10001,湛江大区,2011,遂溪营业所,1508,区域-乡镇,李鑫元,2810095,13828289042,黄炳炜,2810020,13828208148,林琳,3027713,18826113681,陈宗良,3055434,18826113662
3013,广东太古可口可乐有限公司,30130002,粤东,Y05024,东莞区,0792,东莞-石龙,0360,区域-城区,邱创荣,2506284,13632980303,袁嘉豪,3005745,18819192626,周芳娟-3030930,3030930,18826120015,贺祯岚-3042855,3042855,18819192069
3013,广东太古可口可乐有限公司,30130001,粤西,Y05001,番顺区,0760,番顺-陈村,1135,公共线路,邓辉,2504221,13632119746,梁鸿敏,2504305,18819192266,丘扬思-3019427,3019427,18819193069,丘洋城-3033615,3033615,18826120223
3013,广东太古可口可乐有限公司,30130001,粤西,Y05015,广中区域,0732,广中-天河,1325,区域-城区,刘佳晓,2501281,13632119761,陈濠明,2504363,18819193075,麦新林-2504234,2504234,18819193108,蓝涌泉-3008908,3008908,18819193282
3041,广东太古可口可乐湛江有限公司,30410001,湛江(BU),Y10001,湛江大区,2010,廉江营业所,1460,区域-城区,李鑫元,2810095,13828289042,李汉权,2810472,15016420195,黎晓丹,2810393,18826113606,苏金兰,2500831,18826113598
3013,广东太古可口可乐有限公司,30130001,粤西,Y05005,韶清区域,0776,韶清-清远,1632,区域-乡镇,杨海,2505227,13826390599,蔡旭钟,3008626,18819192122,黄海敏-2502271,2502271,18898813029,廖汉文-3033110,3033110,18819192925
3013,广东太古可口可乐有限公司,30130002,粤东,Y05020,汕尾区,3209,汕尾-汕尾,0747,区域-城区,胡向,2507216,13725076877,巫晓彬,2509286,18819193165,欧定江-2509357,2509357,18826120092,施伟彪-3051039,3051039,18819192178
3013,广东太古可口可乐有限公司,30130002,粤东,Y05007,惠州区,0781,惠州-博龙,0888,社区电商,韩鹏程,2506228,13632980173,谭力乐,2507297,18819192066,王凯宇-3004526,3004526,18819193160,李春福-2507305,2507305,18819192167
3013,广东太古可口可乐有限公司,30130002,粤东,Y05020,汕尾区,0770,汕尾-海丰,0763,区域-城区,胡向,2507216,13725076877,邢庆,2509326,18819193187,何良林-3022303,3022303,18819210884,叶绮珊-3024418,3024418,18819192190
3013,广东太古可口可乐有限公司,30130001,粤西,Y05003,广外区域,3226,广外-人和,1573,销售主管-挂客户,胡铭洋,3019330,18926210250,温焕星,3024275,18819193082,陈国华-2501318,2501318,18826121808,刘松-3019976,3019976,18819215871
3013,广东太古可口可乐有限公司,30130002,粤东,Y05009,汕头区,0765,汕头-潮州,0640,区域-城区,黄伟,2506219,13632980128,刘舜涛,2509241,18819192522,曹小斌-2509275,2509275,18819193178,汤玉萍-3059715,3059715,18819193229
3013,广东太古可口可乐有限公司,30130002,粤东,Y05020,汕尾区,0814,汕尾-陆丰,0741,区域-城区,胡向,2507216,13725076877,许高勇,2509302,18819193180,林加暖-3028400,3028400,18819193164,林瑟绕-3050723,3050723,18819192172
3013,广东太古可口可乐有限公司,30130002,粤东,Y05019,深外区,0787,深外-长安,7534,区域-城区,李慕雁,2506226,13632980132,杨刚,2506233,18819192622,李洪耀-3005891,3005891,18819193061,张敏-3020587,3020587,18819192014
3013,广东太古可口可乐有限公司,30130002,粤东,Y05024,东莞区,0791,东莞-虎门,7405,区域-城区,邱创荣,2506284,13632980303,陈振兴,3016617,18819193168,李家祥-3023448,3023448,18819193052,温谱生-3059788,3059788,18819192038
3013,广东太古可口可乐有限公司,30130001,粤西,Y05003,广外区域,0736,广外-花都,1559,区域-城区,胡铭洋,3019330,18926210250,黄永腾,2501215,18819192233,李俊鹏-2503205,2503205,18819193464,刘嘉成-3013170,3013170,18819192905
3013,广东太古可口可乐有限公司,30130002,粤东,Y05019,深外区,0753,深外-塘厦,7557,区域-城区,李慕雁,2506226,13632980132,杨志威,2508259,18819192611,吴俊鹏,3012072,18819193239,陈玲玲-3046086,3046086,19802011552
3013,广东太古可口可乐有限公司,30130001,粤西,Y05016,粤西IC,0724,广州-IC,1526,IC-综合,程志明,2501433,18819192255,卜增晓,3056544,18028654240,黄飞虎-3045701,3045701,18819193021,郭家烨-3033888,3033888,18819182760
3013,广东太古可口可乐有限公司,30130002,粤东,Y05024,东莞区,3236,东莞-寮步,0349,区域-乡镇,邱创荣,2506284,13632980303,胡琳,2508225,18819192020,彭云虎-2508231,2508231,18826120369,刘国亮-3045263,3045263,18819192061
3041,广东太古可口可乐湛江有限公司,30410001,湛江(BU),Y10001,湛江大区,2011,遂溪营业所,1502,区域-城区,李鑫元,2810095,13828289042,黄炳炜,2810020,13828208148,周亚景,3021555,18826113661,姚日强,3036146,18826113658
3013,广东太古可口可乐有限公司,30130002,粤东,Y05006,河梅区,0779,河梅-河源,0907,区域-城区,孙泽,2506339,13632980263,江旭望,3007406,18819193207,谢丽梅-2507201,2507201,18819193136,卢丽红-3041126,3041126,18819192112
3013,广东太古可口可乐有限公司,30130002,粤东,Y05024,东莞区,0792,东莞-石龙,0352,区域-城区,邱创荣,2506284,13632980303,袁嘉豪,3005745,18819192626,周芳娟-3030930,3030930,18826120015,黄新梅-2550665,2550665,18819192063
3013,广东太古可口可乐有限公司,30130001,粤西,Y05015,广中区域,0728,广中-黄埔,1323,区域-城区,刘佳晓,2501281,13632119761,陈柯维,3034890,18819193095,陈梓楠-3047668,3047668,18826121116,庞华浩-3053130,3053130,18819192749
3013,广东太古可口可乐有限公司,30130002,粤东,Y05019,深外区,0753,深外-塘厦,0541,区域-城区,李慕雁,2506226,13632980132,杨志威,2508259,18819192611,蒲俊杰-2506486,2506486,18826120083,陈仪远-33059499,3059499,18819192425
3013,广东太古可口可乐有限公司,30130001,粤西,Y05023,广新区,0723,广新-新龙,1021,区域-乡镇,李俊青,2502225,18819192133,梁鸿锦,2504228,18819192566,林必青-2504263,2504263,18826120613,黎锦洪-2504347,2504347,18819192784
3013,广东太古可口可乐有限公司,30130002,粤东,Y05007,惠州区,3205,惠州-仲恺,0561,区域-乡镇,韩鹏程,2506228,13632980173,罗搏,3013429,18819193246,李日进,2506348,18819193218,翟淦池-2508208,2508208,18819192429
3013,广东太古可口可乐有限公司,30130002,粤东,Y05006,河梅区,0763,河梅-梅州,0954,非销售线路,孙泽,2506339,13632980263,陈仕立,2506481,18819193389,谢新东-2507245,2507245,18819193140,赖燕红-3027087,3027087,18819193175
3013,广东太古可口可乐有限公司,30130002,粤东,Y05024,东莞区,3236,东莞-寮步,0514,区域-城区,邱创荣,2506284,13632980303,胡琳,2508225,18819192020,周芳艳-3015026,3015026,18819193050,刘兵-2508432,2508432,18819192019
3013,广东太古可口可乐有限公司,30130002,粤东,Y05019,深外区,0743,深外-公明,0114,区域-城区,李慕雁,2506226,13632980132,杨奕鹏,2506325,18819193382,钟威龙-2506575,2506575,18819193208,梅俊英-3033071,3033071,18898813035
3013,广东太古可口可乐有限公司,30130002,粤东,Y05019,深外区,0787,深外-长安,7522,区域-城区,李慕雁,2506226,13632980132,杨刚,2506233,18819192622,胡宏林,2506574,15807559522,贝为亮-3022545,3022545,18819193367
3041,广东太古可口可乐湛江有限公司,30410001,湛江(BU),Y10002,茂名大区,2014,高州营业所,1708,区域-城区,徐锐,2810099,18820665257,周家光,3024681,18165803114,林海燕,3033992,18826113815,谭皓,3050985,18826113813
3013,广东太古可口可乐有限公司,30130002,粤东,Y05019,深外区,0753,深外-塘厦,0546,区域-城区,李慕雁,2506226,13632980132,杨志威,2508259,18819192611,陈军-3007950,3007950,18819193217,黄海滨-3016631,3016631,18819192439
3013,广东太古可口可乐有限公司,30130001,粤西,Y05015,广中区域,0735,广中-从化,2701,开发员,刘佳晓,2501281,13632119761,王如泉,3003419,18819193110,骆惠贤-3054673,3054673,18819192884,谷骏-3007333,3007333,18819192873
3013,广东太古可口可乐有限公司,30130002,粤东,Y05006,河梅区,0764,河梅-兴宁,0968,区域-城区,孙泽,2506339,13632980263,陈春发,2509220,18819192511,孙向东-2507211,2507211,18819193141,李爱玲-2507241,2507241,18819192151
3013,广东太古可口可乐有限公司,30130001,粤西,Y05005,韶清区域,0773,韶清-韶关,1720,电商,杨海,2505227,13826390599,陈博,2505289,18819193196,林庭俊-2526490,2526490,18819193195,夏华彪-3033909,3033909,18819193327
3013,广东太古可口可乐有限公司,30130002,粤东,Y05018,粤东IC事业部,0751,深圳-IC,0226,IC-综合,陈建军,2503226,13632981094,刘俊宏,2506227,18819192599,蔡永祥-2506410,2506410,18898813020,刘后恩-2560158,2560158,18819192445
3013,广东太古可口可乐有限公司,30130002,粤东,Y05006,河梅区,3206,河梅-吉隆,0867,区域-城区,孙泽,2506339,13632980263,施杰华,3011898,18819192433,毛可强-3023966,3023966,18819192433,叶树雄-3045265,3045265,18819192208
3013,广东太古可口可乐有限公司,30130002,粤东,Y05020,汕尾区,0771,汕尾-普宁,0800,其他,胡向,2507216,13725076877,谢海波,2506338,18819193439,蔡元镇-3046303,3046303,18826120523,林晓杰-3031006,3031006,18819193374
3013,广东太古可口可乐有限公司,30130002,粤东,Y05020,汕尾区,0767,汕尾-揭阳,0698,区域-城区,胡向,2507216,13725076877,林静,2507209,18819192355,李武俊-2509278,2509278,18819193183,江丽萍-3059455,3059455,18819193394
3013,广东太古可口可乐有限公司,30130002,粤东,Y05020,汕尾区,0814,汕尾-陆丰,0744,区域-城区,胡向,2507216,13725076877,许高勇,2509302,18819193180,敖宇民,3004284,18819193435,赵伟本-3059996,3059996,18819192175
3013,广东太古可口可乐有限公司,30130002,粤东,Y05024,东莞区,0788,东莞-常平,7565,区域-城区,邱创荣,2506284,13632980303,邓富斌,2507203,18819192323,廖文辉-2508283,2508283,18819193065,李玉春-3027534,3027534,18819192434
3013,广东太古可口可乐有限公司,30130002,粤东,Y05019,深外区,0740,深外-宝龙,0133,区域-城区,李慕雁,2506226,13632980132,朱志强,3010558,18819193170,华志林-2506532,2506532,18819193204,谢骥-2506504,2506504,18819193249
3013,广东太古可口可乐有限公司,30130001,粤西,Y05023,广新区,0723,广新-新龙,1029,区域-城区,李俊青,2502225,18819192133,梁鸿锦,2504228,18819192566,林必青-2504263,2504263,18826120613,陈镇森-3051600,3051600,18819192794
3041,广东太古可口可乐湛江有限公司,30410001,湛江(BU),Y10001,湛江大区,2002,市外营业部,1053,区域-乡镇,李鑫元,2810095,13828289042,彭海明,3010123,13632119110,李志明,2810145,18826113910,周碧珍,3059917,18826113891
3013,广东太古可口可乐有限公司,30130001,粤西,Y05023,广新区,0723,广新-新龙,1032,区域-乡镇,李俊青,2502225,18819192133,梁鸿锦,2504228,18819192566,石安娜-3005836,3005836,18819192100,程志颖-3018583,3018583,18819193286
3013,广东太古可口可乐有限公司,30130002,粤东,Y05010,深中区,0746,深中-罗湖,0012,区域-城区,蔡志伟,2507286,13725076841,钟陈汉,2506257,18819192228,杨土爱-2506647,2506647,18819193235,刘昆龙-3029700,3029700,18819192514
3013,广东太古可口可乐有限公司,30130002,粤东,Y05013,粤东KA客户群,0750,深圳-重点,1886,KA-CVS,张婧,3037236,18826527352,林晓伟,2508278,18819192722,张双平-2506487,2506487,18819193242,吴扬猛-3012055,3012055,19811980831
3041,广东太古可口可乐湛江有限公司,30410001,湛江(BU),Y10001,湛江大区,2002,市外营业部,1057,区域-乡镇,李鑫元,2810095,13828289042,彭海明,3010123,13632119110,张广湖,2810122,18826113909,杨梦斯,3038482,18826113890
3013,广东太古可口可乐有限公司,30130002,粤东,Y05009,汕头区,0768,汕头-汕头,0630,区域-城区,黄伟,2506219,13632980128,肖海洲,2509354,18819193148,潘永超-2525214,2525214,13929618716,刘立奇-3043238,3043238,18819192349
3013,广东太古可口可乐有限公司,30130001,粤西,Y05016,粤西IC,3229,佛山IC办事处,1542,IC-综合,程志明,2501433,18819192255,丁立键,3028887,13418012123,张观余-2502255,2502255,18819193339,严广泉-3052067,3052067,18819193427
3013,广东太古可口可乐有限公司,30130001,粤西,Y05003,广外区域,0736,广外-花都,1578,区域-乡镇,胡铭洋,3019330,18926210250,黄永腾,2501215,18819192233,王俊飞-3016260,3016260,18819192277,黄玉仪-3016710,3016710,18826120557
3013,广东太古可口可乐有限公司,30130002,粤东,Y05009,汕头区,0765,汕头-潮州,0690,区域-城区,黄伟,2506219,13632980128,刘舜涛,2509241,18819192522,罗幸平-2507243,2507243,18819193142,洪佩雄-3039044,3039044,18819192303
3013,广东太古可口可乐有限公司,30130001,粤西,Y05015,广中区域,0735,广中-从化,1591,区域-乡镇,刘佳晓,2501281,13632119761,王如泉,3003419,18819193110,黄穗-3022220,3022220,18819193144,林欣仪-3048273,3048273,18826120826
3013,广东太古可口可乐有限公司,30130002,粤东,Y05006,河梅区,0763,河梅-梅州,0942,非销售线路,孙泽,2506339,13632980263,陈仕立,2506481,18819193389,肖喜辉-2507213,2507213,18819193139,张伟波-3024619,3024619,18819192134
3013,广东太古可口可乐有限公司,30130001,粤西,Y05001,番顺区,0722,番顺-南沙,1056,区域-乡镇,邓辉,2504221,13632119746,黄伟乐,2502237,18819192121,何智江-3013596,3013596,18819193074,黎家棋-3052869,3052869,18819192602
3013,广东太古可口可乐有限公司,30130001,粤西,Y05002,佛山区,0757,佛山-南海,1233,区域-乡镇,胡维,2508241,13929226672,郎春玲,3005684,19811980830,蔡冠洪-2521030,2521030,18819193086,郭盛浩-3042167,3042167,18819192668
3013,广东太古可口可乐有限公司,30130002,粤东,Y05013,粤东KA客户群,0750,深圳-重点,1851,KA-MT,张婧,3037236,18826527352,林晓伟,2508278,18819192722,汤波-2506386,2506386,18826120803,罗少俊-2506588,2506588,18819192559
3013,广东太古可口可乐有限公司,30130002,粤东,Y05010,深中区,0742,深中-福田,7058,区域-城区,蔡志伟,2507286,13725076841,黄锦聪,2508277,18819193380,李玲君-3010035,3010035,19811980850,陈尚贤-3034863,3034863,18819193247
3013,广东太古可口可乐有限公司,30130002,粤东,Y05013,粤东KA客户群,0795,东莞-重点,1899,取消线路,张婧,3037236,18826527352,李连云,2507273,13929226150,刘燕钊-2508238,2508238,18819193068,吴少玲-3006873,3006873,19811980846
3041,广东太古可口可乐湛江有限公司,30410001,湛江(BU),Y10001,湛江大区,2008,雷州营业所,1365,区域-城区,李鑫元,2810095,13828289042,莫增寿,2810413,18826672301,吴倾,2810087,18826113582,杨锦花,2810229,18826113581
3013,广东太古可口可乐有限公司,30130002,粤东,Y05024,东莞区,3250,东莞-IC,0261,区域-乡镇,邱创荣,2506284,13632980303,张绮琴,2506476,18819193001,娄灵风-3009814,3009814,18819193219,陈伟文-3007902,3007902,18819192756
3013,广东太古可口可乐有限公司,30130002,粤东,Y05013,粤东KA客户群,0750,深圳-重点,1854,KA-MT,张婧,3037236,18826527352,林晓伟,2508278,18819192722,汤波-2506386,2506386,18826120803,陈扁-2506372,2506372,18819192553
3013,广东太古可口可乐有限公司,30130001,粤西,Y05023,广新区,0721,广新-番禺,1012,公共线路,李俊青,2502225,18819192133,李国平,2501549,18819193120,詹桂彬-2504270,2504270,18819193093,凌洲-3037787,3037787,18819192710
3013,广东太古可口可乐有限公司,30130002,粤东,Y05024,东莞区,3236,东莞-寮步,0513,KA-综合,邱创荣,2506284,13632980303,胡琳,2508225,18819192020,周芳艳-3015026,3015026,18819193050,谢文琼-3051863,3051863,18819192018
3013,广东太古可口可乐有限公司,30130002,粤东,Y05020,汕尾区,0770,汕尾-海丰,0758,IC-餐饮,胡向,2507216,13725076877,邢庆,2509326,18819193187,詹响俊-2509210,2509210,18819193162,郑剑锋-2509265,2509265,18819192186
3013,广东太古可口可乐有限公司,30130002,粤东,Y05018,粤东IC事业部,0751,深圳-IC,0227,区域-城区,陈建军,2503226,13632981094,刘俊宏,2506227,18819192599,吴运登-2527129,2527129,18819193221,林晓纯-3055108,3055108,18819192447
3013,广东太古可口可乐有限公司,30130002,粤东,Y05024,东莞区,0817,东莞-南城,0302,区域-乡镇,邱创荣,2506284,13632980303,韩荣艺,2506385,18819192688,汤显富,3014365,18819193051,钟桂堤-3011731,3011731,18819192076
3013,广东太古可口可乐有限公司,30130002,粤东,Y05010,深中区,0747,深中-南山,0065,区域-城区,蔡志伟,2507286,13725076841,丁学高,2506269,18819193370,林朝泰-2506403,2506403,18819193238,林崇贵-2526807,2526807,18819192528
3013,广东太古可口可乐有限公司,30130001,粤西,Y05002,佛山区,0757,佛山-南海,1239,区域-乡镇,胡维,2508241,13929226672,郎春玲,3005684,19811980830,蔡冠洪-2521030,2521030,18819193086,叶赞权-2503303,2503303,18819192670
3013,广东太古可口可乐有限公司,30130001,粤西,Y05023,广新区,0812,广新-大学城,1395,区域-城区,李俊青,2502225,18819192133,余新勇,2504217,18819192200,钟定良-3017697,3017697,18819193096,刘学成-2550172,2550172,18819192736
3013,广东太古可口可乐有限公司,30130001,粤西,Y05002,佛山区,0759,佛山-三水,1264,区域-城区,胡维,2508241,13929226672,边忠明,2550443,18819192388,伍文杰-3048767,3048767,18819192291,李结开-3015641,3015641,18826120897
3013,广东太古可口可乐有限公司,30130002,粤东,Y05007,惠州区,0781,惠州-博龙,0893,区域-城区,韩鹏程,2506228,13632980173,谭力乐,2507297,18819192066,王凯宇-3004526,3004526,18819193160,杨华安-2507354,2507354,18819193243
3013,广东太古可口可乐有限公司,30130002,粤东,Y05009,汕头区,3242,汕头-IC,0626,非销售线路,黄伟,2506219,13632980128,陈伟财,2509298,18819193191,郑则旭-3042822,3042822,18826121062,林欣宜-3058260,3058260,18826121572
3013,广东太古可口可乐有限公司,30130001,粤西,Y05002,佛山区,0757,佛山-南海,1189,公共线路,胡维,2508241,13929226672,郎春玲,3005684,19811980830,胡海强-2503277,2503277,18819193085,齐梓灿-2503306,2503306,18818872871
3013,广东太古可口可乐有限公司,30130002,粤东,Y05007,惠州区,0784,惠州-惠州,0817,其他,韩鹏程,2506228,13632980173,何国威,2508207,18819192033,刘剑锋-2507349,2507349,19802011262,温智峰-3046916,3046916,18819192250
3013,广东太古可口可乐有限公司,30130001,粤西,Y05003,广外区域,0736,广外-花都,1569,大桶水,胡铭洋,3019330,18926210250,黄永腾,2501215,18819192233,王俊飞-3016260,3016260,18819192277,叶建平-2502204,2502204,18819192889
3013,广东太古可口可乐有限公司,30130001,粤西,Y05015,广中区域,0732,广中-天河,1321,区域-乡镇,刘佳晓,2501281,13632119761,陈濠明,2504363,18819193075,麦新林-2504234,2504234,18819193108,张明-3038792,3038792,18819192765
3013,广东太古可口可乐有限公司,30130002,粤东,Y05024,东莞区,0788,东莞-常平,7567,区域-城区,邱创荣,2506284,13632980303,邓富斌,2507203,18819192323,廖文辉-2508283,2508283,18819193065,王锐-2508323,2508323,18819192430
3041,广东太古可口可乐湛江有限公司,30410001,湛江(BU),Y10002,茂名大区,2012,茂名营业所,1556,FSV,徐锐,2810099,18820665257,廖海梅,2810139,15818936876,黄靖,3027179,18826113920,何女,3051054,18826113625
3041,广东太古可口可乐湛江有限公司,30410001,湛江(BU),Y10001,湛江大区,2008,雷州营业所,1352,区域-城区,李鑫元,2810095,13828289042,莫增寿,2810413,18826672301,陈发春,2810206,18826113595,陈妃芳,2810473,18826113586
3013,广东太古可口可乐有限公司,30130002,粤东,Y05013,粤东KA客户群,3238,粤东餐饮事业部,1908,IC-餐饮,张婧,3037236,18826527352,邱隽逸,2506438,15013880423,薛棚-2550679,2550679,13632980311,陈贵深-2506536,2506536,18819192558
3041,广东太古可口可乐湛江有限公司,30410001,湛江(BU),Y10001,湛江大区,2011,遂溪营业所,1503,区域-城区,李鑫元,2810095,13828289042,黄炳炜,2810020,13828208148,林琳,3027713,18826113681,符国军,3045300,18826113923
3013,广东太古可口可乐有限公司,30130001,粤西,Y05003,广外区域,0733,广外-新市,1448,区域-城区,胡铭洋,3019330,18926210250,何成宪,3021860,18826120593,刘石发-3045360,3045360,18819193123,李建浩-2550622,2550622,18819192859
3013,广东太古可口可乐有限公司,30130002,粤东,Y05010,深中区,0742,深中-福田,7053,区域-城区,蔡志伟,2507286,13725076841,黄锦聪,2508277,18819193380,李玲君-3010035,3010035,19811980850,韦小玲-3016262,3016262,18819192489
3013,广东太古可口可乐有限公司,30130002,粤东,Y05024,东莞区,0794,东莞-中堂,0389,区域-城区,邱创荣,2506284,13632980303,胡斌,3023627,18819193215,卢贺灯-2508210,2508210,18819193057,胡卫桥-3029507,3029507,18819192097
3013,广东太古可口可乐有限公司,30130002,粤东,Y05010,深中区,0739,深中-宝安,0093,区域-城区,蔡志伟,2507286,13725076841,刘信亮,2506282,18819193216,李小琴-3030505,3030505,18826120572,龚春梅-3030086,3030086,18819192464
3013,广东太古可口可乐有限公司,30130002,粤东,Y05010,深中区,0739,深中-宝安,0091,区域-乡镇,蔡志伟,2507286,13725076841,刘信亮,2506282,18819193216,陈超凡-2506275,2506275,18819193224,黄志明-3006075,3006075,18819192473
3013,广东太古可口可乐有限公司,30130001,粤西,Y05001,番顺区,0722,番顺-南沙,1049,区域-城区,邓辉,2504221,13632119746,黄伟乐,2502237,18819192121,何智江-3013596,3013596,18819193074,谭祥帝-3053852,3053852,18819192596
3013,广东太古可口可乐有限公司,30130001,粤西,Y05003,广外区域,0736,广外-花都,1561,销售主管-挂客户,胡铭洋,3019330,18926210250,黄永腾,2501215,18819192233,李俊鹏-2503205,2503205,18819193464,吴桦杰-3035165,3035165,18819192907
3013,广东太古可口可乐有限公司,30130002,粤东,Y05007,惠州区,0783,惠州-惠阳,0844,区域-城区,韩鹏程,2506228,13632980173,蚁嘉斯,2509300,18819193190,赖献超-3036291,3036291,18826121301,严嘉诚-3054208,3054208,18819192224
3013,广东太古可口可乐有限公司,30130002,粤东,Y05009,汕头区,0768,汕头-汕头,0631,区域-乡镇,黄伟,2506219,13632980128,肖海洲,2509354,18819193148,陈锦宏-2509273,2509273,18819192982,蔡志伦-3044056,3044056,18819192357
3013,广东太古可口可乐有限公司,30130001,粤西,Y05001,番顺区,0762,番顺-顺德,1080,区域-城区,邓辉,2504221,13632119746,刁顺见,3005451,18819192155,陈锦文-2504307,2504307,18819193078,余雪虹-3056684,3056684,18826121768
3013,广东太古可口可乐有限公司,30130002,粤东,Y05019,深外区,0753,深外-塘厦,0552,区域-乡镇,李慕雁,2506226,13632980132,杨志威,2508259,18819192611,吴俊鹏,3012072,18819193239,黄楚泉-3021640,3021640,18819192443
3041,广东太古可口可乐湛江有限公司,30410001,湛江(BU),Y10001,湛江大区,2008,雷州营业所,1363,区域-城区,李鑫元,2810095,13828289042,莫增寿,2810413,18826672301,陈发春,2810206,18826113595,许淼,3037443,18826113585
3013,广东太古可口可乐有限公司,30130001,粤西,Y05001,番顺区,0760,番顺-陈村,1136,区域-城区,邓辉,2504221,13632119746,梁鸿敏,2504305,18819192266,郭盼盼-3040372,3040372,18819193402,陈仕聪-3048667,3048667,18826120367
3013,广东太古可口可乐有限公司,30130001,粤西,Y05003,广外区域,0733,广外-新市,1444,区域-城区,胡铭洋,3019330,18926210250,何成宪,3021860,18826120593,刘石发-3045360,3045360,18819193123,陈彩华-3055439,3055439,18819192865
3013,广东太古可口可乐有限公司,30130001,粤西,Y05016,粤西IC,0724,广州-IC,1525,区域-乡镇,程志明,2501433,18819192255,卜增晓,3056544,18028654240,黄飞虎-3045701,3045701,18819193021,杨承骥-3004446,3004446,19802011851
3013,广东太古可口可乐有限公司,30130002,粤东,Y05019,深外区,0740,深外-宝龙,7123,区域-城区,李慕雁,2506226,13632980132,朱志强,3010558,18819193170,华志林-2506532,2506532,18819193204,叶瑞仙-3047628,3047628,18819192360
3013,广东太古可口可乐有限公司,30130001,粤西,Y05023,广新区,0721,广新-番禺,1017,区域-乡镇,李俊青,2502225,18819192133,李国平,2501549,18819193120,詹桂彬-2504270,2504270,18819193093,钟冬姣-3053819,3053819,19802012128
3013,广东太古可口可乐有限公司,30130002,粤东,Y05009,汕头区,3242,汕头-IC,0613,区域-乡镇,黄伟,2506219,13632980128,陈伟财,2509298,18819193191,郑则旭-3042822,3042822,18826121062,刘燕双-3058550,3058550,18826122276
3013,广东太古可口可乐有限公司,30130002,粤东,Y05019,深外区,0743,深外-公明,0102,区域-城区,李慕雁,2506226,13632980132,杨奕鹏,2506325,18819193382,钟威龙-2506575,2506575,18819193208,黎小柯-2550400,2550400,18819192380
3013,广东太古可口可乐有限公司,30130002,粤东,Y05024,东莞区,3236,东莞-寮步,0515,区域-城区,邱创荣,2506284,13632980303,胡琳,2508225,18819192020,周芳艳-3015026,3015026,18819193050,魏增华-2508248,2508248,18819192021
3013,广东太古可口可乐有限公司,30130002,粤东,Y05024,东莞区,0794,东莞-中堂,0386,区域-城区,邱创荣,2506284,13632980303,胡斌,3023627,18819193215,卢贺灯-2508210,2508210,18819193057,邓赖敏-2508436,2508436,18819192096
3013,广东太古可口可乐有限公司,30130002,粤东,Y05006,河梅区,0779,河梅-河源,0902,区域-乡镇,孙泽,2506339,13632980263,江旭望,3007406,18819193207,谢丽梅-2507201,2507201,18819193136,温利娜-3024416,3024416,18819192117
3013,广东太古可口可乐有限公司,30130002,粤东,Y05009,汕头区,0765,汕头-潮州,0658,区域-乡镇,黄伟,2506219,13632980128,刘舜涛,2509241,18819192522,罗幸平-2507243,2507243,18819193142,陈青-3024930,3024930,18819192293
3013,广东太古可口可乐有限公司,30130002,粤东,Y05007,惠州区,0784,惠州-惠州,0828,区域-乡镇,韩鹏程,2506228,13632980173,何国威,2508207,18819192033,刘春盛-2507311,2507311,18826120697,张颜英-3013976,3013976,18819192232
3013,广东太古可口可乐有限公司,30130002,粤东,Y05024,东莞区,3250,东莞-IC,0262,区域-城区,邱创荣,2506284,13632980303,张绮琴,2506476,18819193001,娄灵风-3009814,3009814,18819193219,刘小源-3060043,3060043,18819192127
3013,广东太古可口可乐有限公司,30130002,粤东,Y05024,东莞区,0788,东莞-常平,0504,区域-乡镇,邱创荣,2506284,13632980303,邓富斌,2507203,18819192323,刘欢-3012064,3012064,18819192323,陈小娇-3034487,3034487,18819192031
3013,广东太古可口可乐有限公司,30130002,粤东,Y05009,汕头区,0765,汕头-潮州,0651,区域-乡镇,黄伟,2506219,13632980128,刘舜涛,2509241,18819192522,罗幸平-2507243,2507243,18819193142,刘树伟-3018061,3018061,18819192285
3013,广东太古可口可乐有限公司,30130001,粤西,Y05002,佛山区,0754,佛山-佛山,1166,区域-城区,胡维,2508241,13929226672,吴耿宁,2508235,18819160798,林灼成-2503345,2503345,18819192630,赵令-3041090,3041090,18819192647
3013,广东太古可口可乐有限公司,30130001,粤西,Y05001,番顺区,0762,番顺-顺德,1097,区域-城区,邓辉,2504221,13632119746,刁顺见,3005451,18819192155,陈锦文-2504307,2504307,18819193078,陈有良-3057204,3057204,18819192620
3013,广东太古可口可乐有限公司,30130001,粤西,Y05001,番顺区,0761,番顺-龙江,1094,区域-城区,邓辉,2504221,13632119746,罗添平,2505203,18819192525,陈秀斌-3038665,3038665,18819193071,莫旺全-2504268,2504268,18819192614
3013,广东太古可口可乐有限公司,30130002,粤东,Y05019,深外区,0743,深外-公明,0109,KA-CVS,李慕雁,2506226,13632980132,杨奕鹏,2506325,18819193382,钟威龙-2506575,2506575,18819193208,陈豪-3043850,3043850,18819192382
3013,广东太古可口可乐有限公司,30130002,粤东,Y05013,粤东KA客户群,0750,深圳-重点,1858,KA-MT,张婧,3037236,18826527352,林晓伟,2508278,18819192722,张双平-2506487,2506487,18819193242,金婷-2506582,2506582,18819192554
3013,广东太古可口可乐有限公司,30130001,粤西,Y05015,广中区域,0732,广中-天河,1330,区域-城区,刘佳晓,2501281,13632119761,陈濠明,2504363,18819193075,吴文强-2501430,2501430,18819192399,谢剑锋-3032601,3032601,18819192773
3013,广东太古可口可乐有限公司,30130002,粤东,Y05024,东莞区,0791,东莞-虎门,0428,区域-城区,邱创荣,2506284,13632980303,陈振兴,3016617,18819193168,徐日年-2508255,2508255,18819193056,李萍-3032595,3032595,18898813007
3013,广东太古可口可乐有限公司,30130001,粤西,Y05015,广中区域,0735,广中-从化,1595,FSV,刘佳晓,2501281,13632119761,王如泉,3003419,18819193110,黄穗-3022220,3022220,18819193144,何艺雄-3014898,3014898,18819192881
3013,广东太古可口可乐有限公司,30130001,粤西,Y05016,粤西IC,0724,广州-IC,1515,区域-乡镇,程志明,2501433,18819192255,卜增晓,3056544,18028654240,黄飞虎-3045701,3045701,18819193021,钟岳霖-3046001,3046001,19802011632
3013,广东太古可口可乐有限公司,30130002,粤东,Y05010,深中区,0747,深中-南山,0061,公共线路,蔡志伟,2507286,13725076841,丁学高,2506269,18819193370,林朝泰-2506403,2506403,18819193238,曾闻剑-3008601,3008601,18819192526
3041,广东太古可口可乐湛江有限公司,30410001,湛江(BU),Y10002,茂名大区,2012,茂名营业所,1560,区域-城区,徐锐,2810099,18820665257,廖海梅,2810139,15818936876,徐旦明,2810453,18826113635,吴金英,2810214,18826113619
3013,广东太古可口可乐有限公司,30130002,粤东,Y05019,深外区,0753,深外-塘厦,7548,区域-城区,李慕雁,2506226,13632980132,杨志威,2508259,18819192611,吴俊鹏,3012072,18819193239,华君花-3029685,3029685,18819192441
3013,广东太古可口可乐有限公司,30130001,粤西,Y05001,番顺区,0760,番顺-陈村,1134,公共线路,邓辉,2504221,13632119746,梁鸿敏,2504305,18819192266,郭盼盼-3040372,3040372,18819193402,丘春源-3014033,3014033,18819193452
3013,广东太古可口可乐有限公司,30130001,粤西,Y05001,番顺区,0760,番顺-陈村,1124,区域-乡镇,邓辉,2504221,13632119746,梁鸿敏,2504305,18819192266,郭盼盼-3040372,3040372,18819193402,李廷高-3059323,3059323,18819192567
3013,广东太古可口可乐有限公司,30130002,粤东,Y05020,汕尾区,0767,汕尾-揭阳,0689,区域-乡镇,胡向,2507216,13725076877,林静,2507209,18819192355,郑棉旭-2506276,2506276,18819193182,蔡树滨-3022079,3022079,18819192302
3013,广东太古可口可乐有限公司,30130001,粤西,Y05005,韶清区域,0776,韶清-清远,1642,FSV,杨海,2505227,13826390599,蔡旭钟,3008626,18819192122,何金耀-2502286,2502286,18819193151,黎桂财,2502260,18826120787
3013,广东太古可口可乐有限公司,30130001,粤西,Y05003,广外区域,0725,广外-白云,1477,区域-城区,胡铭洋,3019330,18926210250,汪成义,2502305,18819193150,叶石良-3039785,3039785,18819193112,韩小亮-2501448,2501448,18819192813
3041,广东太古可口可乐湛江有限公司,30410001,湛江(BU),Y10002,茂名大区,2016,电白营业所,1763,区域-乡镇,徐锐,2810099,18820665257,潘日丰,2810143,15818936813,徐荣江,3023789,18826113520,陆凤松,2810258,18826113918
3013,广东太古可口可乐有限公司,30130001,粤西,Y05015,广中区域,0737,广中-新塘,1655,区域-乡镇,刘佳晓,2501281,13632119761,李洋,3008791,18819192788,黄奋-3032022,3032022,18819193084,谢明刚-3008907,3008907,18819192931
3013,广东太古可口可乐有限公司,30130002,粤东,Y05019,深外区,0749,深外-沙井,7082,区域-城区,李慕雁,2506226,13632980132,陈崇清,2508212,18819193062,梁娅-3005892,3005892,18819210736,刘亚龙-3041791,3041791,18819192457
3041,广东太古可口可乐湛江有限公司,30410001,湛江(BU),Y10002,茂名大区,2013,化州营业所,1611,区域-乡镇,徐锐,2810099,18820665257,王鹏韬,2810450,13590003905,董林丰,2810063,18826113573,李家欢,3057572,18826113570
3041,广东太古可口可乐湛江有限公司,30410001,湛江(BU),Y10002,茂名大区,2014,高州营业所,1702,区域-城区,徐锐,2810099,18820665257,周家光,3024681,18165803114,林海燕,3033992,18826113815,陈显威,3036882,18826113809
3013,广东太古可口可乐有限公司,30130001,粤西,Y05002,佛山区,0757,佛山-南海,1196,区域-城区,胡维,2508241,13929226672,郎春玲,3005684,19811980830,钟林辉-2503232,2503232,18819193087,方健-3036405,3036405,18819192677
3013,广东太古可口可乐有限公司,30130001,粤西,Y05023,广新区,0723,广新-新龙,1037,区域-城区,李俊青,2502225,18819192133,梁鸿锦,2504228,18819192566,林必青-2504263,2504263,18826120613,夏国圣-3018232,3018232,18826120067
3013,广东太古可口可乐有限公司,30130002,粤东,Y05009,汕头区,0768,汕头-汕头,0615,区域-乡镇,黄伟,2506219,13632980128,肖海洲,2509354,18819193148,陈锦宏-2509273,2509273,18819192982,方映吟-3056333,3056333,18819192342
3013,广东太古可口可乐有限公司,30130002,粤东,Y05020,汕尾区,0770,汕尾-海丰,0765,区域-乡镇,胡向,2507216,13725076877,邢庆,2509326,18819193187,何良林-3022303,3022303,18819210884,郭海珊-2509234,2509234,18819192191
3013,广东太古可口可乐有限公司,30130001,粤西,Y05003,广外区域,3226,广外-人和,1577,区域-乡镇,胡铭洋,3019330,18926210250,温焕星,3024275,18819193082,孙龙-3024692,3024692,18819193463,刘勇-3056149,3056149,18826120365
3013,广东太古可口可乐有限公司,30130001,粤西,Y05016,粤西IC,0724,广州-IC,1511,区域-城区,程志明,2501433,18819192255,卜增晓,3056544,18028654240,陈媚秀-3010740,3010740,18825044485,付细华-3011823,3011823,19802011521
3013,广东太古可口可乐有限公司,30130002,粤东,Y05007,惠州区,3205,惠州-仲恺,0570,区域-城区,韩鹏程,2506228,13632980173,罗搏,3013429,18819193246,李日进,2506348,18819193218,林晓纯-3051276,3051276,18819193458
3041,广东太古可口可乐湛江有限公司,30410001,湛江(BU),Y10001,湛江大区,2007,吴川营业所,1300,区域-城区,李鑫元,2810095,13828289042,黄宇文,2810288,15976574920,吴春桦,2810117,18826113690,梁彩霞,3038403,18826113698
3013,广东太古可口可乐有限公司,30130001,粤西,Y05002,佛山区,0805,佛山-芳村,1404,区域-乡镇,胡维,2508241,13929226672,胡大勇,2400167,18826120270,郑琦-3035151,3035151,18819193119,孔德良-3006791,3006791,18819192837
3041,广东太古可口可乐湛江有限公司,30410001,湛江(BU),Y10002,茂名大区,2016,电白营业所,1750,区域-城区,徐锐,2810099,18820665257,潘日丰,2810143,15818936813,李梁梅,2810209,18826113515,伍世轩,3024680,18826113509
3041,广东太古可口可乐湛江有限公司,30410001,湛江(BU),Y10001,湛江大区,2002,市外营业部,1005,区域-乡镇,李鑫元,2810095,13828289042,彭海明,3010123,13632119110,李志明,2810145,18826113910,王成仲,2810074,18826113839
3013,广东太古可口可乐有限公司,30130001,粤西,Y05005,韶清区域,0778,韶清-英德,1795,区域-城区,杨海,2505227,13826390599,刘锦泉,3014498,18819193104,张伟英-3020016,3020016,18819193192,毛杰-3053793,3053793,18819193329
3013,广东太古可口可乐有限公司,30130002,粤东,Y05009,汕头区,0765,汕头-潮州,0642,区域-城区,黄伟,2506219,13632980128,刘舜涛,2509241,18819192522,谢宏立,3024388,18826120139,陈杨帆-3059088,3059088,18819192275
3013,广东太古可口可乐有限公司,30130002,粤东,Y05006,河梅区,0763,河梅-梅州,0940,KA-综合,孙泽,2506339,13632980263,陈仕立,2506481,18819193389,肖喜辉-2507213,2507213,18819193139,沈华明-2507246,2507246,18819192693
3013,广东太古可口可乐有限公司,30130002,粤东,Y05024,东莞区,0817,东莞-南城,0310,区域-城区,邱创荣,2506284,13632980303,韩荣艺,2506385,18819192688,汤显富,3014365,18819193051,林生摇-2508310,2508310,18819192078
3013,广东太古可口可乐有限公司,30130002,粤东,Y05010,深中区,0742,深中-福田,0051,区域-城区,蔡志伟,2507286,13725076841,黄锦聪,2508277,18819193380,姚威-3016261,3016261,18819193206,赵宇飞-3028540,3028540,18819192479
3013,广东太古可口可乐有限公司,30130002,粤东,Y05009,汕头区,0765,汕头-潮州,0664,区域-乡镇,黄伟,2506219,13632980128,刘舜涛,2509241,18819192522,谢宏立,3024388,18826120139,陈煜铭-3054032,3054032,18826120563
3013,广东太古可口可乐有限公司,30130002,粤东,Y05009,汕头区,0815,汕头-澄海,0604,区域-乡镇,黄伟,2506219,13632980128,卢响锡,2509338,18819193163,苏尝胆-3003336,3003336,18819193360,方琛,2509458,18819192338
3041,广东太古可口可乐湛江有限公司,30410001,湛江(BU),Y10001,湛江大区,2002,市外营业部,1103,区域-城区,李鑫元,2810095,13828289042,彭海明,3010123,13632119110,李志明,2810145,18826113910,邹志勇,2810203,18826113831
3041,广东太古可口可乐湛江有限公司,30410001,湛江(BU),Y10001,湛江大区,2002,市外营业部,1050,区域-乡镇,李鑫元,2810095,13828289042,彭海明,3010123,13632119110,张广湖,2810122,18826113909,袁靖雯,3055593,18826113906
3013,广东太古可口可乐有限公司,30130002,粤东,Y05007,惠州区,0784,惠州-惠州,0837,取消线路,韩鹏程,2506228,13632980173,何国威,2508207,18819192033,刘春盛-2507311,2507311,18826120697,代雪琳-3056848,3056848,18819192245
3013,广东太古可口可乐有限公司,30130002,粤东,Y05009,汕头区,0765,汕头-潮州,0654,区域-乡镇,黄伟,2506219,13632980128,刘舜涛,2509241,18819192522,谢宏立,3024388,18826120139,赖海泉-3017368,3017368,18819192287
3013,广东太古可口可乐有限公司,30130002,粤东,Y05007,惠州区,3205,惠州-仲恺,0346,区域-城区,韩鹏程,2506228,13632980173,罗搏,3013429,18819193246,刁展南,2507302,18819192011,姚俊浠-3059618,3059618,18819192071
3013,广东太古可口可乐有限公司,30130002,粤东,Y05020,汕尾区,3209,汕尾-汕尾,0749,区域-城区,胡向,2507216,13725076877,巫晓彬,2509286,18819193165,欧定江-2509357,2509357,18826120092,余云峰-3017316,3017316,18819192180
3013,广东太古可口可乐有限公司,30130002,粤东,Y05009,汕头区,0815,汕头-澄海,0608,区域-城区,黄伟,2506219,13632980128,卢响锡,2509338,18819193163,苏尝胆-3003336,3003336,18819193360,黄维群-2509299,2509299,18819192446
3013,广东太古可口可乐有限公司,30130002,粤东,Y05019,深外区,0787,深外-长安,0538,区域-城区,李慕雁,2506226,13632980132,杨刚,2506233,18819192622,李洪耀-3005891,3005891,18819193061,詹会面-2507409,2507409,18826120501
3013,广东太古可口可乐有限公司,30130002,粤东,Y05013,粤东KA客户群,0750,深圳-重点,1853,储备业代,张婧,3037236,18826527352,林晓伟,2508278,18819192722,汤波-2506386,2506386,18826120803,宋明福-3027725,3027725,18819192552
3013,广东太古可口可乐有限公司,30130002,粤东,Y05009,汕头区,0815,汕头-澄海,0606,区域-乡镇,黄伟,2506219,13632980128,卢响锡,2509338,18819193163,王茂生-3007097,3007097,18826120037,蔡淑娥-3026444,3026444,18819193250
3013,广东太古可口可乐有限公司,30130001,粤西,Y05014,粤西KA客户群,0734,广州-重点,1836,KA-综合,刘琪,2500311,13632119698,何焕勤,2501212,18819192311,邓礼就-2504252,2504252,18819193134,黄豪伟-3027532,3027532,19811980852
3013,广东太古可口可乐有限公司,30130002,粤东,Y05024,东莞区,0792,东莞-石龙,0362,区域-乡镇,邱创荣,2506284,13632980303,袁嘉豪,3005745,18819192626,周芳娟-3030930,3030930,18826120015,陈发阳-3044604,3044604,18826122817
3013,广东太古可口可乐有限公司,30130002,粤东,Y05019,深外区,0740,深外-宝龙,7129,区域-城区,李慕雁,2506226,13632980132,朱志强,3010558,18819193170,华志林-2506532,2506532,18819193204,黄羽-2506508,2506508,18819192371
3013,广东太古可口可乐有限公司,30130001,粤西,Y05015,广中区域,0738,广中-增城,1678,区域-乡镇,刘佳晓,2501281,13632119761,江汉民,3007645,18819193106,蔡夏骥-3015057,3015057,18819193157,巢汉标-3057440,3057440,18819192953
3041,广东太古可口可乐湛江有限公司,30410001,湛江(BU),Y10001,湛江大区,2010,廉江营业所,1459,区域-城区,李鑫元,2810095,13828289042,李汉权,2810472,15016420195,黎晓丹,2810393,18826113606,郭芬芬,3044893,18826113597
3013,广东太古可口可乐有限公司,30130002,粤东,Y05010,深中区,0747,深中-南山,7071,区域-城区,蔡志伟,2507286,13725076841,丁学高,2506269,18819193370,曾祥灵-2506236,2506236,18826120681,徐桂波-3030302,3030302,18819192530
3013,广东太古可口可乐有限公司,30130001,粤西,Y05016,粤西IC,3229,佛山IC办事处,1535,IC-综合,程志明,2501433,18819192255,丁立键,3028887,13418012123,林可欣-3043123,3043123,18898813026,刘湘-3029696,3029696,18819193016
3013,广东太古可口可乐有限公司,30130002,粤东,Y05010,深中区,0746,深中-罗湖,0002,KA-综合,蔡志伟,2507286,13725076841,钟陈汉,2506257,18819192228,杨土爱-2506647,2506647,18819193235,杨志强-3019716,3019716,18819192510
3013,广东太古可口可乐有限公司,30130002,粤东,Y05024,东莞区,0788,东莞-常平,7518,区域-城区,邱创荣,2506284,13632980303,邓富斌,2507203,18819192323,罗德帅-2507240,2507240,18819192500,胡清-3053735,3053735,19802032042
3013,广东太古可口可乐有限公司,30130002,粤东,Y05009,汕头区,3242,汕头-IC,0623,区域-城区,黄伟,2506219,13632980128,陈伟财,2509298,18819193191,郑则旭-3042822,3042822,18826121062,陈涛-3035172,3035172,18819192346
3013,广东太古可口可乐有限公司,30130001,粤西,Y05002,佛山区,0759,佛山-三水,1256,区域-城区,胡维,2508241,13929226672,边忠明,2550443,18819192388,莫火养-2508254,2508254,18819193080,许立辉-3044184,3044184,18819192694
3013,广东太古可口可乐有限公司,30130002,粤东,Y05019,深外区,0740,深外-宝龙,7136,区域-城区,李慕雁,2506226,13632980132,朱志强,3010558,18819193170,张武策-3006744,3006744,18819193143,母金元-2506466,2506466,18819192365
3013,广东太古可口可乐有限公司,30130002,粤东,Y05019,深外区,0744,深外-龙岗,0160,区域-城区,李慕雁,2506226,13632980132,张益军,2507206,18819192322,许永-2506531,2506531,18819193212,张凯-3032738,3032738,18826121369
3013,广东太古可口可乐有限公司,30130001,粤西,Y05015,广中区域,0735,广中-从化,1594,区域-乡镇,刘佳晓,2501281,13632119761,王如泉,3003419,18819193110,黄穗-3022220,3022220,18819193144,欧阳艳馨-3058708,3058708,18819192883
3013,广东太古可口可乐有限公司,30130002,粤东,Y05010,深中区,0746,深中-罗湖,0018,区域-城区,蔡志伟,2507286,13725076841,钟陈汉,2506257,18819192228,王杰-3018528,3018528,18576786816,陈柔枝-3029784,3029784,18819192507
3013,广东太古可口可乐有限公司,30130002,粤东,Y05006,河梅区,3206,河梅-吉隆,0775,KA-综合,孙泽,2506339,13632980263,施杰华,3011898,18819192433,毛可强-3023966,3023966,18819192433,卓炳陆-3004524,3004524,18819210054
3013,广东太古可口可乐有限公司,30130002,粤东,Y05010,深中区,0746,深中-罗湖,0016,KA-综合,蔡志伟,2507286,13725076841,钟陈汉,2506257,18819192228,王杰-3018528,3018528,18576786816,巫志敏-3036076,3036076,18819210075
3013,广东太古可口可乐有限公司,30130001,粤西,Y05001,番顺区,0760,番顺-陈村,1127,区域-乡镇,邓辉,2504221,13632119746,梁鸿敏,2504305,18819192266,丘扬思-3019427,3019427,18819193069,蒙东杨-3058196,3058196,18819192570
3013,广东太古可口可乐有限公司,30130002,粤东,Y05013,粤东KA客户群,0795,东莞-重点,1921,KA-CVS,张婧,3037236,18826527352,李连云,2507273,13929226150,刘燕钊-2508238,2508238,18819193068,赵苏洲-3011630,3011630,18826120831
3041,广东太古可口可乐湛江有限公司,30410001,湛江(BU),Y10002,茂名大区,2012,茂名营业所,1553,区域-城区,徐锐,2810099,18820665257,廖海梅,2810139,15818936876,黄靖,3027179,18826113920,李瑞海,3021440,18826113628
3013,广东太古可口可乐有限公司,30130002,粤东,Y05020,汕尾区,0814,汕尾-陆丰,0770,区域-乡镇,胡向,2507216,13725076877,许高勇,2509302,18819193180,敖宇民,3004284,18819193435,李炳剑-2509287,2509287,18819193257
3041,广东太古可口可乐湛江有限公司,30410001,湛江(BU),Y10001,湛江大区,2011,遂溪营业所,1510,区域-乡镇,李鑫元,2810095,13828289042,黄炳炜,2810020,13828208148,林琳,3027713,18826113681,胡伟斌,3045251,18826113665
3013,广东太古可口可乐有限公司,30130002,粤东,Y05020,汕尾区,0770,汕尾-海丰,0756,区域-城区,胡向,2507216,13725076877,邢庆,2509326,18819193187,何良林-3022303,3022303,18819210884,张诚威-3033618,3033618,18819192185
3013,广东太古可口可乐有限公司,30130001,粤西,Y05023,广新区,0727,广新-海珠,1417,区域-城区,李俊青,2502225,18819192133,梁文州,2501253,18819192188,陈小弟-3032803,3032803,18819193436,程志华-3037319,3037319,18826120124
3013,广东太古可口可乐有限公司,30130001,粤西,Y05014,粤西KA客户群,0758,佛山-重点,1847,KA-综合,刘琪,2500311,13632119698,廖劲刚,2504357,18819192199,吴建祥-2503253,2503253,13434377203,林晓静-3006377,3006377,18819192450
3013,广东太古可口可乐有限公司,30130001,粤西,Y05002,佛山区,0757,佛山-南海,1197,区域-城区,胡维,2508241,13929226672,郎春玲,3005684,19811980830,钟林辉-2503232,2503232,18819193087,罗镜东-3026743,3026743,18819192678
3013,广东太古可口可乐有限公司,30130001,粤西,Y05023,广新区,0723,广新-新龙,1025,区域-乡镇,李俊青,2502225,18819192133,梁鸿锦,2504228,18819192566,林必青-2504263,2504263,18826120613,赵贵荣-2504310,2504310,18819192791
3013,广东太古可口可乐有限公司,30130002,粤东,Y05019,深外区,0749,深外-沙井,7083,区域-城区,李慕雁,2506226,13632980132,陈崇清,2508212,18819193062,梁娅-3005892,3005892,18819210736,万闯-3047883,3047883,18819192458
3013,广东太古可口可乐有限公司,30130002,粤东,Y05007,惠州区,3201,惠州-坪山,0194,区域-乡镇,韩鹏程,2506228,13632980173,符蓉国,2507272,18819192700,蔡伟庆-2506518,2506518,18819193446,黄强-3039627,3039627,18826120389
3013,广东太古可口可乐有限公司,30130002,粤东,Y05020,汕尾区,3209,汕尾-汕尾,0740,KA-综合,胡向,2507216,13725076877,巫晓彬,2509286,18819193165,欧定江-2509357,2509357,18826120092,蔡秋洁-3059064,3059064,18819192505
3013,广东太古可口可乐有限公司,30130002,粤东,Y05007,惠州区,0783,惠州-惠阳,0855,区域-乡镇,韩鹏程,2506228,13632980173,蚁嘉斯,2509300,18819193190,翟玉涛-2507336,2507336,18819192800,李惠霞-3035186,3035186,19811980864
3013,广东太古可口可乐有限公司,30130002,粤东,Y05019,深外区,0740,深外-宝龙,7178,区域-城区,李慕雁,2506226,13632980132,朱志强,3010558,18819193170,张武策-3006744,3006744,18819193143,庄东越-3042363,3042363,18826122801
3013,广东太古可口可乐有限公司,30130002,粤东,Y05009,汕头区,0765,汕头-潮州,0661,区域-城区,黄伟,2506219,13632980128,刘舜涛,2509241,18819192522,曹小斌-2509275,2509275,18819193178,陈莲萍-3030926,3030926,18819193379
3013,广东太古可口可乐有限公司,30130001,粤西,Y05023,广新区,0723,广新-新龙,1026,区域-城区,李俊青,2502225,18819192133,梁鸿锦,2504228,18819192566,石安娜-3005836,3005836,18819192100,李健勋-3007267,3007267,18819192792
3013,广东太古可口可乐有限公司,30130001,粤西,Y05001,番顺区,0799,番顺-西樵,1109,区域-乡镇,邓辉,2504221,13632119746,严健宏,3008635,18819193091,黄健恩-3016981,3016981,18826120607,梁应健-3054528,3054528,18819192583
3013,广东太古可口可乐有限公司,30130002,粤东,Y05009,汕头区,0769,汕头-潮阳,0700,区域-乡镇,黄伟,2506219,13632980128,肖铜金,2508281,18819193054,李伟喜-2509285,2509285,18819193176,吴少如-3056087,3056087,18898813004
3013,广东太古可口可乐有限公司,30130001,粤西,Y05001,番顺区,0762,番顺-顺德,1083,区域-乡镇,邓辉,2504221,13632119746,刁顺见,3005451,18819192155,周锡源-2502201,2502201,18819193076,叶金玲-3042132,3042132,18819192610
3013,广东太古可口可乐有限公司,30130002,粤东,Y05019,深外区,0744,深外-龙岗,0166,区域-乡镇,李慕雁,2506226,13632980132,张益军,2507206,18819192322,洪小梅-2506270,2506270,18819193209,简远珠-3008684,3008684,18819192386
3013,广东太古可口可乐有限公司,30130002,粤东,Y05020,汕尾区,0767,汕尾-揭阳,0680,区域-城区,胡向,2507216,13725076877,林静,2507209,18819192355,周浩深-3028032,3028032,18819193181,吴桂城-3050116,3050116,18811893408
3013,广东太古可口可乐有限公司,30130002,粤东,Y05010,深中区,0742,深中-福田,0052,区域-城区,蔡志伟,2507286,13725076841,黄锦聪,2508277,18819193380,姚威-3016261,3016261,18819193206,钟武斌-3030918,3030918,18819192487
3013,广东太古可口可乐有限公司,30130002,粤东,Y05019,深外区,0740,深外-宝龙,0131,KA-MT,李慕雁,2506226,13632980132,朱志强,3010558,18819193170,张武策-3006744,3006744,18819193143,方泽彬-3045116,3045116,18819192367
3041,广东太古可口可乐湛江有限公司,30410001,湛江(BU),Y10001,湛江大区,2008,雷州营业所,1350,区域-城区,李鑫元,2810095,13828289042,莫增寿,2810413,18826672301,陈发春,2810206,18826113595,蔡娟英,2810199,18826113583
3013,广东太古可口可乐有限公司,30130002,粤东,Y05019,深外区,0753,深外-塘厦,0556,区域-乡镇,李慕雁,2506226,13632980132,杨志威,2508259,18819192611,陈军-3007950,3007950,18819193217,刘亮亮-3003171,3003171,19802011590
3013,广东太古可口可乐有限公司,30130002,粤东,Y05009,汕头区,0768,汕头-汕头,0618,区域-城区,黄伟,2506219,13632980128,肖海洲,2509354,18819193148,杨俊杰-2570009,2570009,18819193186,陈锋霖-3049656,3049656,18819192344
3013,广东太古可口可乐有限公司,30130002,粤东,Y05009,汕头区,0769,汕头-潮阳,0723,区域-城区,黄伟,2506219,13632980128,肖铜金,2508281,18819193054,郑煜涛-3023884,3023884,18819193163,蔡业坤-2509381,2509381,18819192265
3013,广东太古可口可乐有限公司,30130001,粤西,Y05015,广中区域,0732,广中-天河,1347,区域-乡镇,刘佳晓,2501281,13632119761,陈濠明,2504363,18819193075,陈浩铭-3006774,3006774,18819192799,成长洪-2505232,2505232,18819192770
3013,广东太古可口可乐有限公司,30130002,粤东,Y05010,深中区,0742,深中-福田,7044,区域-城区,蔡志伟,2507286,13725076841,黄锦聪,2508277,18819193380,李玲君-3010035,3010035,19811980850,喻红霞-3055784,3055784,18819192482
3013,广东太古可口可乐有限公司,30130002,粤东,Y05007,惠州区,0783,惠州-惠阳,0849,KA-综合,韩鹏程,2506228,13632980173,蚁嘉斯,2509300,18819193190,翟玉涛-2507336,2507336,18819192800,李海英-3029148,3029148,18819192220
3013,广东太古可口可乐有限公司,30130002,粤东,Y05019,深外区,0749,深外-沙井,7207,区域-城区,李慕雁,2506226,13632980132,陈崇清,2508212,18819193062,杨雄财-3025121,3025121,18819193225,余碧霞-3031094,3031094,18819192413
3013,广东太古可口可乐有限公司,30130002,粤东,Y05019,深外区,0787,深外-长安,7530,区域-城区,李慕雁,2506226,13632980132,杨刚,2506233,18819192622,李洪耀-3005891,3005891,18819193061,雷荣龙-3012456,3012456,18819192012
3013,广东太古可口可乐有限公司,30130001,粤西,Y05003,广外区域,3226,广外-人和,1479,区域-乡镇,胡铭洋,3019330,18926210250,温焕星,3024275,18819193082,陈国华-2501318,2501318,18826121808,关平德-3053148,3053148,18819192814
3013,广东太古可口可乐有限公司,30130001,粤西,Y05001,番顺区,0761,番顺-龙江,1118,区域-乡镇,邓辉,2504221,13632119746,罗添平,2505203,18819192525,莫月安-3015050,3015050,18819193073,甘文文-3017026,3017026,18819193251
3013,广东太古可口可乐有限公司,30130001,粤西,Y05002,佛山区,0755,佛山-高明,1216,区域-乡镇,胡维,2508241,13929226672,林坡利,2501555,18819192400,李燕琪-3045093,3045093,18819193083,刘明芳-3037246,3037246,18819192654
3013,广东太古可口可乐有限公司,30130002,粤东,Y05007,惠州区,0784,惠州-惠州,0827,区域-乡镇,韩鹏程,2506228,13632980173,何国威,2508207,18819192033,刘春盛-2507311,2507311,18826120697,王兰-3044811,3044811,18819192243
3013,广东太古可口可乐有限公司,30130002,粤东,Y05019,深外区,0787,深外-长安,0529,区域-城区,李慕雁,2506226,13632980132,杨刚,2506233,18819192622,樊孝虎,2506388,18819192488,吕福文-3006100,3006100,18819192005
3013,广东太古可口可乐有限公司,30130001,粤西,Y05001,番顺区,0762,番顺-顺德,1089,区域-城区,邓辉,2504221,13632119746,刁顺见,3005451,18819192155,周锡源-2502201,2502201,18819193076,赵伟彪-2504219,2504219,18819192627
3013,广东太古可口可乐有限公司,30130002,粤东,Y05020,汕尾区,0767,汕尾-揭阳,0681,区域-乡镇,胡向,2507216,13725076877,林静,2507209,18819192355,李武俊-2509278,2509278,18819193183,张芳英-3058977,3058977,18819192294
3013,广东太古可口可乐有限公司,30130002,粤东,Y05010,深中区,0747,深中-南山,0075,区域-城区,蔡志伟,2507286,13725076841,丁学高,2506269,18819193370,陈剑彪,3012496,18819193227,李东伟-3031751,3031751,18898813017
3013,广东太古可口可乐有限公司,30130002,粤东,Y05020,汕尾区,0767,汕尾-揭阳,0685,区域-乡镇,胡向,2507216,13725076877,林静,2507209,18819192355,周浩深-3028032,3028032,18819193181,孙名帆-3040054,3040054,18819192306
3013,广东太古可口可乐有限公司,30130001,粤西,Y05001,番顺区,0760,番顺-陈村,1126,公共线路,邓辉,2504221,13632119746,梁鸿敏,2504305,18819192266,丘扬思-3019427,3019427,18819193069,朱兆宏-3056380,3056380,18819192569
3013,广东太古可口可乐有限公司,30130002,粤东,Y05007,惠州区,0784,惠州-惠州,0811,IC-餐饮,韩鹏程,2506228,13632980173,何国威,2508207,18819192033,吴日坤-2507347,2507347,18819193171,胡文香-3020583,3020583,18819192226
3013,广东太古可口可乐有限公司,30130002,粤东,Y05024,东莞区,0817,东莞-南城,0313,区域-乡镇,邱创荣,2506284,13632980303,韩荣艺,2506385,18819192688,汤显富,3014365,18819193051,蒋新-2508263,2508263,18819192086
3013,广东太古可口可乐有限公司,30130002,粤东,Y05010,深中区,0746,深中-罗湖,7004,区域-城区,蔡志伟,2507286,13725076841,钟陈汉,2506257,18819192228,杨土爱-2506647,2506647,18819193235,唐逸明-3052240,3052240,18826120870
3013,广东太古可口可乐有限公司,30130001,粤西,Y05014,粤西KA客户群,0734,广州-重点,1820,KA-综合,刘琪,2500311,13632119698,何焕勤,2501212,18819192311,赵伟-3010260,3010260,18819193135,王念超-3056576,3056576,18819192869
3013,广东太古可口可乐有限公司,30130002,粤东,Y05024,东莞区,3236,东莞-寮步,0505,区域-乡镇,邱创荣,2506284,13632980303,胡琳,2508225,18819192020,彭云虎-2508231,2508231,18826120369,梁林富-3013959,3013959,18819192024
3013,广东太古可口可乐有限公司,30130001,粤西,Y05016,粤西IC,3229,佛山IC办事处,1541,IC-综合,程志明,2501433,18819192255,丁立键,3028887,13418012123,林可欣-3043123,3043123,18898813026,朱豪仪-3059887,3059887,18819193409
3013,广东太古可口可乐有限公司,30130001,粤西,Y05016,粤西IC,3229,佛山IC办事处,1540,大桶水,程志明,2501433,18819192255,丁立键,3028887,13418012123,林可欣-3043123,3043123,18898813026,曾志伟-2503316,2503316,18898600386
3013,广东太古可口可乐有限公司,30130002,粤东,Y05010,深中区,0747,深中-南山,0073,区域-乡镇,蔡志伟,2507286,13725076841,丁学高,2506269,18819193370,林朝泰-2506403,2506403,18819193238,高利军-2550337,2550337,18819193410
3013,广东太古可口可乐有限公司,30130001,粤西,Y05002,佛山区,0759,佛山-三水,1255,区域-乡镇,胡维,2508241,13929226672,边忠明,2550443,18819192388,莫火养-2508254,2508254,18819193080,吴伟维-3014250,3014250,18819192692
3013,广东太古可口可乐有限公司,30130001,粤西,Y05003,广外区域,0725,广外-白云,1478,区域-乡镇,胡铭洋,3019330,18926210250,汪成义,2502305,18819193150,邓东-3040342,3040342,18819193406,蒋鹏-2501239,2501239,18819193270
3013,广东太古可口可乐有限公司,30130002,粤东,Y05010,深中区,0747,深中-南山,0074,区域-乡镇,蔡志伟,2507286,13725076841,丁学高,2506269,18819193370,陈剑彪,3012496,18819193227,王宇翔,3056117,18819193467
3013,广东太古可口可乐有限公司,30130002,粤东,Y05007,惠州区,3205,惠州-仲恺,0345,区域-城区,韩鹏程,2506228,13632980173,罗搏,3013429,18819193246,刁展南,2507302,18819192011,何坤泽-3060066,3060066,18819192059
3013,广东太古可口可乐有限公司,30130001,粤西,Y05015,广中区域,0728,广中-黄埔,1335,区域-城区,刘佳晓,2501281,13632119761,陈柯维,3034890,18819193095,陈梓楠-3047668,3047668,18826121116,吴卫东-3005832,3005832,18819192753
3013,广东太古可口可乐有限公司,30130001,粤西,Y05015,广中区域,0735,广中-从化,1679,区域-乡镇,刘佳晓,2501281,13632119761,王如泉,3003419,18819193110,黄穗-3022220,3022220,18819193144,朱凯博-3043377,3043377,18819192947
3013,广东太古可口可乐有限公司,30130002,粤东,Y05010,深中区,0747,深中-南山,7062,区域-城区,蔡志伟,2507286,13725076841,丁学高,2506269,18819193370,曾祥灵-2506236,2506236,18826120681,林泽镇-3046634,3046634,18819192532
3013,广东太古可口可乐有限公司,30130001,粤西,Y05015,广中区域,0738,广中-增城,1672,区域-乡镇,刘佳晓,2501281,13632119761,江汉民,3007645,18819193106,蔡夏骥-3015057,3015057,18819193157,刘国城-2502352,2502352,18819193451
3013,广东太古可口可乐有限公司,30130001,粤西,Y05001,番顺区,0760,番顺-陈村,1128,区域-乡镇,邓辉,2504221,13632119746,梁鸿敏,2504305,18819192266,丘扬思-3019427,3019427,18819193069,赖文轩-3056966,3056966,18819192573
3013,广东太古可口可乐有限公司,30130002,粤东,Y05024,东莞区,0794,东莞-中堂,0381,区域-城区,邱创荣,2506284,13632980303,胡斌,3023627,18819193215,卢贺灯-2508210,2508210,18819193057,农振获-2508297,2508297,18819192094
3013,广东太古可口可乐有限公司,30130002,粤东,Y05020,汕尾区,0771,汕尾-普宁,0790,电商,胡向,2507216,13725076877,谢海波,2506338,18819193439,蔡元镇-3046303,3046303,18826120523,陈炯伟-3032398,3032398,18819192321
3013,广东太古可口可乐有限公司,30130001,粤西,Y05005,韶清区域,0776,韶清-清远,1622,公共线路,杨海,2505227,13826390599,蔡旭钟,3008626,18819192122,陈雪梅-3040635,3040635,18826120337,蔡梅-3035377,3035377,18826120267
3013,广东太古可口可乐有限公司,30130002,粤东,Y05020,汕尾区,0771,汕尾-普宁,0792,IC-餐饮,胡向,2507216,13725076877,谢海波,2506338,18819193439,方潮伟-3017883,3017883,18819193184,吴宏柱-3032553,3032553,18819192325
3013,广东太古可口可乐有限公司,30130002,粤东,Y05020,汕尾区,0767,汕尾-揭阳,0696,区域-乡镇,胡向,2507216,13725076877,林静,2507209,18819192355,周浩深-3028032,3028032,18819193181,陈卓研-3045803,3045803,18819193254
3013,广东太古可口可乐有限公司,30130002,粤东,Y05010,深中区,0746,深中-罗湖,0006,KA-综合,蔡志伟,2507286,13725076841,钟陈汉,2506257,18819192228,王杰-3018528,3018528,18576786816,詹五妹-3055228,3055228,18819192515
3041,广东太古可口可乐湛江有限公司,30410001,湛江(BU),Y10001,湛江大区,2010,廉江营业所,1464,区域-乡镇,李鑫元,2810095,13828289042,李汉权,2810472,15016420195,廖振球,2810158,18826113615,陈建旭,3059922,18826113613
3013,广东太古可口可乐有限公司,30130001,粤西,Y05014,粤西KA客户群,0734,广州-重点,1821,非销售线路,刘琪,2500311,13632119698,何焕勤,2501212,18819192311,邓礼就-2504252,2504252,18819193134,冼建均-2503358,2503358,18819193032
3013,广东太古可口可乐有限公司,30130002,粤东,Y05010,深中区,0742,深中-福田,7059,区域-城区,蔡志伟,2507286,13725076841,黄锦聪,2508277,18819193380,杨桥-3003103,3003103,18819193230,周义兰-3040465,3040465,18819193365
3013,广东太古可口可乐有限公司,30130002,粤东,Y05024,东莞区,0791,东莞-虎门,0435,区域-城区,邱创荣,2506284,13632980303,陈振兴,3016617,18819193168,徐日年-2508255,2508255,18819193056,温耀国-3056216,3056216,18826120336
3041,广东太古可口可乐湛江有限公司,30410001,湛江(BU),Y10001,湛江大区,2011,遂溪营业所,1507,区域-乡镇,李鑫元,2810095,13828289042,黄炳炜,2810020,13828208148,林琳,3027713,18826113681,余娇,3055998,18826113680
3013,广东太古可口可乐有限公司,30130001,粤西,Y05002,佛山区,0755,佛山-高明,1227,区域-城区,胡维,2508241,13929226672,林坡利,2501555,18819192400,庄帝钗-2501499,2501499,18819193404,陈振华-3042890,3042890,18826120756
3013,广东太古可口可乐有限公司,30130002,粤东,Y05019,深外区,0787,深外-长安,7523,区域-城区,李慕雁,2506226,13632980132,杨刚,2506233,18819192622,胡宏林,2506574,15807559522,周金平-3027707,3027707,19802011596
3041,广东太古可口可乐湛江有限公司,30410001,湛江(BU),Y10001,湛江大区,2009,徐闻营业所,1407,区域-乡镇,李鑫元,2810095,13828289042,叶王达,2810126,13828289705,刘金铖,2810092,18826113820,叶爱连,3028913,18826113819
3013,广东太古可口可乐有限公司,30130001,粤西,Y05014,粤西KA客户群,3251,粤西餐饮事业部,1977,开发员,刘琪,2500311,13632119698,陈小莉,2500502,13632119123,张肖-2501341,2501341,18819193023,李吉祥-3008726,3008726,13632119342
3013,广东太古可口可乐有限公司,30130001,粤西,Y05023,广新区,0727,广新-海珠,1414,批发,李俊青,2502225,18819192133,梁文州,2501253,18819192188,刘伟健-3020319,3020319,18802080674,马艳婷-3059394,3059394,18819192742
3041,广东太古可口可乐湛江有限公司,30410001,湛江(BU),Y10002,茂名大区,2016,电白营业所,1764,IC-综合,徐锐,2810099,18820665257,潘日丰,2810143,15818936813,李梁梅,2810209,18826113515,崔燕清,3033835,18826113513
3013,广东太古可口可乐有限公司,30130001,粤西,Y05015,广中区域,0738,广中-增城,1681,区域-城区,刘佳晓,2501281,13632119761,江汉民,3007645,18819193106,黄子健-3039629,3039629,18819193158,陈伦-3059924,3059924,18819192948
3013,广东太古可口可乐有限公司,30130002,粤东,Y05024,东莞区,0817,东莞-南城,0305,区域-乡镇,邱创荣,2506284,13632980303,韩荣艺,2506385,18819192688,蒙双雄-2506552,2506552,18819193058,陈艾华-3003350,3003350,18819192082
3013,广东太古可口可乐有限公司,30130002,粤东,Y05007,惠州区,0784,惠州-惠州,0804,IC-综合,韩鹏程,2506228,13632980173,何国威,2508207,18819192033,吴日坤-2507347,2507347,18819193171,罗超辉-3011770,3011770,18819192248
3013,广东太古可口可乐有限公司,30130002,粤东,Y05010,深中区,0745,深中-龙华,0177,区域-乡镇,蔡志伟,2507286,13725076841,杨汉仲,2500804,13632981026,胡撒-2506404,2506404,18819193318,卢武汉-3042362,3042362,18826122706
3013,广东太古可口可乐有限公司,30130002,粤东,Y05024,东莞区,3236,东莞-寮步,0582,区域-乡镇,邱创荣,2506284,13632980303,胡琳,2508225,18819192020,彭云虎-2508231,2508231,18826120369,杨苹-3014710,3014710,18826121103
3013,广东太古可口可乐有限公司,30130002,粤东,Y05010,深中区,0745,深中-龙华,0148,区域-乡镇,蔡志伟,2507286,13725076841,杨汉仲,2500804,13632981026,胡撒-2506404,2506404,18819193318,洪标誉-3058967,3058967,18819193317
3041,广东太古可口可乐湛江有限公司,30410001,湛江(BU),Y10001,湛江大区,2002,市外营业部,1054,区域-城区,李鑫元,2810095,13828289042,彭海明,3010123,13632119110,张广湖,2810122,18826113909,林小燕,2810408,18826113898
3013,广东太古可口可乐有限公司,30130002,粤东,Y05018,粤东IC事业部,0751,深圳-IC,0229,客服线路,陈建军,2503226,13632981094,刘俊宏,2506227,18819192599,岑启斌,2506249,13809859732,刘美荣-3030775,3030775,18818650416
3041,广东太古可口可乐湛江有限公司,30410001,湛江(BU),Y10001,湛江大区,2010,廉江营业所,1452,批发,李鑫元,2810095,13828289042,李汉权,2810472,15016420195,黄才鸿,2810109,18826113616,黄东,2810427,18826113608
3013,广东太古可口可乐有限公司,30130001,粤西,Y05014,粤西KA客户群,0758,佛山-重点,1846,KA-综合,刘琪,2500311,13632119698,廖劲刚,2504357,18819192199,吴建祥-2503253,2503253,13434377203,李炎-3024947,3024947,19811980856
3013,广东太古可口可乐有限公司,30130002,粤东,Y05020,汕尾区,0771,汕尾-普宁,0796,区域-城区,胡向,2507216,13725076877,谢海波,2506338,18819193439,蔡元镇-3046303,3046303,18826120523,陈泽涛-3039717,3039717,18819192329
3013,广东太古可口可乐有限公司,30130001,粤西,Y05002,佛山区,0805,佛山-芳村,1200,区域-乡镇,胡维,2508241,13929226672,胡大勇,2400167,18826120270,陈海南-3006097,3006097,18819193202,廖浩权-2550623,2550623,18819192685
3013,广东太古可口可乐有限公司,30130002,粤东,Y05007,惠州区,3205,惠州-仲恺,0363,IC-综合,韩鹏程,2506228,13632980173,罗搏,3013429,18819193246,刁展南,2507302,18819192011,徐志伟-3008811,3008811,18826120378
3013,广东太古可口可乐有限公司,30130001,粤西,Y05001,番顺区,0762,番顺-顺德,1098,区域-城区,邓辉,2504221,13632119746,刁顺见,3005451,18819192155,陈锦文-2504307,2504307,18819193078,高姗-3034521,3034521,18819192621
3013,广东太古可口可乐有限公司,30130001,粤西,Y05002,佛山区,0757,佛山-南海,1202,区域-城区,胡维,2508241,13929226672,郎春玲,3005684,19811980830,胡海强-2503277,2503277,18819193085,刘向昀-2503271,2503271,18819192674
3041,广东太古可口可乐湛江有限公司,30410001,湛江(BU),Y10001,湛江大区,2007,吴川营业所,1308,区域-城区,李鑫元,2810095,13828289042,黄宇文,2810288,15976574920,吴春桦,2810117,18826113690,王广贤,2810186,18826113686
3013,广东太古可口可乐有限公司,30130001,粤西,Y05001,番顺区,0760,番顺-陈村,1121,区域-城区,邓辉,2504221,13632119746,梁鸿敏,2504305,18819192266,郭盼盼-3040372,3040372,18819193402,曹景娟-3060055,3060055,18819192565
3041,广东太古可口可乐湛江有限公司,30410001,湛江(BU),Y10002,茂名大区,2013,化州营业所,1612,FSV,徐锐,2810099,18820665257,王鹏韬,2810450,13590003905,董林丰,2810063,18826113573,李康庆,2810354,18826113571
3013,广东太古可口可乐有限公司,30130002,粤东,Y05019,深外区,0740,深外-宝龙,7122,区域-城区,李慕雁,2506226,13632980132,朱志强,3010558,18819193170,华志林-2506532,2506532,18819193204,王小丽-3053734,3053734,18819192359
3013,广东太古可口可乐有限公司,30130002,粤东,Y05024,东莞区,0788,东莞-常平,7581,区域-城区,邱创荣,2506284,13632980303,邓富斌,2507203,18819192323,刘欢-3012064,3012064,18819192323,戴如及-2508249,2508249,18826120297
3041,广东太古可口可乐湛江有限公司,30410001,湛江(BU),Y10001,湛江大区,2008,雷州营业所,1367,区域-乡镇,李鑫元,2810095,13828289042,莫增寿,2810413,18826672301,吴倾,2810087,18826113582,周文亚,2810110,18826113590
3041,广东太古可口可乐湛江有限公司,30410001,湛江(BU),Y10002,茂名大区,2013,化州营业所,1605,公共线路,徐锐,2810099,18820665257,王鹏韬,2810450,13590003905,谢敬钧,3023008,18826113565,麦译尹,2810116,18826113562
3013,广东太古可口可乐有限公司,30130002,粤东,Y05024,东莞区,3236,东莞-寮步,0519,区域-城区,邱创荣,2506284,13632980303,胡琳,2508225,18819192020,彭云虎-2508231,2508231,18826120369,陈艳-3032237,3032237,18819193328
3013,广东太古可口可乐有限公司,30130001,粤西,Y05014,粤西KA客户群,0734,广州-重点,1814,KA-综合,刘琪,2500311,13632119698,何焕勤,2501212,18819192311,赵伟-3010260,3010260,18819193135,邓英戌-2501466,2501466,19802011519
3013,广东太古可口可乐有限公司,30130001,粤西,Y05003,广外区域,3226,广外-人和,1563,销售主管-挂客户,胡铭洋,3019330,18926210250,温焕星,3024275,18819193082,孙龙-3024692,3024692,18819193463,钟伟激-3059246,3059246,18819192898
3013,广东太古可口可乐有限公司,30130001,粤西,Y05015,广中区域,0732,广中-天河,1345,IC-综合,刘佳晓,2501281,13632119761,陈濠明,2504363,18819193075,麦新林-2504234,2504234,18819193108,唐雪连-3041870,3041870,18819192771
3013,广东太古可口可乐有限公司,30130001,粤西,Y05015,广中区域,0735,广中-从化,1597,区域-乡镇,刘佳晓,2501281,13632119761,王如泉,3003419,18819193110,骆惠贤-3054673,3054673,18819192884,朱上发-3006773,3006773,18819192885
3013,广东太古可口可乐有限公司,30130002,粤东,Y05019,深外区,0743,深外-公明,7107,区域-城区,李慕雁,2506226,13632980132,杨奕鹏,2506325,18819193382,刘强-2506521,2506521,18826120187,谢维亮-3007949,3007949,18819192378
3013,广东太古可口可乐有限公司,30130002,粤东,Y05009,汕头区,0769,汕头-潮阳,0702,IC-餐饮,黄伟,2506219,13632980128,肖铜金,2508281,18819193054,黄广隆-2509254,2509254,18819193177,李婷婷-3060259,3060259,18819192253
3041,广东太古可口可乐湛江有限公司,30410001,湛江(BU),Y10002,茂名大区,2014,高州营业所,1704,区域-城区,徐锐,2810099,18820665257,周家光,3024681,18165803114,林海燕,3033992,18826113815,赖晶晶,2810335,18826113805
3041,广东太古可口可乐湛江有限公司,30410001,湛江(BU),Y10002,茂名大区,2014,高州营业所,1705,电商,徐锐,2810099,18820665257,周家光,3024681,18165803114,林海燕,3033992,18826113815,廖雪兰,3046164,18826113806
3013,广东太古可口可乐有限公司,30130002,粤东,Y05007,惠州区,0783,惠州-惠阳,0847,FSV,韩鹏程,2506228,13632980173,蚁嘉斯,2509300,18819193190,卓伟胜-3025517,3025517,18819193173,谭伟桥-2507289,2507289,18826120781
3041,广东太古可口可乐湛江有限公司,30410001,湛江(BU),Y10002,茂名大区,2014,高州营业所,1707,区域-城区,徐锐,2810099,18820665257,周家光,3024681,18165803114,林海燕,3033992,18826113815,曾麒霖,3047864,18826113803
3013,广东太古可口可乐有限公司,30130002,粤东,Y05007,惠州区,3205,惠州-仲恺,0807,KA-MT,韩鹏程,2506228,13632980173,罗搏,3013429,18819193246,潘锡健-2507317,2507317,18819193174,刘庆院-3033199,3033199,18819192237
3013,广东太古可口可乐有限公司,30130002,粤东,Y05020,汕尾区,0771,汕尾-普宁,0791,区域-城区,胡向,2507216,13725076877,谢海波,2506338,18819193439,方潮伟-3017883,3017883,18819193184,陈伟耿-3059135,3059135,18819192324
3013,广东太古可口可乐有限公司,30130001,粤西,Y05003,广外区域,0725,广外-白云,1490,区域-城区,胡铭洋,3019330,18926210250,汪成义,2502305,18819193150,邓东-3040342,3040342,18819193406,林敬皓-2501505,2501505,18826120057
3013,广东太古可口可乐有限公司,30130002,粤东,Y05009,汕头区,0768,汕头-汕头,0652,区域-乡镇,黄伟,2506219,13632980128,肖海洲,2509354,18819193148,陈锦宏-2509273,2509273,18819192982,杨欣-3006132,3006132,18819193354
3041,广东太古可口可乐湛江有限公司,30410001,湛江(BU),Y10001,湛江大区,2008,雷州营业所,1351,区域-城区,李鑫元,2810095,13828289042,莫增寿,2810413,18826672301,陈发春,2810206,18826113595,韩升,3020123,18826113587
3041,广东太古可口可乐湛江有限公司,30410001,湛江(BU),Y10002,茂名大区,2014,高州营业所,1651,FSV,徐锐,2810099,18820665257,周家光,3024681,18165803114,陈国源,2810257,18826113536,梁华杰,2810475,18826113550
3013,广东太古可口可乐有限公司,30130002,粤东,Y05024,东莞区,0817,东莞-南城,7318,区域-城区,邱创荣,2506284,13632980303,韩荣艺,2506385,18819192688,李军军,2508426,18819192177,范敦全-3022848,3022848,18819192091
3013,广东太古可口可乐有限公司,30130002,粤东,Y05006,河梅区,3206,河梅-吉隆,7861,区域-城区,孙泽,2506339,13632980263,施杰华,3011898,18819192433,李利昌-2507450,2507450,18819193161,余仲辉-3059197,3059197,18819193253
3041,广东太古可口可乐湛江有限公司,30410001,湛江(BU),Y10001,湛江大区,2009,徐闻营业所,1402,区域-城区,李鑫元,2810095,13828289042,叶王达,2810126,13828289705,刘金铖,2810092,18826113820,李建生,2810164,18826113932
3013,广东太古可口可乐有限公司,30130002,粤东,Y05010,深中区,0739,深中-宝安,7094,区域-城区,蔡志伟,2507286,13725076841,刘信亮,2506282,18819193216,李小琴-3030505,3030505,18826120572,余振彬-2506409,2506409,18819192474
3013,广东太古可口可乐有限公司,30130001,粤西,Y05023,广新区,0723,广新-新龙,1023,区域-城区,李俊青,2502225,18819192133,梁鸿锦,2504228,18819192566,石安娜-3005836,3005836,18819192100,陈建业-3034171,3034171,18819192785
3013,广东太古可口可乐有限公司,30130001,粤西,Y05015,广中区域,0728,广中-黄埔,1336,区域-城区,刘佳晓,2501281,13632119761,陈柯维,3034890,18819193095,詹辉佳-3026350,3026350,18819193101,陈泽基-3056834,3056834,18826120857
3013,广东太古可口可乐有限公司,30130001,粤西,Y05003,广外区域,3226,广外-人和,1482,区域-城区,胡铭洋,3019330,18926210250,温焕星,3024275,18819193082,陈国华-2501318,2501318,18826121808,黎锦河,3054776,18826120074
3041,广东太古可口可乐湛江有限公司,30410001,湛江(BU),Y10002,茂名大区,2012,茂名营业所,1562,区域-城区,徐锐,2810099,18820665257,廖海梅,2810139,15818936876,徐旦明,2810453,18826113635,陈永华,2810009,18826113620
3013,广东太古可口可乐有限公司,30130001,粤西,Y05002,佛山区,0754,佛山-佛山,1157,区域-城区,胡维,2508241,13929226672,吴耿宁,2508235,18819160798,林灼成-2503345,2503345,18819192630,廖秋菊-3039533,3039533,18819192629
3013,广东太古可口可乐有限公司,30130002,粤东,Y05007,惠州区,0783,惠州-惠阳,0852,FSV,韩鹏程,2506228,13632980173,蚁嘉斯,2509300,18819193190,翟玉涛-2507336,2507336,18819192800,冯运来-3032833,3032833,18819193283
3013,广东太古可口可乐有限公司,30130001,粤西,Y05023,广新区,0726,广新-东山,1379,开发员,李俊青,2502225,18819192133,邬林峰,3023910,13724131216,陈贤鉴-3027666,3027666,18826120676,谢先俊-3059809,3059809,18826120562
3013,广东太古可口可乐有限公司,30130001,粤西,Y05002,佛山区,0755,佛山-高明,1225,区域-乡镇,胡维,2508241,13929226672,林坡利,2501555,18819192400,庄帝钗-2501499,2501499,18819193404,梁文华-2503275,2503275,18819192663
3013,广东太古可口可乐有限公司,30130002,粤东,Y05013,粤东KA客户群,0750,深圳-重点,1881,非销售线路,张婧,3037236,18826527352,林晓伟,2508278,18819192722,张双平-2506487,2506487,18819193242,梁正坤-3026800,3026800,19802012015
3013,广东太古可口可乐有限公司,30130002,粤东,Y05013,粤东KA客户群,0750,深圳-重点,1857,KA-MT,张婧,3037236,18826527352,林晓伟,2508278,18819192722,汤波-2506386,2506386,18826120803,宁建-3029687,3029687,18819192548
3013,广东太古可口可乐有限公司,30130002,粤东,Y05019,深外区,0744,深外-龙岗,0161,区域-城区,李慕雁,2506226,13632980132,张益军,2507206,18819192322,许永-2506531,2506531,18819193212,阮雪-3043231,3043231,18819192402
3013,广东太古可口可乐有限公司,30130001,粤西,Y05005,韶清区域,0776,韶清-清远,1640,区域-乡镇,杨海,2505227,13826390599,蔡旭钟,3008626,18819192122,何金耀-2502286,2502286,18819193151,陈志广-3050916,3050916,18819192930
3013,广东太古可口可乐有限公司,30130001,粤西,Y05005,韶清区域,0776,韶清-清远,1618,FSV,杨海,2505227,13826390599,蔡旭钟,3008626,18819192122,张海权-2502234,2502234,18819193152,黄计良-3003191,3003191,18819192914
3013,广东太古可口可乐有限公司,30130001,粤西,Y05023,广新区,0730,广新-荔湾,1430,区域-乡镇,李俊青,2502225,18819192133,吴晓群,2501302,13632119503,黄秋-3032434,3032434,18819193117,李淇琪-3056976,3056976,18819192852
3013,广东太古可口可乐有限公司,30130001,粤西,Y05023,广新区,0727,广新-海珠,1390,区域-城区,李俊青,2502225,18819192133,梁文州,2501253,18819192188,陈小弟-3032803,3032803,18819193436,谭界-2501680,2501680,18819193315
3041,广东太古可口可乐湛江有限公司,30410001,湛江(BU),Y10001,湛江大区,2002,市外营业部,1062,区域-乡镇,李鑫元,2810095,13828289042,彭海明,3010123,13632119110,张广湖,2810122,18826113909,官永平,3027890,18826113896
3013,广东太古可口可乐有限公司,30130002,粤东,Y05019,深外区,0744,深外-龙岗,0168,区域-乡镇,李慕雁,2506226,13632980132,张益军,2507206,18819192322,洪小梅-2506270,2506270,18819193209,洪铭良-3038310,3038310,18819192387
3013,广东太古可口可乐有限公司,30130002,粤东,Y05010,深中区,0746,深中-罗湖,0011,KA-综合,蔡志伟,2507286,13725076841,钟陈汉,2506257,18819192228,王杰-3018528,3018528,18576786816,曹祥金-2506299,2506299,18819192517
3013,广东太古可口可乐有限公司,30130002,粤东,Y05020,汕尾区,3209,汕尾-汕尾,0752,区域-城区,胡向,2507216,13725076877,巫晓彬,2509286,18819193165,欧定江-2509357,2509357,18826120092,李盛东-3042954,3042954,18819210141
3013,广东太古可口可乐有限公司,30130002,粤东,Y05020,汕尾区,0770,汕尾-海丰,0768,开发员,胡向,2507216,13725076877,邢庆,2509326,18819193187,詹响俊-2509210,2509210,18819193162,庄展翔-3015212,3015212,18819192202
3013,广东太古可口可乐有限公司,30130002,粤东,Y05018,粤东IC事业部,0751,深圳-IC,0233,区域-城区,陈建军,2503226,13632981094,刘俊宏,2506227,18819192599,蔡永祥-2506410,2506410,18898813020,陈华伟-3043318,3043318,18826121270
3013,广东太古可口可乐有限公司,30130002,粤东,Y05024,东莞区,3250,东莞-IC,0265,区域-城区,邱创荣,2506284,13632980303,张绮琴,2506476,18819193001,娄灵风-3009814,3009814,18819193219,桂永-3038194,3038194,18819192874
3013,广东太古可口可乐有限公司,30130002,粤东,Y05010,深中区,0745,深中-龙华,7150,区域-城区,蔡志伟,2507286,13725076841,杨汉仲,2500804,13632981026,王远伟,2506304,18819193234,温小李-3043230,3043230,18819192494
3013,广东太古可口可乐有限公司,30130002,粤东,Y05020,汕尾区,0767,汕尾-揭阳,0691,区域-城区,胡向,2507216,13725076877,林静,2507209,18819192355,郑棉旭-2506276,2506276,18819193182,周沛群-3017233,3017233,18819192307
3013,广东太古可口可乐有限公司,30130001,粤西,Y05023,广新区,0726,广新-东山,1378,区域-城区,李俊青,2502225,18819192133,邬林峰,3023910,13724131216,陈贤鉴-3027666,3027666,18826120676,常伟-3030540,3030540,18819193362
3013,广东太古可口可乐有限公司,30130001,粤西,Y05023,广新区,0727,广新-海珠,1413,区域-城区,李俊青,2502225,18819192133,梁文州,2501253,18819192188,陈小弟-3032803,3032803,18819193436,梁值-3026805,3026805,18819192741
3041,广东太古可口可乐湛江有限公司,30410001,湛江(BU),Y10002,茂名大区,2013,化州营业所,1615,公共线路,徐锐,2810099,18820665257,王鹏韬,2810450,13590003905,董林丰,2810063,18826113573,陈俊明,2810123,18826113576
3013,广东太古可口可乐有限公司,30130001,粤西,Y05002,佛山区,0755,佛山-高明,1217,区域-乡镇,胡维,2508241,13929226672,林坡利,2501555,18819192400,李燕琪-3045093,3045093,18819193083,邓伟驱-3031700,3031700,18819192656
3013,广东太古可口可乐有限公司,30130002,粤东,Y05013,粤东KA客户群,0795,东莞-重点,1871,KA-综合,张婧,3037236,18826527352,李连云,2507273,13929226150,刘燕钊-2508238,2508238,18819193068,黄光勋-2508237,2508237,18819192539
3013,广东太古可口可乐有限公司,30130002,粤东,Y05010,深中区,0745,深中-龙华,7144,区域-城区,蔡志伟,2507286,13725076841,杨汉仲,2500804,13632981026,王远伟,2506304,18819193234,周智明-3038593,3038593,18819192491
3013,广东太古可口可乐有限公司,30130002,粤东,Y05007,惠州区,3201,惠州-坪山,0181,区域-城区,韩鹏程,2506228,13632980173,符蓉国,2507272,18819192700,蔡伟庆-2506518,2506518,18819193446,周贤忠-3030463,3030463,18819192394
3013,广东太古可口可乐有限公司,30130002,粤东,Y05006,河梅区,3206,河梅-吉隆,0864,FSV,孙泽,2506339,13632980263,施杰华,3011898,18819192433,李利昌-2507450,2507450,18819193161,林思权-3016254,3016254,18819192206
3013,广东太古可口可乐有限公司,30130001,粤西,Y05016,粤西IC,3229,佛山IC办事处,1536,大桶水,程志明,2501433,18819192255,丁立键,3028887,13418012123,张观余-2502255,2502255,18819193339,魏静怡-3058940,3058940,18819193416
3013,广东太古可口可乐有限公司,30130002,粤东,Y05013,粤东KA客户群,0750,深圳-重点,1891,非销售线路,张婧,3037236,18826527352,林晓伟,2508278,18819192722,张双平-2506487,2506487,18819193242,胡柏军-2550248,2550248,19811980837
3013,广东太古可口可乐有限公司,30130002,粤东,Y05019,深外区,0753,深外-塘厦,0575,区域-乡镇,李慕雁,2506226,13632980132,杨志威,2508259,18819192611,陈军-3007950,3007950,18819193217,王庆富 -3055179,3055179,19802019642
3013,广东太古可口可乐有限公司,30130002,粤东,Y05006,河梅区,0763,河梅-梅州,0948,区域-城区,孙泽,2506339,13632980263,陈仕立,2506481,18819193389,谢新东-2507245,2507245,18819193140,李秋苑-3016348,3016348,18819192140
3013,广东太古可口可乐有限公司,30130001,粤西,Y05015,广中区域,0732,广中-天河,1320,区域-城区,刘佳晓,2501281,13632119761,陈濠明,2504363,18819193075,张诚-3050524,3050524,18819193369,雷思森-2501340,2501340,18826120263
3013,广东太古可口可乐有限公司,30130002,粤东,Y05018,粤东IC事业部,0751,深圳-IC,0222,区域-乡镇,陈建军,2503226,13632981094,刘俊宏,2506227,18819192599,吴运登-2527129,2527129,18819193221,郑海莲-3015211,3015211,18819192452
3013,广东太古可口可乐有限公司,30130001,粤西,Y05002,佛山区,0755,佛山-高明,1219,区域-城区,胡维,2508241,13929226672,林坡利,2501555,18819192400,庄帝钗-2501499,2501499,18819193404,关海俊-3060067,3060067,18819192658
3013,广东太古可口可乐有限公司,30130002,粤东,Y05009,汕头区,3242,汕头-IC,0636,区域-城区,黄伟,2506219,13632980128,陈伟财,2509298,18819193191,郑则旭-3042822,3042822,18826121062,郑佳武-3043626,3043626,18826120852
3013,广东太古可口可乐有限公司,30130001,粤西,Y05023,广新区,0721,广新-番禺,1013,区域-城区,李俊青,2502225,18819192133,李国平,2501549,18819193120,郑超跃-3028168,3028168,18819193116,廖文宝-3051259,3051259,18819192719
3013,广东太古可口可乐有限公司,30130001,粤西,Y05015,广中区域,0732,广中-天河,1346,区域-城区,刘佳晓,2501281,13632119761,陈濠明,2504363,18819193075,麦新林-2504234,2504234,18819193108,朱远江-3010196,3010196,18819192774
3013,广东太古可口可乐有限公司,30130001,粤西,Y05005,韶清区域,0773,韶清-韶关,1722,电商,杨海,2505227,13826390599,陈博,2505289,18819193196,刘锦文-3019981,3019981,18819192166,李平平-3055371,3055371,19811980861
3013,广东太古可口可乐有限公司,30130001,粤西,Y05023,广新区,0730,广新-荔湾,1427,IC-餐饮,李俊青,2502225,18819192133,吴晓群,2501302,13632119503,黄秋-3032434,3032434,18819193117,曹才军-3021299,3021299,18819192847
3013,广东太古可口可乐有限公司,30130001,粤西,Y05002,佛山区,0755,佛山-高明,1212,区域-乡镇,胡维,2508241,13929226672,林坡利,2501555,18819192400,李燕琪-3045093,3045093,18819193083,梁伟权-2503296,2503296,18819192651
3013,广东太古可口可乐有限公司,30130001,粤西,Y05003,广外区域,3226,广外-人和,1566,区域-乡镇,胡铭洋,3019330,18926210250,温焕星,3024275,18819193082,孙龙-3024692,3024692,18819193463,石海鸥-2526714,2526714,18819192901
3013,广东太古可口可乐有限公司,30130002,粤东,Y05024,东莞区,0788,东莞-常平,7502,区域-城区,邱创荣,2506284,13632980303,邓富斌,2507203,18819192323,刘欢-3012064,3012064,18819192323,成亮-3020257,3020257,18819192023
3013,广东太古可口可乐有限公司,30130002,粤东,Y05024,东莞区,0817,东莞-南城,0317,区域-乡镇,邱创荣,2506284,13632980303,韩荣艺,2506385,18819192688,李军军,2508426,18819192177,杨健-3018849,3018849,18819192090
3013,广东太古可口可乐有限公司,30130001,粤西,Y05005,韶清区域,0776,韶清-清远,1634,区域-乡镇,杨海,2505227,13826390599,蔡旭钟,3008626,18819192122,何金耀-2502286,2502286,18819193151,黄桂源-2502249,2502249,18819192919
3013,广东太古可口可乐有限公司,30130002,粤东,Y05024,东莞区,0794,东莞-中堂,0388,IC-餐饮,邱创荣,2506284,13632980303,胡斌,3023627,18819193215,刘世发-2508201,2508201,18819193060,何晴开-2508349,2508349,18819192101
3013,广东太古可口可乐有限公司,30130002,粤东,Y05006,河梅区,0782,河梅-惠东,0872,区域-乡镇,孙泽,2506339,13632980263,温劲龙,3008803,18819193138,陈正娣-3016622,3016622,18819193167,崔春生-3031428,3031428,18819192214
3013,广东太古可口可乐有限公司,30130002,粤东,Y05009,汕头区,0765,汕头-潮州,0663,区域-乡镇,黄伟,2506219,13632980128,刘舜涛,2509241,18819192522,罗幸平-2507243,2507243,18819193142,吴桂钿-3042351,3042351,18826122107
3013,广东太古可口可乐有限公司,30130001,粤西,Y05005,韶清区域,0773,韶清-韶关,1719,区域-城区,杨海,2505227,13826390599,陈博,2505289,18819193196,林庭俊-2526490,2526490,18819193195,邹先勇-3039037,3039037,18819192974
3013,广东太古可口可乐有限公司,30130002,粤东,Y05010,深中区,0742,深中-福田,7041,区域-城区,蔡志伟,2507286,13725076841,黄锦聪,2508277,18819193380,李玲君-3010035,3010035,19811980850,刘红琼-3037556,3037556,18819193261
3013,广东太古可口可乐有限公司,30130002,粤东,Y05019,深外区,0753,深外-塘厦,0555,区域-城区,李慕雁,2506226,13632980132,杨志威,2508259,18819192611,蒲俊杰-2506486,2506486,18826120083,刘伟鸿-3045257,3045257,18819192423
3041,广东太古可口可乐湛江有限公司,30410001,湛江(BU),Y10001,湛江大区,2010,廉江营业所,1455,区域-乡镇,李鑫元,2810095,13828289042,李汉权,2810472,15016420195,黄才鸿,2810109,18826113616,孙鸿甫,3020115,18826113612
3013,广东太古可口可乐有限公司,30130001,粤西,Y05015,广中区域,0728,广中-黄埔,1334,区域-乡镇,刘佳晓,2501281,13632119761,陈柯维,3034890,18819193095,詹辉佳-3026350,3026350,18819193101,李冲-2501411,2501411,18819192760
3013,广东太古可口可乐有限公司,30130001,粤西,Y05016,粤西IC,3229,佛山IC办事处,1531,IC-综合,程志明,2501433,18819192255,丁立键,3028887,13418012123,林可欣-3043123,3043123,18898813026,潘俊宇-3059794,3059794,18819193427
3013,广东太古可口可乐有限公司,30130002,粤东,Y05019,深外区,0787,深外-长安,7536,区域-城区,李慕雁,2506226,13632980132,杨刚,2506233,18819192622,樊孝虎,2506388,18819192488,廖莎-3036097,3036097,18819193468
3013,广东太古可口可乐有限公司,30130002,粤东,Y05018,粤东IC事业部,0751,深圳-IC,0221,区域-城区,陈建军,2503226,13632981094,刘俊宏,2506227,18819192599,岑启斌,2506249,13809859732,郭磊-2550083,2550083,18898813013
3013,广东太古可口可乐有限公司,30130001,粤西,Y05005,韶清区域,0776,韶清-清远,1613,FSV,杨海,2505227,13826390599,蔡旭钟,3008626,18819192122,张海权-2502234,2502234,18819193152,黄海清-2502304,2502304,18819192910
3013,广东太古可口可乐有限公司,30130002,粤东,Y05019,深外区,0743,深外-公明,0117,区域-城区,李慕雁,2506226,13632980132,杨奕鹏,2506325,18819193382,钟威龙-2506575,2506575,18819193208,史建建-3015578,3015578,18826120375
3013,广东太古可口可乐有限公司,30130001,粤西,Y05015,广中区域,0728,广中-黄埔,1332,区域-城区,刘佳晓,2501281,13632119761,陈柯维,3034890,18819193095,黄茂坚-2501313,2501313,18819193103,王勇成-2501606,2501606,18819192758
3041,广东太古可口可乐湛江有限公司,30410001,湛江(BU),Y10002,茂名大区,2012,茂名营业所,1565,区域-城区,徐锐,2810099,18820665257,廖海梅,2810139,15818936876,杨华丽,2810420,18826113652,朱晓军,3024677,18826113639
3013,广东太古可口可乐有限公司,30130002,粤东,Y05009,汕头区,0768,汕头-汕头,0633,KA-综合,黄伟,2506219,13632980128,肖海洲,2509354,18819193148,潘永超-2525214,2525214,13929618716,肖喜生-3059040,3059040,18819192350
3013,广东太古可口可乐有限公司,30130001,粤西,Y05005,韶清区域,0773,韶清-韶关,1711,电商,杨海,2505227,13826390599,陈博,2505289,18819193196,刘锦文-3019981,3019981,18819192166,张海平 -3026223,3026223,18819193198
3041,广东太古可口可乐湛江有限公司,30410001,湛江(BU),Y10002,茂名大区,2013,化州营业所,1602,公共线路,徐锐,2810099,18820665257,王鹏韬,2810450,13590003905,谢敬钧,3023008,18826113565,庞灿锋,2810461,18826113558
3013,广东太古可口可乐有限公司,30130002,粤东,Y05019,深外区,0753,深外-塘厦,0549,区域-乡镇,李慕雁,2506226,13632980132,杨志威,2508259,18819192611,吴俊鹏,3012072,18819193239,冯建良-3039637,3039637,18819192427
3013,广东太古可口可乐有限公司,30130001,粤西,Y05002,佛山区,0754,佛山-佛山,1171,区域-城区,胡维,2508241,13929226672,吴耿宁,2508235,18819160798,林灼成-2503345,2503345,18819192630,谢冠豪-3039482,3039482,18819192636
3041,广东太古可口可乐湛江有限公司,30410001,湛江(BU),Y10001,湛江大区,2008,雷州营业所,1357,区域-乡镇,李鑫元,2810095,13828289042,莫增寿,2810413,18826672301,吴倾,2810087,18826113582,吴孟霞,3029387,18826113916
3013,广东太古可口可乐有限公司,30130002,粤东,Y05006,河梅区,0763,河梅-梅州,0945,区域-城区,孙泽,2506339,13632980263,陈仕立,2506481,18819193389,谢新东-2507245,2507245,18819193140,陈森强-2507252,2507252,18819192137
3013,广东太古可口可乐有限公司,30130001,粤西,Y05002,佛山区,0754,佛山-佛山,1165,公共线路,胡维,2508241,13929226672,吴耿宁,2508235,18819160798,杨翔云-2503301,2503301,18819193089,陈鼎-3007212,3007212,18819192634
3013,广东太古可口可乐有限公司,30130001,粤西,Y05023,广新区,0812,广新-大学城,1391,区域-城区,李俊青,2502225,18819192133,余新勇,2504217,18819192200,吴迪斯-3006054,3006054,18826121176,杜川-3016016,3016016,18819192734
3013,广东太古可口可乐有限公司,30130001,粤西,Y05001,番顺区,0762,番顺-顺德,1081,区域-城区,邓辉,2504221,13632119746,刁顺见,3005451,18819192155,周锡源-2502201,2502201,18819193076,汤锡秋-2504261,2504261,18819192623
3013,广东太古可口可乐有限公司,30130001,粤西,Y05003,广外区域,0725,广外-白云,1475,区域-城区,胡铭洋,3019330,18926210250,汪成义,2502305,18819193150,叶石良-3039785,3039785,18819193112,廖伟斌-3021546,3021546,18819192805
3013,广东太古可口可乐有限公司,30130002,粤东,Y05013,粤东KA客户群,3238,粤东餐饮事业部,1907,IC-餐饮,张婧,3037236,18826527352,邱隽逸,2506438,15013880423,薛棚-2550679,2550679,13632980311,胡林燕-3048200,3048200,18819192448
3013,广东太古可口可乐有限公司,30130002,粤东,Y05010,深中区,0745,深中-龙华,0176,区域-城区,蔡志伟,2507286,13725076841,杨汉仲,2500804,13632981026,黄亿锐-3035698,3035698,18819193226,王雷静-3059488,3059488,18826121561
3013,广东太古可口可乐有限公司,30130002,粤东,Y05013,粤东KA客户群,0795,东莞-重点,1875,KA-综合,张婧,3037236,18826527352,李连云,2507273,13929226150,刘燕钊-2508238,2508238,18819193068,盘进衡-2508353,2508353,18819192543
3013,广东太古可口可乐有限公司,30130002,粤东,Y05006,河梅区,0763,河梅-梅州,0951,区域-城区,孙泽,2506339,13632980263,陈仕立,2506481,18819193389,肖喜辉-2507213,2507213,18819193139,陈文燕-3017627,3017627,18819192143
3013,广东太古可口可乐有限公司,30130001,粤西,Y05023,广新区,0812,广新-大学城,1382,IC-综合,李俊青,2502225,18819192133,余新勇,2504217,18819192200,钟定良-3017697,3017697,18819193096,王瀚锴-3028638,3028638,18819192730
3013,广东太古可口可乐有限公司,30130002,粤东,Y05007,惠州区,0781,惠州-博龙,0834,区域-乡镇,韩鹏程,2506228,13632980173,谭力乐,2507297,18819192066,钟明,2508343,18819193049,黄美玲-3038389,3038389,18819192158
3013,广东太古可口可乐有限公司,30130002,粤东,Y05019,深外区,0787,深外-长安,0540,区域-乡镇,李慕雁,2506226,13632980132,杨刚,2506233,18819192622,樊孝虎,2506388,18819192488,杨林,2508352,18826121850
3013,广东太古可口可乐有限公司,30130002,粤东,Y05024,东莞区,0788,东莞-常平,0568,区域-城区,邱创荣,2506284,13632980303,邓富斌,2507203,18819192323,廖文辉-2508283,2508283,18819193065,何承轩-3020913,3020913,18819192436
3013,广东太古可口可乐有限公司,30130001,粤西,Y05023,广新区,0727,广新-海珠,1388,区域-城区,李俊青,2502225,18819192133,梁文州,2501253,18819192188,徐恒-3013875,3013875,18819193312,唐辉-3055237,3055237,18819192724
3013,广东太古可口可乐有限公司,30130002,粤东,Y05010,深中区,0747,深中-南山,0064,区域-城区,蔡志伟,2507286,13725076841,丁学高,2506269,18819193370,曾祥灵-2506236,2506236,18826120681,温美玲-3059259,3059259,18819192527
3013,广东太古可口可乐有限公司,30130001,粤西,Y05023,广新区,0812,广新-大学城,1381,区域-城区,李俊青,2502225,18819192133,余新勇,2504217,18819192200,钟定良-3017697,3017697,18819193096,李明勇-2501290,2501290,18819192764
3013,广东太古可口可乐有限公司,30130002,粤东,Y05006,河梅区,0764,河梅-兴宁,0971,区域-乡镇,孙泽,2506339,13632980263,陈春发,2509220,18819192511,孙向东-2507211,2507211,18819193141,张苑雄-2507225,2507225,18819192154
3013,广东太古可口可乐有限公司,30130002,粤东,Y05018,粤东IC事业部,0751,深圳-IC,0228,区域-城区,陈建军,2503226,13632981094,刘俊宏,2506227,18819192599,梁建新,2501207,13632981032,李会花,3024124,13724337535
3041,广东太古可口可乐湛江有限公司,30410001,湛江(BU),Y10001,湛江大区,2009,徐闻营业所,1405,区域-城区,李鑫元,2810095,13828289042,叶王达,2810126,13828289705,刘金铖,2810092,18826113820,张文忠,2810267,18826113936
3013,广东太古可口可乐有限公司,30130001,粤西,Y05005,韶清区域,0778,韶清-英德,1785,区域-乡镇,杨海,2505227,13826390599,刘锦泉,3014498,18819193104,张伟英-3020016,3020016,18819193192,林海寿-3055263,3055263,18819193005
3041,广东太古可口可乐湛江有限公司,30410001,湛江(BU),Y10001,湛江大区,2010,廉江营业所,1450,区域-乡镇,李鑫元,2810095,13828289042,李汉权,2810472,15016420195,黎晓丹,2810393,18826113606,罗兰青,2810474,18826113603
3013,广东太古可口可乐有限公司,30130001,粤西,Y05005,韶清区域,0776,韶清-清远,1635,区域-城区,杨海,2505227,13826390599,蔡旭钟,3008626,18819192122,何金耀-2502286,2502286,18819193151,谭焯辉-3030923,3030923,18819192927
3013,广东太古可口可乐有限公司,30130001,粤西,Y05015,广中区域,0735,广中-从化,1598,区域-城区,刘佳晓,2501281,13632119761,王如泉,3003419,18819193110,黄穗-3022220,3022220,18819193144,李凌波-2502267,2502267,18819192880
3013,广东太古可口可乐有限公司,30130002,粤东,Y05019,深外区,0749,深外-沙井,0210,KA-综合,李慕雁,2506226,13632980132,陈崇清,2508212,18819193062,杨雄财-3025121,3025121,18819193225,石胜-2506511,2506511,18819192409
3013,广东太古可口可乐有限公司,30130002,粤东,Y05007,惠州区,0781,惠州-博龙,0892,区域-城区,韩鹏程,2506228,13632980173,谭力乐,2507297,18819192066,王凯宇-3004526,3004526,18819193160,李鹏程-3025008,3025008,18819192171
3041,广东太古可口可乐湛江有限公司,30410001,湛江(BU),Y10001,湛江大区,2007,吴川营业所,1303,区域-城区,李鑫元,2810095,13828289042,黄宇文,2810288,15976574920,张杰森,2810337,18826113802,陈鸿涛,3048076,18826113925
3013,广东太古可口可乐有限公司,30130001,粤西,Y05003,广外区域,0804,广外-太和,1472,区域-城区,胡铭洋,3019330,18926210250,陈藤云,2502287,18819192533,陈油山-3015809,3015809,18819193098,陈南光-3052767,3052767,18819192803
3013,广东太古可口可乐有限公司,30130002,粤东,Y05010,深中区,0739,深中-宝安,0089,区域-乡镇,蔡志伟,2507286,13725076841,刘信亮,2506282,18819193216,陈超凡-2506275,2506275,18819193224,邹兆宏-2506215,2506215,18819192471
3013,广东太古可口可乐有限公司,30130001,粤西,Y05023,广新区,0730,广新-荔湾,1428,区域-乡镇,李俊青,2502225,18819192133,吴晓群,2501302,13632119503,李德-3044735,3044735,18819193118,杜碧君-3059322,3059322,18819192848
3013,广东太古可口可乐有限公司,30130002,粤东,Y05010,深中区,0742,深中-福田,0046,区域-城区,蔡志伟,2507286,13725076841,黄锦聪,2508277,18819193380,杨桥-3003103,3003103,18819193230,李瑞琴-3037117,3037117,18819193343
3013,广东太古可口可乐有限公司,30130002,粤东,Y05019,深外区,0743,深外-公明,0112,区域-城区,李慕雁,2506226,13632980132,杨奕鹏,2506325,18819193382,刘强-2506521,2506521,18826120187,欧霜丽-3044049,3044049,18819192385
3013,广东太古可口可乐有限公司,30130002,粤东,Y05007,惠州区,3201,惠州-坪山,0184,区域-乡镇,韩鹏程,2506228,13632980173,符蓉国,2507272,18819192700,蔡伟庆-2506518,2506518,18819193446,张镇贤-2550474,2550474,18819192397
3013,广东太古可口可乐有限公司,30130002,粤东,Y05024,东莞区,0794,东莞-中堂,0384,区域-城区,邱创荣,2506284,13632980303,胡斌,3023627,18819193215,卢贺灯-2508210,2508210,18819193057,李超-3027367,3027367,18819192095
3013,广东太古可口可乐有限公司,30130002,粤东,Y05024,东莞区,0817,东莞-南城,0301,开发员,邱创荣,2506284,13632980303,韩荣艺,2506385,18819192688,蒙双雄-2506552,2506552,18819193058,陈柏羽-3055413,3055413,18819192081
3013,广东太古可口可乐有限公司,30130002,粤东,Y05007,惠州区,0783,惠州-惠阳,0846,IC-餐饮,韩鹏程,2506228,13632980173,蚁嘉斯,2509300,18819193190,赖献超-3036291,3036291,18826121301,全纯德-3051455,3051455,18819192219
3013,广东太古可口可乐有限公司,30130001,粤西,Y05002,佛山区,0757,佛山-南海,1169,公共线路,胡维,2508241,13929226672,郎春玲,3005684,19811980830,钟林辉-2503232,2503232,18819193087,陈桐星-3045671,3045671,18826120287
3041,广东太古可口可乐湛江有限公司,30410001,湛江(BU),Y10001,湛江大区,2010,廉江营业所,1457,区域-城区,李鑫元,2810095,13828289042,李汉权,2810472,15016420195,黎晓丹,2810393,18826113606,宁广霞,3028736,18826113602
3013,广东太古可口可乐有限公司,30130002,粤东,Y05010,深中区,0742,深中-福田,0042,区域-城区,蔡志伟,2507286,13725076841,黄锦聪,2508277,18819193380,杨桥-3003103,3003103,18819193230,黄远红-3032759,3032759,18819192485
3013,广东太古可口可乐有限公司,30130001,粤西,Y05002,佛山区,0757,佛山-南海,1234,区域-乡镇,胡维,2508241,13929226672,郎春玲,3005684,19811980830,胡海强-2503277,2503277,18819193085,邱利金-3024798,3030211,18819192675
3041,广东太古可口可乐湛江有限公司,30410001,湛江(BU),Y10001,湛江大区,2007,吴川营业所,1313,公共线路,李鑫元,2810095,13828289042,黄宇文,2810288,15976574920,张杰森,2810337,18826113802,陈秋玲,3059728,18826113617
3013,广东太古可口可乐有限公司,30130002,粤东,Y05006,河梅区,0780,河梅-龙川,0926,区域-乡镇,孙泽,2506339,13632980263,黄永兴,2507261,18819193048,田俊龙,3027312,18819192088,戴利容-3041852,3041852,18819192120
3013,广东太古可口可乐有限公司,30130002,粤东,Y05010,深中区,0739,深中-宝安,0090,区域-城区,蔡志伟,2507286,13725076841,刘信亮,2506282,18819193216,李小琴-3030505,3030505,18826120572,朱品辉-2506367,2506367,18819192472
3013,广东太古可口可乐有限公司,30130002,粤东,Y05024,东莞区,0817,东莞-南城,0306,IC-综合,邱创荣,2506284,13632980303,韩荣艺,2506385,18819192688,蒙双雄-2506552,2506552,18819193058,梁素美-3043937,3043937,18819192083
3013,广东太古可口可乐有限公司,30130002,粤东,Y05019,深外区,0749,深外-沙井,7213,区域-城区,李慕雁,2506226,13632980132,陈崇清,2508212,18819193062,杨雄财-3025121,3025121,18819193225,王春明-2506615,2506615,18819192415
3013,广东太古可口可乐有限公司,30130002,粤东,Y05006,河梅区,3206,河梅-吉隆,0877,区域-城区,孙泽,2506339,13632980263,施杰华,3011898,18819192433,李利昌-2507450,2507450,18819193161,郭敏聪-2507321,2507321,18819193407
3013,广东太古可口可乐有限公司,30130001,粤西,Y05023,广新区,0727,广新-海珠,1385,区域-城区,李俊青,2502225,18819192133,梁文州,2501253,18819192188,徐恒-3013875,3013875,18819193312,梁维仲-3050386,3050386,18819193314
3013,广东太古可口可乐有限公司,30130001,粤西,Y05003,广外区域,0804,广外-太和,1480,区域-乡镇,胡铭洋,3019330,18926210250,陈藤云,2502287,18819192533,陈油山-3015809,3015809,18819193098,宋彩玲-3055666,3055666,18819192801
3013,广东太古可口可乐有限公司,30130001,粤西,Y05005,韶清区域,0776,韶清-清远,1631,FSV,杨海,2505227,13826390599,蔡旭钟,3008626,18819192122,黄海敏-2502271,2502271,18898813029,郑宇航-3010529,3010529,18819192924
3013,广东太古可口可乐有限公司,30130001,粤西,Y05016,粤西IC,3229,佛山IC办事处,1534,IC-综合,程志明,2501433,18819192255,丁立键,3028887,13418012123,张观余-2502255,2502255,18819193339,钟任-3050520,3050520,18819193018
3013,广东太古可口可乐有限公司,30130001,粤西,Y05023,广新区,0723,广新-新龙,1034,区域-乡镇,李俊青,2502225,18819192133,梁鸿锦,2504228,18819192566,石安娜-3005836,3005836,18819192100,黄尹婷-3031451,3031451,19802012152
3013,广东太古可口可乐有限公司,30130002,粤东,Y05018,粤东IC事业部,0751,深圳-IC,4511,开发员,陈建军,2503226,13632981094,刘俊宏,2506227,18819192599,钟俊杰,3029580,17688463976,梁如钎-3019340,3019340,15112258871
3013,广东太古可口可乐有限公司,30130002,粤东,Y05019,深外区,0787,深外-长安,7527,区域-城区,李慕雁,2506226,13632980132,杨刚,2506233,18819192622,胡宏林,2506574,15807559522,蒋久卫-3033140,3033140,18898813010
3013,广东太古可口可乐有限公司,30130002,粤东,Y05019,深外区,0744,深外-龙岗,7167,区域-城区,李慕雁,2506226,13632980132,张益军,2507206,18819192322,洪小梅-2506270,2506270,18819193209,温洪-3013219,3013219,18819192407
3013,广东太古可口可乐有限公司,30130001,粤西,Y05016,粤西IC,0724,广州-IC,1967,储备业代,程志明,2501433,18819192255,卜增晓,3056544,18028654240,招玉珊-3031225,3031225,19811980851,吴胜凯-3039647,3039647,18819193397
3013,广东太古可口可乐有限公司,30130001,粤西,Y05001,番顺区,0760,番顺-陈村,1132,区域-乡镇,邓辉,2504221,13632119746,梁鸿敏,2504305,18819192266,郭盼盼-3040372,3040372,18819193402,蔡毓青-3058676,3058676,18819192571
3013,广东太古可口可乐有限公司,30130001,粤西,Y05001,番顺区,0722,番顺-南沙,1055,区域-城区,邓辉,2504221,13632119746,黄伟乐,2502237,18819192121,冯嘉棋,3016035,18819193070,周凯悦-3058811,3058811,18819192601
3013,广东太古可口可乐有限公司,30130001,粤西,Y05023,广新区,0730,广新-荔湾,1434,区域-城区,李俊青,2502225,18819192133,吴晓群,2501302,13632119503,黄秋-3032434,3032434,18819193117,张青-3003219,3003219,18819192854
3041,广东太古可口可乐湛江有限公司,30410001,湛江(BU),Y10001,湛江大区,2008,雷州营业所,1358,区域-乡镇,李鑫元,2810095,13828289042,莫增寿,2810413,18826672301,陈发春,2810206,18826113595,苏敏,2810323,18826113591
3013,广东太古可口可乐有限公司,30130002,粤东,Y05020,汕尾区,0814,汕尾-陆丰,0743,区域-城区,胡向,2507216,13725076877,许高勇,2509302,18819193180,林加暖-3028400,3028400,18819193164,张泽镇-3046655,3046655,18819192174
3013,广东太古可口可乐有限公司,30130001,粤西,Y05023,广新区,0721,广新-番禺,1004,KA-综合,李俊青,2502225,18819192133,李国平,2501549,18819193120,詹桂彬-2504270,2504270,18819193093,胡煦钧-3016425,3016425,18819192709
3013,广东太古可口可乐有限公司,30130002,粤东,Y05010,深中区,0746,深中-罗湖,0019,区域-城区,蔡志伟,2507286,13725076841,钟陈汉,2506257,18819192228,杨敏健-3030368,3030368,18819193237,胡顺兴-3016078,3016078,18819192508
3013,广东太古可口可乐有限公司,30130002,粤东,Y05020,汕尾区,0770,汕尾-海丰,0772,区域-城区,胡向,2507216,13725076877,邢庆,2509326,18819193187,詹响俊-2509210,2509210,18819193162,刘秀原-3024621,3024621,18819193325
3013,广东太古可口可乐有限公司,30130002,粤东,Y05009,汕头区,0815,汕头-澄海,0619,区域-城区,黄伟,2506219,13632980128,卢响锡,2509338,18819193163,王茂生-3007097,3007097,18826120037,丁?派-3059470,3059470,18819192334
3013,广东太古可口可乐有限公司,30130001,粤西,Y05002,佛山区,0757,佛山-南海,1203,区域-乡镇,胡维,2508241,13929226672,郎春玲,3005684,19811980830,钟林辉-2503232,2503232,18819193087,李楚钦-3051272,3051272,18819192681
3013,广东太古可口可乐有限公司,30130002,粤东,Y05024,东莞区,0788,东莞-常平,0511,区域-城区,邱创荣,2506284,13632980303,邓富斌,2507203,18819192323,罗德帅-2507240,2507240,18819192500,黄李园-3012510,3012510,18819192028
3013,广东太古可口可乐有限公司,30130002,粤东,Y05019,深外区,0787,深外-长安,7525,区域-城区,李慕雁,2506226,13632980132,杨刚,2506233,18819192622,胡宏林,2506574,15807559522,张志玲-3034430,3034430,18819192003
3013,广东太古可口可乐有限公司,30130002,粤东,Y05013,粤东KA客户群,0795,东莞-重点,1922,KA-CVS,张婧,3037236,18826527352,李连云,2507273,13929226150,刘燕钊-2508238,2508238,18819193068,唐冲-3052218,3052218,18826120839
3013,广东太古可口可乐有限公司,30130002,粤东,Y05013,粤东KA客户群,0750,深圳-重点,1890,取消线路,张婧,3037236,18826527352,林晓伟,2508278,18819192722,张双平-2506487,2506487,18819193242,丁莉华-3018433,3018433,19811980836
3013,广东太古可口可乐有限公司,30130001,粤西,Y05016,粤西IC,0724,广州-IC,1965,开发员,程志明,2501433,18819192255,卜增晓,3056544,18028654240,招玉珊-3031225,3031225,19811980851,杨少炎-3037475,3037475,18819212378
3013,广东太古可口可乐有限公司,30130002,粤东,Y05013,粤东KA客户群,0795,东莞-重点,1877,KA-CVS,张婧,3037236,18826527352,李连云,2507273,13929226150,刘燕钊-2508238,2508238,18819193068,钱嘉仪-2508365,2508365,18819192545
3013,广东太古可口可乐有限公司,30130001,粤西,Y05015,广中区域,0728,广中-黄埔,1331,区域-城区,刘佳晓,2501281,13632119761,陈柯维,3034890,18819193095,詹辉佳-3026350,3026350,18819193101,陈泓贝-3054184,3054184,18819192762
3041,广东太古可口可乐湛江有限公司,30410001,湛江(BU),Y10002,茂名大区,2014,高州营业所,1656,FSV,徐锐,2810099,18820665257,周家光,3024681,18165803114,邹艳玲,2810157,18826113557,吕远志,3038402,18826113539
3013,广东太古可口可乐有限公司,30130001,粤西,Y05001,番顺区,0722,番顺-南沙,1047,区域-城区,邓辉,2504221,13632119746,黄伟乐,2502237,18819192121,钟灼洪-2504328,2504328,18819193121,李剑峰-2504359,2504359,18819192606
3013,广东太古可口可乐有限公司,30130002,粤东,Y05013,粤东KA客户群,0750,深圳-重点,1883,取消线路,张婧,3037236,18826527352,林晓伟,2508278,18819192722,张双平-2506487,2506487,18819193242,张会芳-2506277,2506277,19802012091
3013,广东太古可口可乐有限公司,30130002,粤东,Y05010,深中区,0739,深中-宝安,7088,区域-城区,蔡志伟,2507286,13725076841,刘信亮,2506282,18819193216,李小琴-3030505,3030505,18826120572,曾闰闰-3031801,3031801,18819192462
3013,广东太古可口可乐有限公司,30130001,粤西,Y05016,粤西IC,0724,广州-IC,1514,IC-综合,程志明,2501433,18819192255,卜增晓,3056544,18028654240,黄飞虎-3045701,3045701,18819193021,文明-3004730,3004730,18819193015
3013,广东太古可口可乐有限公司,30130002,粤东,Y05010,深中区,0742,深中-福田,7049,区域-城区,蔡志伟,2507286,13725076841,黄锦聪,2508277,18819193380,姚威-3016261,3016261,18819193206,胡艳华-3018522,3018522,18819192486
3013,广东太古可口可乐有限公司,30130002,粤东,Y05006,河梅区,0782,河梅-惠东,7869,区域-城区,孙泽,2506339,13632980263,温劲龙,3008803,18819193138,陈正娣-3016622,3016622,18819193167,曾智玲-3029883,3029883,18819192210
3013,广东太古可口可乐有限公司,30130002,粤东,Y05007,惠州区,3205,惠州-仲恺,0562,区域-乡镇,韩鹏程,2506228,13632980173,罗搏,3013429,18819193246,李日进,2506348,18819193218,邓丁玉-3043358,3043358,18819192437
3013,广东太古可口可乐有限公司,30130002,粤东,Y05024,东莞区,0791,东莞-虎门,0421,区域-城区,邱创荣,2506284,13632980303,陈振兴,3016617,18819193168,徐日年-2508255,2508255,18819193056,李家宜-3041885,3041885,18819192042
3013,广东太古可口可乐有限公司,30130002,粤东,Y05024,东莞区,0788,东莞-常平,0506,区域-乡镇,邱创荣,2506284,13632980303,邓富斌,2507203,18819192323,罗德帅-2507240,2507240,18819192500,谢启立-3021630,3021630,18819192025
3013,广东太古可口可乐有限公司,30130002,粤东,Y05006,河梅区,0782,河梅-惠东,0866,社区电商,孙泽,2506339,13632980263,温劲龙,3008803,18819193138,陈正娣-3016622,3016622,18819193167,蔡惠华-3036579,3036579,18819193310
3013,广东太古可口可乐有限公司,30130002,粤东,Y05020,汕尾区,0771,汕尾-普宁,0736,区域-城区,胡向,2507216,13725076877,谢海波,2506338,18819193439,方潮伟-3017883,3017883,18819193184,陈家帆-3027408,3027408,18826121976
3013,广东太古可口可乐有限公司,30130002,粤东,Y05024,东莞区,0817,东莞-南城,0308,区域-城区,邱创荣,2506284,13632980303,韩荣艺,2506385,18819192688,汤显富,3014365,18819193051,黄祖梁-2508285,2508285,18819192085
3013,广东太古可口可乐有限公司,30130001,粤西,Y05023,广新区,0727,广新-海珠,1416,区域-城区,李俊青,2502225,18819192133,梁文州,2501253,18819192188,刘伟健-3020319,3020319,18802080674,康春艳-3016021,3016021,19802012159
3013,广东太古可口可乐有限公司,30130002,粤东,Y05007,惠州区,3205,惠州-仲恺,0813,IC-餐饮,韩鹏程,2506228,13632980173,罗搏,3013429,18819193246,潘锡健-2507317,2507317,18819193174,刘伟杰-3024687,3024687,18819193308
3013,广东太古可口可乐有限公司,30130002,粤东,Y05020,汕尾区,0770,汕尾-海丰,0767,区域-乡镇,胡向,2507216,13725076877,邢庆,2509326,18819193187,何良林-3022303,3022303,18819210884,周俊雄-3029680,3029680,18819192193
3013,广东太古可口可乐有限公司,30130002,粤东,Y05009,汕头区,0815,汕头-澄海,0605,区域-城区,黄伟,2506219,13632980128,卢响锡,2509338,18819193163,王茂生-3007097,3007097,18826120037,曾祥彬-3010257,3010257,18819192339
3013,广东太古可口可乐有限公司,30130001,粤西,Y05023,广新区,0726,广新-东山,1371,区域-城区,李俊青,2502225,18819192133,邬林峰,3023910,13724131216,陈贤鉴-3027666,3027666,18826120676,李晓明-2501327,2501327,18819193263
3013,广东太古可口可乐有限公司,30130002,粤东,Y05007,惠州区,3201,惠州-坪山,0183,区域-城区,韩鹏程,2506228,13632980173,符蓉国,2507272,18819192700,蔡伟庆-2506518,2506518,18819193446,罗镇权-3042771,3042771,18819192396
3041,广东太古可口可乐湛江有限公司,30410001,湛江(BU),Y10001,湛江大区,2008,雷州营业所,1366,区域-乡镇,李鑫元,2810095,13828289042,莫增寿,2810413,18826672301,陈发春,2810206,18826113595,钟林彬,3056735,18826113592
3013,广东太古可口可乐有限公司,30130002,粤东,Y05007,惠州区,0781,惠州-博龙,0899,IC-餐饮,韩鹏程,2506228,13632980173,谭力乐,2507297,18819192066,王凯宇-3004526,3004526,18819193160,蔡碧倩-3016437,3016437,19802011921
3013,广东太古可口可乐有限公司,30130001,粤西,Y05023,广新区,0721,广新-番禺,1038,区域-城区,李俊青,2502225,18819192133,李国平,2501549,18819193120,詹桂彬-2504270,2504270,18819193093,冯浩佳-3006795,3006795,18826120361
3013,广东太古可口可乐有限公司,30130001,粤西,Y05015,广中区域,0738,广中-增城,1685,区域-乡镇,刘佳晓,2501281,13632119761,江汉民,3007645,18819193106,蔡夏骥-3015057,3015057,18819193157,徐晓君-3053679,3053679,18819210154
3013,广东太古可口可乐有限公司,30130001,粤西,Y05001,番顺区,0760,番顺-陈村,1133,区域-乡镇,邓辉,2504221,13632119746,梁鸿敏,2504305,18819192266,郭盼盼-3040372,3040372,18819193402,王洪-3054839,3054839,18819192576
3013,广东太古可口可乐有限公司,30130002,粤东,Y05024,东莞区,0794,东莞-中堂,0390,区域-城区,邱创荣,2506284,13632980303,胡斌,3023627,18819193215,刘世发-2508201,2508201,18819193060,黎伟明-3009201,3009201,18819192102
3013,广东太古可口可乐有限公司,30130002,粤东,Y05024,东莞区,0792,东莞-石龙,7354,区域-城区,邱创荣,2506284,13632980303,袁嘉豪,3005745,18819192626,骆建平-2508287,2508287,18819193067,李均-3034046,3034046,18826120861
3013,广东太古可口可乐有限公司,30130002,粤东,Y05010,深中区,0745,深中-龙华,7141,区域-城区,蔡志伟,2507286,13725076841,杨汉仲,2500804,13632981026,胡撒-2506404,2506404,18819193318,刁丽娜-3056586,3056586,18819192496
3013,广东太古可口可乐有限公司,30130001,粤西,Y05023,广新区,0726,广新-东山,1364,区域-乡镇,李俊青,2502225,18819192133,邬林峰,3023910,13724131216,梁定洁-3038301,3038301,18819193114,邱星翰-3044198,3044198,18819192824
3013,广东太古可口可乐有限公司,30130001,粤西,Y05005,韶清区域,0778,韶清-英德,1783,区域-乡镇,杨海,2505227,13826390599,刘锦泉,3014498,18819193104,张伟英-3020016,3020016,18819193192,罗国彬-3055431,3055431,19802011915
3013,广东太古可口可乐有限公司,30130001,粤西,Y05003,广外区域,0804,广外-太和,1486,区域-乡镇,胡铭洋,3019330,18926210250,陈藤云,2502287,18819192533,熊盛开-2501541,2501541,18819193097,程雪怡-3051258,3051258,18802081544
3013,广东太古可口可乐有限公司,30130001,粤西,Y05023,广新区,0730,广新-荔湾,1447,区域-城区,李俊青,2502225,18819192133,吴晓群,2501302,13632119503,黄秋-3032434,3032434,18819193117,林峰震-3052341,3052341,18819192858
3013,广东太古可口可乐有限公司,30130002,粤东,Y05019,深外区,0753,深外-塘厦,7560,区域-城区,李慕雁,2506226,13632980132,杨志威,2508259,18819192611,吴俊鹏,3012072,18819193239,刘雨贤-3039069,3039069,18826121825
3013,广东太古可口可乐有限公司,30130001,粤西,Y05015,广中区域,0732,广中-天河,1341,区域-城区,刘佳晓,2501281,13632119761,陈濠明,2504363,18819193075,张诚-3050524,3050524,18819193369,谢剑连-3045362,3045362,18819192779
3013,广东太古可口可乐有限公司,30130002,粤东,Y05010,深中区,0739,深中-宝安,0084,区域-乡镇,蔡志伟,2507286,13725076841,刘信亮,2506282,18819193216,陈超凡-2506275,2506275,18819193224,梁伯荣-2506208,2506208,18819192459
3041,广东太古可口可乐湛江有限公司,30410001,湛江(BU),Y10001,湛江大区,2007,吴川营业所,1302,区域-乡镇,李鑫元,2810095,13828289042,黄宇文,2810288,15976574920,吴春桦,2810117,18826113690,叶土文,3042593,18826113695
3013,广东太古可口可乐有限公司,30130002,粤东,Y05020,汕尾区,0771,汕尾-普宁,0793,区域-城区,胡向,2507216,13725076877,谢海波,2506338,18819193439,蔡元镇-3046303,3046303,18826120523,江雁-3040969,3040969,18819192326
3013,广东太古可口可乐有限公司,30130002,粤东,Y05019,深外区,0744,深外-龙岗,0163,区域-城区,李慕雁,2506226,13632980132,张益军,2507206,18819192322,许永-2506531,2506531,18819193212,张振华-2506589,2506589,18819192404
3013,广东太古可口可乐有限公司,30130002,粤东,Y05007,惠州区,3205,惠州-仲恺,0563,区域-城区,韩鹏程,2506228,13632980173,罗搏,3013429,18819193246,李日进,2506348,18819193218,胡华雄-2507394,2507394,18819192431
3013,广东太古可口可乐有限公司,30130001,粤西,Y05005,韶清区域,0773,韶清-韶关,1712,电商,杨海,2505227,13826390599,陈博,2505289,18819193196,刘锦文-3019981,3019981,18819192166,吴观弟-3029900,3029900,18819192977
3013,广东太古可口可乐有限公司,30130002,粤东,Y05007,惠州区,3201,惠州-坪山,0193,区域-乡镇,韩鹏程,2506228,13632980173,符蓉国,2507272,18819192700,蔡伟庆-2506518,2506518,18819193446,兰世珍-3060277,3060277,18826121692
3013,广东太古可口可乐有限公司,30130002,粤东,Y05010,深中区,0739,深中-宝安,0097,区域-城区,蔡志伟,2507286,13725076841,刘信亮,2506282,18819193216,陈超凡-2506275,2506275,18819193224,曲鸿鑫-3059498,3059498,18819192468
3013,广东太古可口可乐有限公司,30130002,粤东,Y05010,深中区,0746,深中-罗湖,0017,区域-乡镇,蔡志伟,2507286,13725076841,钟陈汉,2506257,18819192228,杨敏健-3030368,3030368,18819193237,钟维善-2506376,2506376,18819192506
3013,广东太古可口可乐有限公司,30130002,粤东,Y05009,汕头区,0815,汕头-澄海,0601,区域-城区,黄伟,2506219,13632980128,卢响锡,2509338,18819193163,苏尝胆-3003336,3003336,18819193360,陈骏鑫-2509421,2509421,18819192336
3013,广东太古可口可乐有限公司,30130002,粤东,Y05024,东莞区,0792,东莞-石龙,0359,区域-城区,邱创荣,2506284,13632980303,袁嘉豪,3005745,18819192626,周芳娟-3030930,3030930,18826120015,陈炳龙-3039653,3039653,18819192068
3013,广东太古可口可乐有限公司,30130002,粤东,Y05024,东莞区,0817,东莞-南城,7322,区域-城区,邱创荣,2506284,13632980303,韩荣艺,2506385,18819192688,李军军,2508426,18819192177,周剑林-3044581,3044581,18826120279
3013,广东太古可口可乐有限公司,30130002,粤东,Y05024,东莞区,3236,东莞-寮步,7517,区域-城区,邱创荣,2506284,13632980303,胡琳,2508225,18819192020,周芳艳-3015026,3015026,18819193050,邹伟旺-3036094,3036094,18819193449
3013,广东太古可口可乐有限公司,30130001,粤西,Y05015,广中区域,0732,广中-天河,1340,区域-城区,刘佳晓,2501281,13632119761,陈濠明,2504363,18819193075,吴文强-2501430,2501430,18819192399,钟达冲-3053318,3053318,19802032114
3013,广东太古可口可乐有限公司,30130002,粤东,Y05019,深外区,0753,深外-塘厦,0559,区域-城区,李慕雁,2506226,13632980132,杨志威,2508259,18819192611,陈军-3007950,3007950,18819193217,杨汉雪-3034779,3034779,18898813028
3013,广东太古可口可乐有限公司,30130002,粤东,Y05019,深外区,0743,深外-公明,0113,取消线路,李慕雁,2506226,13632980132,杨奕鹏,2506325,18819193382,刘强-2506521,2506521,18826120187,李保法-2560101,2560101,18819193220
3013,广东太古可口可乐有限公司,30130002,粤东,Y05009,汕头区,0769,汕头-潮阳,0706,区域-城区,黄伟,2506219,13632980128,肖铜金,2508281,18819193054,李伟喜-2509285,2509285,18819193176,吴惠贞-3059321,3059321,18819192453
3013,广东太古可口可乐有限公司,30130002,粤东,Y05010,深中区,0746,深中-罗湖,0014,KA-特渠,蔡志伟,2507286,13725076841,钟陈汉,2506257,18819192228,杨敏健-3030368,3030368,18819193237,陈夏晖-3041694,3041694,18819192524
3013,广东太古可口可乐有限公司,30130001,粤西,Y05003,广外区域,0804,广外-太和,1466,区域-乡镇,胡铭洋,3019330,18926210250,陈藤云,2502287,18819192533,陈油山-3015809,3015809,18819193098,刘伟安-3019980,3019980,18819192796
3041,广东太古可口可乐湛江有限公司,30410001,湛江(BU),Y10001,湛江大区,2008,雷州营业所,1368,区域-乡镇,李鑫元,2810095,13828289042,莫增寿,2810413,18826672301,吴倾,2810087,18826113582,唐仕亮,2810261,18826113593
3013,广东太古可口可乐有限公司,30130001,粤西,Y05015,广中区域,0728,广中-黄埔,1333,区域-城区,刘佳晓,2501281,13632119761,陈柯维,3034890,18819193095,陈梓楠-3047668,3047668,18826121116,李智航-3055693,3055693,18819192752
3013,广东太古可口可乐有限公司,30130001,粤西,Y05023,广新区,0721,广新-番禺,1002,KA-综合,李俊青,2502225,18819192133,李国平,2501549,18819193120,詹桂彬-2504270,2504270,18819193093,杨硕-3059620,3059620,18819192707
3041,广东太古可口可乐湛江有限公司,30410001,湛江(BU),Y10002,茂名大区,2012,茂名营业所,1557,区域-城区,徐锐,2810099,18820665257,廖海梅,2810139,15818936876,黄靖,3027179,18826113920,杨炳庆,2810385,18826113623
3041,广东太古可口可乐湛江有限公司,30410001,湛江(BU),Y10006,重点客户部,2006,IC营业部,1011,IC-住宿酒吧,陈滨,2810313,18320364193,余欣,2810121,18826113505,李静,2810195,18826113859,林峰,2810255,18826113502
3013,广东太古可口可乐有限公司,30130002,粤东,Y05009,汕头区,0765,汕头-潮州,0650,区域-乡镇,黄伟,2506219,13632980128,刘舜涛,2509241,18819192522,罗幸平-2507243,2507243,18819193142,彭金海-3020273,3020273,18819192284
3013,广东太古可口可乐有限公司,30130002,粤东,Y05009,汕头区,0815,汕头-澄海,0602,区域-乡镇,黄伟,2506219,13632980128,卢响锡,2509338,18819193163,王茂生-3007097,3007097,18826120037,曾祥浩-3024598,3024598,18819192330
3013,广东太古可口可乐有限公司,30130001,粤西,Y05014,粤西KA客户群,3251,粤西餐饮事业部,1522,区域-乡镇,刘琪,2500311,13632119698,陈小莉,2500502,13632119123,张肖-2501341,2501341,18819193023,郭作云-3051506,3051506,19802011853
3013,广东太古可口可乐有限公司,30130002,粤东,Y05009,汕头区,0769,汕头-潮阳,0707,区域-城区,黄伟,2506219,13632980128,肖铜金,2508281,18819193054,李伟喜-2509285,2509285,18819193176,杨泽如-3058091,3058091,18826120991
3013,广东太古可口可乐有限公司,30130002,粤东,Y05013,粤东KA客户群,0795,东莞-重点,1878,KA-综合,张婧,3037236,18826527352,李连云,2507273,13929226150,刘燕钊-2508238,2508238,18819193068,黄志勤-2508418,2508418,18819192546
3013,广东太古可口可乐有限公司,30130001,粤西,Y05001,番顺区,0799,番顺-西樵,1210,区域-城区,邓辉,2504221,13632119746,严健宏,3008635,18819193091,黄健恩-3016981,3016981,18826120607,魏艺豪-3040658,3040658,18826120537
3013,广东太古可口可乐有限公司,30130001,粤西,Y05001,番顺区,0760,番顺-陈村,1125,区域-城区,邓辉,2504221,13632119746,梁鸿敏,2504305,18819192266,丘扬思-3019427,3019427,18819193069,蓝卫明-3029416,3029416,18819192568
3013,广东太古可口可乐有限公司,30130001,粤西,Y05016,粤西IC,0724,广州-IC,1960,储备业代,程志明,2501433,18819192255,卜增晓,3056544,18028654240,王颖斯-3015740,3015740,13580380674,沈明新-2503203,2503203,18826120195
3013,广东太古可口可乐有限公司,30130001,粤西,Y05005,韶清区域,0778,韶清-英德,1781,区域-城区,杨海,2505227,13826390599,刘锦泉,3014498,18819193104,张伟英-3020016,3020016,18819193192,雷银亮-3055673,3055673,18819193004
3013,广东太古可口可乐有限公司,30130001,粤西,Y05014,粤西KA客户群,3251,粤西餐饮事业部,1519,大桶水,刘琪,2500311,13632119698,陈小莉,2500502,13632119123,张肖-2501341,2501341,18819193023,陈晓云-3049679,3049679,19802011652
3013,广东太古可口可乐有限公司,30130002,粤东,Y05024,东莞区,0791,东莞-虎门,7401,区域-城区,邱创荣,2506284,13632980303,陈振兴,3016617,18819193168,李家祥-3023448,3023448,18819193052,吴涛-3059326,3059326,18819192041
3013,广东太古可口可乐有限公司,30130002,粤东,Y05019,深外区,0743,深外-公明,7103,区域-城区,李慕雁,2506226,13632980132,杨奕鹏,2506325,18819193382,刘强-2506521,2506521,18826120187,胡杏良-3036977,3036977,18819192375
3013,广东太古可口可乐有限公司,30130002,粤东,Y05018,粤东IC事业部,0751,深圳-IC,0224,区域-城区,陈建军,2503226,13632981094,刘俊宏,2506227,18819192599,吴运登-2527129,2527129,18819193221,张云-3053750,3053750,18819192451
3013,广东太古可口可乐有限公司,30130002,粤东,Y05006,河梅区,0782,河梅-惠东,7873,区域-城区,孙泽,2506339,13632980263,温劲龙,3008803,18819193138,陈正娣-3016622,3016622,18819193167,杨秀玲-3043773,3043773,18819192215
3013,广东太古可口可乐有限公司,30130001,粤西,Y05014,粤西KA客户群,0758,佛山-重点,1826,非销售线路,刘琪,2500311,13632119698,廖劲刚,2504357,18819192199,吴建祥-2503253,2503253,13434377203,杨斌-3042603,3042603,18819193038
3013,广东太古可口可乐有限公司,30130001,粤西,Y05003,广外区域,3226,广外-人和,1488,区域-乡镇,胡铭洋,3019330,18926210250,温焕星,3024275,18819193082,陈国华-2501318,2501318,18826121808,袁玉婷-2501509,2501509,18819121127
3013,广东太古可口可乐有限公司,30130002,粤东,Y05024,东莞区,3236,东莞-寮步,0315,区域-城区,邱创荣,2506284,13632980303,胡琳,2508225,18819192020,彭云虎-2508231,2508231,18826120369,宁海林-3010045,3010045,18819192087
3013,广东太古可口可乐有限公司,30130002,粤东,Y05009,汕头区,0815,汕头-澄海,0627,区域-乡镇,黄伟,2506219,13632980128,卢响锡,2509338,18819193163,王茂生-3007097,3007097,18826120037,陈育生-2509259,2509259,18819192335
3013,广东太古可口可乐有限公司,30130002,粤东,Y05019,深外区,0740,深外-宝龙,0130,区域-城区,李慕雁,2506226,13632980132,朱志强,3010558,18819193170,张武策-3006744,3006744,18819193143,罗猛-3029567,3029567,18826120637
3013,广东太古可口可乐有限公司,30130002,粤东,Y05007,惠州区,0784,惠州-惠州,0830,区域-乡镇,韩鹏程,2506228,13632980173,何国威,2508207,18819192033,吴日坤-2507347,2507347,18819193171,郑泽坚-3032980,3032980,18826120506
3013,广东太古可口可乐有限公司,30130002,粤东,Y05020,汕尾区,0814,汕尾-陆丰,0771,区域-城区,胡向,2507216,13725076877,许高勇,2509302,18819193180,林加暖-3028400,3028400,18819193164,李飞凡-3017581,3017581,18819193293
3013,广东太古可口可乐有限公司,30130002,粤东,Y05009,汕头区,0769,汕头-潮阳,0711,区域-城区,黄伟,2506219,13632980128,肖铜金,2508281,18819193054,郑煜涛-3023884,3023884,18819193163,林森周-3034542,3034542,18819192263
3013,广东太古可口可乐有限公司,30130002,粤东,Y05010,深中区,0745,深中-龙华,0149,麦当劳,蔡志伟,2507286,13725076841,杨汉仲,2500804,13632981026,黄亿锐-3035698,3035698,18819193226,吴春章-3035161,3035161,18819192501
3013,广东太古可口可乐有限公司,30130001,粤西,Y05005,韶清区域,0773,韶清-韶关,1717,电商,杨海,2505227,13826390599,陈博,2505289,18819193196,林庭俊-2526490,2526490,18819193195,吴来有-2505238,2505238,18819192972
3013,广东太古可口可乐有限公司,30130002,粤东,Y05024,东莞区,0792,东莞-石龙,7341,区域-城区,邱创荣,2506284,13632980303,袁嘉豪,3005745,18819192626,骆建平-2508287,2508287,18819193067,周倩-3052387,3052387,18819192054
3013,广东太古可口可乐有限公司,30130001,粤西,Y05003,广外区域,0725,广外-白云,1375,区域-城区,胡铭洋,3019330,18926210250,汪成义,2502305,18819193150,焦国武-3036634,3036634,18819192655,吴显强-3059374,3059374,18819192819
3013,广东太古可口可乐有限公司,30130002,粤东,Y05009,汕头区,0765,汕头-潮州,0695,IC-餐饮,黄伟,2506219,13632980128,刘舜涛,2509241,18819192522,曹小斌-2509275,2509275,18819193178,黄博-3017828,3017828,18819192304
3013,广东太古可口可乐有限公司,30130001,粤西,Y05005,韶清区域,0773,韶清-韶关,1718,区域-城区,杨海,2505227,13826390599,陈博,2505289,18819193196,林庭俊-2526490,2526490,18819193195,梁学奎-3014496,3014496,18819192973
3013,广东太古可口可乐有限公司,30130002,粤东,Y05024,东莞区,0794,东莞-中堂,0387,区域-城区,邱创荣,2506284,13632980303,胡斌,3023627,18819193215,刘世发-2508201,2508201,18819193060,卢梓?-3041919,3041919,18819192098
3013,广东太古可口可乐有限公司,30130001,粤西,Y05015,广中区域,0735,广中-从化,1596,区域-乡镇,刘佳晓,2501281,13632119761,王如泉,3003419,18819193110,黄穗-3022220,3022220,18819193144,冯任军-2504229,2504229,18819192879
3013,广东太古可口可乐有限公司,30130001,粤西,Y05023,广新区,0812,广新-大学城,1396,区域-城区,李俊青,2502225,18819192133,余新勇,2504217,18819192200,钟定良-3017697,3017697,18819193096,谢国锋-2501452,2501452,18819193448
3041,广东太古可口可乐湛江有限公司,30410001,湛江(BU),Y10001,湛江大区,2010,廉江营业所,1467,区域-乡镇,李鑫元,2810095,13828289042,李汉权,2810472,15016420195,黎晓丹,2810393,18826113606,罗燕华,3033197,18826113618
3013,广东太古可口可乐有限公司,30130002,粤东,Y05019,深外区,0740,深外-宝龙,7128,区域-城区,李慕雁,2506226,13632980132,朱志强,3010558,18819193170,张武策-3006744,3006744,18819193143,林庭-3005815,3005815,18819192364
3013,广东太古可口可乐有限公司,30130001,粤西,Y05005,韶清区域,0776,韶清-清远,1638,FSV,杨海,2505227,13826390599,蔡旭钟,3008626,18819192122,黄海敏-2502271,2502271,18898813029,欧阳晓安-3016080,3016080,18819192923
3013,广东太古可口可乐有限公司,30130002,粤东,Y05019,深外区,0743,深外-公明,7110,区域-城区,李慕雁,2506226,13632980132,杨奕鹏,2506325,18819193382,钟威龙-2506575,2506575,18819193208,徐彬-2506558,2506558,18819192383
3013,广东太古可口可乐有限公司,30130002,粤东,Y05007,惠州区,0784,惠州-惠州,0826,区域-乡镇,韩鹏程,2506228,13632980173,何国威,2508207,18819192033,吴日坤-2507347,2507347,18819193171,叶燕玲-3017716,3017716,18819192242
3013,广东太古可口可乐有限公司,30130002,粤东,Y05019,深外区,0787,深外-长安,0531,区域-城区,李慕雁,2506226,13632980132,杨刚,2506233,18819192622,李洪耀-3005891,3005891,18819193061,符烈-2508321,2508321,18819192013
3013,广东太古可口可乐有限公司,30130002,粤东,Y05010,深中区,0742,深中-福田,0055,区域-城区,蔡志伟,2507286,13725076841,黄锦聪,2508277,18819193380,李玲君-3010035,3010035,19811980850,张贻敏-3045369,3045369,18819193260
3013,广东太古可口可乐有限公司,30130002,粤东,Y05009,汕头区,0768,汕头-汕头,0621,区域-城区,黄伟,2506219,13632980128,肖海洲,2509354,18819193148,杨俊杰-2570009,2570009,18819193186,纪东莲-3032032,3032032,18819193418
3013,广东太古可口可乐有限公司,30130002,粤东,Y05020,汕尾区,3209,汕尾-汕尾,0739,区域-城区,胡向,2507216,13725076877,巫晓彬,2509286,18819193165,欧定江-2509357,2509357,18826120092,李博武-3019878,3019878,18819192183
3041,广东太古可口可乐湛江有限公司,30410001,湛江(BU),Y10001,湛江大区,2008,雷州营业所,1353,区域-城区,李鑫元,2810095,13828289042,莫增寿,2810413,18826672301,吴倾,2810087,18826113582,陈光富,2810151,18826113580
3013,广东太古可口可乐有限公司,30130002,粤东,Y05009,汕头区,0765,汕头-潮州,0662,区域-乡镇,黄伟,2506219,13632980128,刘舜涛,2509241,18819192522,谢宏立,3024388,18826120139,谢锦华-3012795,3012795,18819193443
3013,广东太古可口可乐有限公司,30130001,粤西,Y05023,广新区,0730,广新-荔湾,1422,IC-餐饮,李俊青,2502225,18819192133,吴晓群,2501302,13632119503,黄秋-3032434,3032434,18819193117,潘时伟-3046854,3046854,18819192851
3013,广东太古可口可乐有限公司,30130002,粤东,Y05020,汕尾区,0814,汕尾-陆丰,0745,区域-城区,胡向,2507216,13725076877,许高勇,2509302,18819193180,敖宇民,3004284,18819193435,林雪亮-3046480,3046480,18819192176
3041,广东太古可口可乐湛江有限公司,30410001,湛江(BU),Y10002,茂名大区,2014,高州营业所,1653,FSV,徐锐,2810099,18820665257,周家光,3024681,18165803114,陈国源,2810257,18826113536,陈儒敏,2810439,18826113529
3013,广东太古可口可乐有限公司,30130002,粤东,Y05020,汕尾区,0771,汕尾-普宁,0731,KA-综合,胡向,2507216,13725076877,谢海波,2506338,18819193439,蔡元镇-3046303,3046303,18826120523,李晓萍-3055700,3055700,18819192660
3013,广东太古可口可乐有限公司,30130001,粤西,Y05005,韶清区域,0773,韶清-韶关,1721,区域-城区,杨海,2505227,13826390599,陈博,2505289,18819193196,林庭俊-2526490,2526490,18819193195,刘翠琼-3054207,3054207,18819210428
3013,广东太古可口可乐有限公司,30130002,粤东,Y05024,东莞区,0794,东莞-中堂,0393,区域-乡镇,邱创荣,2506284,13632980303,胡斌,3023627,18819193215,刘世发-2508201,2508201,18819193060,魏帮春-3019635,3019635,18819192103
3013,广东太古可口可乐有限公司,30130002,粤东,Y05009,汕头区,0768,汕头-汕头,0620,区域-城区,黄伟,2506219,13632980128,肖海洲,2509354,18819193148,杨俊杰-2570009,2570009,18819193186,周永乐-2509226,2509226,18819192352
3013,广东太古可口可乐有限公司,30130001,粤西,Y05002,佛山区,0757,佛山-南海,1191,公共线路,胡维,2508241,13929226672,郎春玲,3005684,19811980830,胡海强-2503277,2503277,18819193085,孔令劝-3019052,3019052,18819192671
3013,广东太古可口可乐有限公司,30130002,粤东,Y05024,东莞区,0788,东莞-常平,0508,区域-乡镇,邱创荣,2506284,13632980303,邓富斌,2507203,18819192323,刘欢-3012064,3012064,18819192323,王珏-3045095,3045095,18819192032
3013,广东太古可口可乐有限公司,30130002,粤东,Y05013,粤东KA客户群,0750,深圳-重点,1867,储备业代,张婧,3037236,18826527352,林晓伟,2508278,18819192722,张双平-2506487,2506487,18819193242,王玉琴-2550088,2550088,19802011680
3041,广东太古可口可乐湛江有限公司,30410001,湛江(BU),Y10001,湛江大区,2007,吴川营业所,1306,区域-城区,李鑫元,2810095,13828289042,黄宇文,2810288,15976574920,吴春桦,2810117,18826113690,梁基,3038401,18826113682
3013,广东太古可口可乐有限公司,30130001,粤西,Y05016,粤西IC,3229,佛山IC办事处,1537,IC-综合,程志明,2501433,18819192255,丁立键,3028887,13418012123,张观余-2502255,2502255,18819193339,陈万和-3056495,3056495,18819193347
3013,广东太古可口可乐有限公司,30130002,粤东,Y05010,深中区,0745,深中-龙华,7155,区域-城区,蔡志伟,2507286,13725076841,杨汉仲,2500804,13632981026,黄亿锐-3035698,3035698,18819193226,黄春燕-3056978,3056978,18819192504
3013,广东太古可口可乐有限公司,30130001,粤西,Y05001,番顺区,0762,番顺-顺德,1091,区域-乡镇,邓辉,2504221,13632119746,刁顺见,3005451,18819192155,陈锦文-2504307,2504307,18819193078,陈锦钦-3017921,3017921,18819192612
3041,广东太古可口可乐湛江有限公司,30410001,湛江(BU),Y10002,茂名大区,2016,电白营业所,1752,区域-城区,徐锐,2810099,18820665257,潘日丰,2810143,15818936813,李梁梅,2810209,18826113515,岑雪强,2810352,18826113510
3013,广东太古可口可乐有限公司,30130002,粤东,Y05024,东莞区,0817,东莞-南城,0300,IC-餐饮,邱创荣,2506284,13632980303,韩荣艺,2506385,18819192688,汤显富,3014365,18819193051,徐广磊-2508348,2508348,18819210348
3013,广东太古可口可乐有限公司,30130001,粤西,Y05014,粤西KA客户群,0758,佛山-重点,1824,KA-综合,刘琪,2500311,13632119698,廖劲刚,2504357,18819192199,吴建祥-2503253,2503253,13434377203,郑佩纯-3053331,3053331,18819193036
3013,广东太古可口可乐有限公司,30130002,粤东,Y05019,深外区,0749,深外-沙井,0081,取消线路,李慕雁,2506226,13632980132,陈崇清,2508212,18819193062,梁娅-3005892,3005892,18819210736,陈伟盛-3041355,3041355,18819192456
3013,广东太古可口可乐有限公司,30130001,粤西,Y05023,广新区,0726,广新-东山,1380,区域-城区,李俊青,2502225,18819192133,邬林峰,3023910,13724131216,梁定洁-3038301,3038301,18819193114,刘裕岚-3038794,3038794,18819193419
3013,广东太古可口可乐有限公司,30130002,粤东,Y05020,汕尾区,0767,汕尾-揭阳,0699,区域-乡镇,胡向,2507216,13725076877,林静,2507209,18819192355,郑棉旭-2506276,2506276,18819193182,林永生-3014106,3014106,19802011535
3013,广东太古可口可乐有限公司,30130001,粤西,Y05005,韶清区域,0776,韶清-清远,1636,公共线路,杨海,2505227,13826390599,蔡旭钟,3008626,18819192122,张海权-2502234,2502234,18819193152,梁晨昌-3040817,3040817,18819192920
3041,广东太古可口可乐湛江有限公司,30410001,湛江(BU),Y10001,湛江大区,2007,吴川营业所,1311,区域-乡镇,李鑫元,2810095,13828289042,黄宇文,2810288,15976574920,张杰森,2810337,18826113802,张永平,3042594,18826113801
3013,广东太古可口可乐有限公司,30130002,粤东,Y05007,惠州区,3201,惠州-坪山,0182,区域-乡镇,韩鹏程,2506228,13632980173,符蓉国,2507272,18819192700,蔡伟庆-2506518,2506518,18819193446,贺小波-3012211,3012211,18819192395
3013,广东太古可口可乐有限公司,30130001,粤西,Y05005,韶清区域,0776,韶清-清远,1619,FSV,杨海,2505227,13826390599,蔡旭钟,3008626,18819192122,陈雪梅-3040635,3040635,18826120337,林冠荣-3031702,3031702,18819192915
3013,广东太古可口可乐有限公司,30130002,粤东,Y05024,东莞区,0788,东莞-常平,0510,区域-城区,邱创荣,2506284,13632980303,邓富斌,2507203,18819192323,罗德帅-2507240,2507240,18819192500,赵建华-3023005,3023005,18819192027
3041,广东太古可口可乐湛江有限公司,30410001,湛江(BU),Y10006,重点客户部,2006,IC营业部,1010,区域-城区,陈滨,2810313,18320364193,余欣,2810121,18826113505,李静,2810195,18826113859,陈杏,2810372,18826113501
3013,广东太古可口可乐有限公司,30130002,粤东,Y05007,惠州区,0783,惠州-惠阳,0843,区域-乡镇,韩鹏程,2506228,13632980173,蚁嘉斯,2509300,18819193190,卓伟胜-3025517,3025517,18819193173,张军定-2507318,2507318,18819192217
3013,广东太古可口可乐有限公司,30130001,粤西,Y05002,佛山区,0805,佛山-芳村,1190,区域-城区,胡维,2508241,13929226672,胡大勇,2400167,18826120270,陈海南-3006097,3006097,18819193202,杨港钊-3042432,3042432,19811980858
3013,广东太古可口可乐有限公司,30130001,粤西,Y05016,粤西IC,0724,广州-IC,1529,IC-综合,程志明,2501433,18819192255,卜增晓,3056544,18028654240,陈媚秀-3010740,3010740,18825044485,林创健-3033107,3033107,18819193326
3013,广东太古可口可乐有限公司,30130002,粤东,Y05010,深中区,0745,深中-龙华,7145,区域-城区,蔡志伟,2507286,13725076841,杨汉仲,2500804,13632981026,胡撒-2506404,2506404,18819193318,卢成吉-3034865,3034865,18819192492
3013,广东太古可口可乐有限公司,30130001,粤西,Y05003,广外区域,0725,广外-白云,1468,区域-城区,胡铭洋,3019330,18926210250,汪成义,2502305,18819193150,邓东-3040342,3040342,18819193406,倪银卫-3018074,3018074,18819192808
3013,广东太古可口可乐有限公司,30130002,粤东,Y05018,粤东IC事业部,0751,深圳-IC,4513,开发员,陈建军,2503226,13632981094,刘俊宏,2506227,18819192599,钟俊杰,3029580,17688463976,罗平-3012822,3012822,13691981290
3013,广东太古可口可乐有限公司,30130002,粤东,Y05010,深中区,0747,深中-南山,7069,区域-城区,蔡志伟,2507286,13725076841,丁学高,2506269,18819193370,曾祥灵-2506236,2506236,18826120681,刘沛蓓-3059487,3059487,18819192538
3013,广东太古可口可乐有限公司,30130002,粤东,Y05024,东莞区,0791,东莞-虎门,0433,区域-城区,邱创荣,2506284,13632980303,陈振兴,3016617,18819193168,徐日年-2508255,2508255,18819193056,许博-2508265,2508265,18819192047
3013,广东太古可口可乐有限公司,30130002,粤东,Y05009,汕头区,3242,汕头-IC,0628,区域-城区,黄伟,2506219,13632980128,陈伟财,2509298,18819193191,郑则旭-3042822,3042822,18826121062,陈国鑫-3019407,3019407,18819192347
3041,广东太古可口可乐湛江有限公司,30410001,湛江(BU),Y10001,湛江大区,2007,吴川营业所,1301,区域-乡镇,李鑫元,2810095,13828289042,黄宇文,2810288,15976574920,张杰森,2810337,18826113802,吴华龙,3059466,18826113693
3013,广东太古可口可乐有限公司,30130001,粤西,Y05003,广外区域,0725,广外-白云,1373,区域-乡镇,胡铭洋,3019330,18926210250,汪成义,2502305,18819193150,焦国武-3036634,3036634,18819192655,李镇灏-3052681,3052681,18819192831
3041,广东太古可口可乐湛江有限公司,30410001,湛江(BU),Y10002,茂名大区,2012,茂名营业所,1555,区域-乡镇,徐锐,2810099,18820665257,廖海梅,2810139,15818936876,杨华丽,2810420,18826113652,叶英梅,3023890,18826113650
3041,广东太古可口可乐湛江有限公司,30410001,湛江(BU),Y10001,湛江大区,2008,雷州营业所,1362,区域-城区,李鑫元,2810095,13828289042,莫增寿,2810413,18826672301,吴倾,2810087,18826113582,欧金花,3025063,18826113579
3013,广东太古可口可乐有限公司,30130001,粤西,Y05003,广外区域,0804,广外-太和,1484,区域-乡镇,胡铭洋,3019330,18926210250,陈藤云,2502287,18819192533,熊盛开-2501541,2501541,18819193097,何俊杰 -3059324,3059324,18826120723
3041,广东太古可口可乐湛江有限公司,30410001,湛江(BU),Y10001,湛江大区,2008,雷州营业所,1369,区域-城区,李鑫元,2810095,13828289042,莫增寿,2810413,18826672301,陈发春,2810206,18826113595,唐丽梅,3056715,18826113701
3013,广东太古可口可乐有限公司,30130002,粤东,Y05020,汕尾区,0814,汕尾-陆丰,0766,区域-乡镇,胡向,2507216,13725076877,许高勇,2509302,18819193180,敖宇民,3004284,18819193435,杨甘妹-3040462,3040462,18819192201
3013,广东太古可口可乐有限公司,30130002,粤东,Y05009,汕头区,0768,汕头-汕头,0616,区域-城区,黄伟,2506219,13632980128,肖海洲,2509354,18819193148,潘永超-2525214,2525214,13929618716,刘俊伟-2509301,2509301,18819192343
3013,广东太古可口可乐有限公司,30130002,粤东,Y05020,汕尾区,0767,汕尾-揭阳,0694,区域-乡镇,胡向,2507216,13725076877,林静,2507209,18819192355,郑棉旭-2506276,2506276,18819193182,陈漫娜-3055752,3055752,18819192310
3013,广东太古可口可乐有限公司,30130001,粤西,Y05016,粤西IC,0724,广州-IC,1939,开发员,程志明,2501433,18819192255,卜增晓,3056544,18028654240,黎韵思-3008350,3008350,13602432584,唐华博-3021287,3021287,18819193081
3013,广东太古可口可乐有限公司,30130001,粤西,Y05002,佛山区,0755,佛山-高明,1228,区域-城区,胡维,2508241,13929226672,林坡利,2501555,18819192400,庄帝钗-2501499,2501499,18819193404,刘翠连-3012726,3012726,18826120551
3041,广东太古可口可乐湛江有限公司,30410001,湛江(BU),Y10002,茂名大区,2016,电白营业所,1754,区域-乡镇,徐锐,2810099,18820665257,潘日丰,2810143,15818936813,徐荣江,3023789,18826113520,梁少梅,2810336,18826113517
3013,广东太古可口可乐有限公司,30130001,粤西,Y05005,韶清区域,0776,韶清-清远,1637,FSV,杨海,2505227,13826390599,蔡旭钟,3008626,18819192122,何金耀-2502286,2502286,18819193151,陈镇辉-3038233,3038233,18819192921
3041,广东太古可口可乐湛江有限公司,30410001,湛江(BU),Y10002,茂名大区,2012,茂名营业所,1570,IC-综合,徐锐,2810099,18820665257,廖海梅,2810139,15818936876,徐旦明,2810453,18826113635,廖碧燕,2810378,18826113632
3013,广东太古可口可乐有限公司,30130001,粤西,Y05005,韶清区域,0776,韶清-清远,1641,公共线路,杨海,2505227,13826390599,蔡旭钟,3008626,18819192122,黄海敏-2502271,2502271,18898813029,黄聪标-3035667,3035667,18819192917
3013,广东太古可口可乐有限公司,30130002,粤东,Y05010,深中区,0745,深中-龙华,7157,区域-城区,蔡志伟,2507286,13725076841,杨汉仲,2500804,13632981026,王远伟,2506304,18819193234,官丽丽-3051799,3051799,18802081304
3013,广东太古可口可乐有限公司,30130001,粤西,Y05002,佛山区,0805,佛山-芳村,1237,区域-乡镇,胡维,2508241,13929226672,胡大勇,2400167,18826120270,陈海南-3006097,3006097,18819193202,陈炜宇-3038170,3038170,18819192687
3013,广东太古可口可乐有限公司,30130002,粤东,Y05010,深中区,0745,深中-龙华,7152,区域-城区,蔡志伟,2507286,13725076841,杨汉仲,2500804,13632981026,黄亿锐-3035698,3035698,18819193226,李从正-3032488,3032488,18819192502
3013,广东太古可口可乐有限公司,30130002,粤东,Y05018,粤东IC事业部,0751,深圳-IC,4508,开发员,陈建军,2503226,13632981094,刘俊宏,2506227,18819192599,钟俊杰,3029580,17688463976,黄琴-3044051,3044051,13537504708
3013,广东太古可口可乐有限公司,30130002,粤东,Y05007,惠州区,3205,惠州-仲恺,0801,IC-现调,韩鹏程,2506228,13632980173,罗搏,3013429,18819193246,潘锡健-2507317,2507317,18819193174,巫焕元-3059856,3059856,18819192235
3013,广东太古可口可乐有限公司,30130002,粤东,Y05006,河梅区,0780,河梅-龙川,0929,区域-城区,孙泽,2506339,13632980263,黄永兴,2507261,18819193048,田俊龙,3027312,18819192088,张小梅-3019194,3019194,18819192125
3013,广东太古可口可乐有限公司,30130001,粤西,Y05015,广中区域,0735,广中-从化,1593,区域-乡镇,刘佳晓,2501281,13632119761,王如泉,3003419,18819193110,骆惠贤-3054673,3054673,18819192884,孙毅-2522326,2522326,18819192878
3013,广东太古可口可乐有限公司,30130001,粤西,Y05023,广新区,0723,广新-新龙,1024,区域-城区,李俊青,2502225,18819192133,梁鸿锦,2504228,18819192566,林必青-2504263,2504263,18826120613,吴涛-3052684,3052684,18819192786
3013,广东太古可口可乐有限公司,30130002,粤东,Y05007,惠州区,0784,惠州-惠州,0821,区域-乡镇,韩鹏程,2506228,13632980173,何国威,2508207,18819192033,刘春盛-2507311,2507311,18826120697,唐育文-3033195,3033195,18819192229
3013,广东太古可口可乐有限公司,30130002,粤东,Y05020,汕尾区,0770,汕尾-海丰,0764,区域-乡镇,胡向,2507216,13725076877,邢庆,2509326,18819193187,詹响俊-2509210,2509210,18819193162,张惠妮-3019227,3019227,18819192198
3013,广东太古可口可乐有限公司,30130002,粤东,Y05006,河梅区,3206,河梅-吉隆,0878,区域-乡镇,孙泽,2506339,13632980263,施杰华,3011898,18819192433,李利昌-2507450,2507450,18819193161,周国柱-3044809,3044809,18826120712
3041,广东太古可口可乐湛江有限公司,30410001,湛江(BU),Y10001,湛江大区,2007,吴川营业所,1310,区域-城区,李鑫元,2810095,13828289042,黄宇文,2810288,15976574920,张杰森,2810337,18826113802,何华景,2810364,18826113692
3013,广东太古可口可乐有限公司,30130001,粤西,Y05002,佛山区,0759,佛山-三水,1260,区域-乡镇,胡维,2508241,13929226672,边忠明,2550443,18819192388,伍文杰-3048767,3048767,18819192291,何启添-3013569,3013569,18819192703
3013,广东太古可口可乐有限公司,30130001,粤西,Y05015,广中区域,0732,广中-天河,1324,区域-城区,刘佳晓,2501281,13632119761,陈濠明,2504363,18819193075,吴文强-2501430,2501430,18819192399,刁潞-3051875,3051875,18819192772
3013,广东太古可口可乐有限公司,30130001,粤西,Y05001,番顺区,0799,番顺-西樵,1218,区域-城区,邓辉,2504221,13632119746,严健宏,3008635,18819193091,黄健恩-3016981,3016981,18826120607,陈泽锋-3058270,3058270,18819192650
3013,广东太古可口可乐有限公司,30130002,粤东,Y05009,汕头区,0768,汕头-汕头,0629,区域-城区,黄伟,2506219,13632980128,肖海洲,2509354,18819193148,潘永超-2525214,2525214,13929618716,谢景辉-2509239,2509239,18819192348
3013,广东太古可口可乐有限公司,30130002,粤东,Y05010,深中区,0747,深中-南山,0068,区域-乡镇,蔡志伟,2507286,13725076841,丁学高,2506269,18819193370,陈剑彪,3012496,18819193227,张志敏-2506454,2506454,18819192537
3013,广东太古可口可乐有限公司,30130002,粤东,Y05007,惠州区,3205,惠州-仲恺,0347,区域-城区,韩鹏程,2506228,13632980173,罗搏,3013429,18819193246,刁展南,2507302,18819192011,姚嘉祺-3029675,3029675,18819192060
3013,广东太古可口可乐有限公司,30130002,粤东,Y05010,深中区,0742,深中-福田,0048,区域-城区,蔡志伟,2507286,13725076841,黄锦聪,2508277,18819193380,姚威-3016261,3016261,18819193206,古顺娴-3039366,3039366,18819192478
3013,广东太古可口可乐有限公司,30130002,粤东,Y05009,汕头区,0768,汕头-汕头,0634,区域-城区,黄伟,2506219,13632980128,肖海洲,2509354,18819193148,陈锦宏-2509273,2509273,18819192982,曾繁煌-3027533,3027533,18819193423
3013,广东太古可口可乐有限公司,30130001,粤西,Y05014,粤西KA客户群,0734,广州-重点,1803,区域-城区,刘琪,2500311,13632119698,何焕勤,2501212,18819192311,邓礼就-2504252,2504252,18819193134,吴秀冰-3017078,3017078,18819193040
3013,广东太古可口可乐有限公司,30130001,粤西,Y05001,番顺区,0761,番顺-龙江,1085,区域-城区,邓辉,2504221,13632119746,罗添平,2505203,18819192525,陈秀斌-3038665,3038665,18819193071,胡春姣-3023669,3023669,18819192613
3013,广东太古可口可乐有限公司,30130001,粤西,Y05002,佛山区,0755,佛山-高明,1224,区域-乡镇,胡维,2508241,13929226672,林坡利,2501555,18819192400,李燕琪-3045093,3045093,18819193083,利远明-3055420,3055420,18819192662
3013,广东太古可口可乐有限公司,30130002,粤东,Y05009,汕头区,0769,汕头-潮阳,0729,区域-乡镇,黄伟,2506219,13632980128,肖铜金,2508281,18819193054,李伟喜-2509285,2509285,18819193176,李泽燕-3030212,3030212,18819192259
3013,广东太古可口可乐有限公司,30130002,粤东,Y05020,汕尾区,0814,汕尾-陆丰,0774,区域-乡镇,胡向,2507216,13725076877,许高勇,2509302,18819193180,敖宇民,3004284,18819193435,黄泽航-3051037,3051037,18819193336
3013,广东太古可口可乐有限公司,30130001,粤西,Y05001,番顺区,0722,番顺-南沙,1042,区域-城区,邓辉,2504221,13632119746,黄伟乐,2502237,18819192121,冯嘉棋,3016035,18819193070,黄熙彤-3059582,3059582,18819192594
3013,广东太古可口可乐有限公司,30130002,粤东,Y05020,汕尾区,0770,汕尾-海丰,0762,区域-城区,胡向,2507216,13725076877,邢庆,2509326,18819193187,詹响俊-2509210,2509210,18819193162,颜雪春-3057251,3057251,18819192197
3013,广东太古可口可乐有限公司,30130001,粤西,Y05003,广外区域,3226,广外-人和,1469,区域-乡镇,胡铭洋,3019330,18926210250,温焕星,3024275,18819193082,孙龙-3024692,3024692,18819193463,赖卫华-3031800,3031800,18819192809
3013,广东太古可口可乐有限公司,30130002,粤东,Y05019,深外区,0743,深外-公明,0105,区域-城区,李慕雁,2506226,13632980132,杨奕鹏,2506325,18819193382,钟威龙-2506575,2506575,18819193208,陈文侄-3014649,3014649,18819192381
3013,广东太古可口可乐有限公司,30130002,粤东,Y05006,河梅区,0782,河梅-惠东,0879,IC-餐饮,孙泽,2506339,13632980263,温劲龙,3008803,18819193138,陈正娣-3016622,3016622,18819193167,蔡国庭-3056389,3056389,18802081214
3013,广东太古可口可乐有限公司,30130002,粤东,Y05018,粤东IC事业部,0751,深圳-IC,4505,开发员,陈建军,2503226,13632981094,刘俊宏,2506227,18819192599,钟俊杰,3029580,17688463976,陈舒玄-3052740,3052740,13682424530
3013,广东太古可口可乐有限公司,30130001,粤西,Y05002,佛山区,0754,佛山-佛山,1168,IC-餐饮,胡维,2508241,13929226672,吴耿宁,2508235,18819160798,林灼成-2503345,2503345,18819192630,许智慧-3050009,3050009,18819192643
3013,广东太古可口可乐有限公司,30130002,粤东,Y05020,汕尾区,0767,汕尾-揭阳,0683,区域-乡镇,胡向,2507216,13725076877,林静,2507209,18819192355,李武俊-2509278,2509278,18819193183,罗丽威-3023042,3023042,18819192296
3013,广东太古可口可乐有限公司,30130002,粤东,Y05024,东莞区,3236,东莞-寮步,0350,区域-城区,邱创荣,2506284,13632980303,胡琳,2508225,18819192020,彭云虎-2508231,2508231,18826120369,余新尤-2508363,2508363,18819192062
3013,广东太古可口可乐有限公司,30130002,粤东,Y05006,河梅区,0779,河梅-河源,0914,区域-城区,孙泽,2506339,13632980263,江旭望,3007406,18819193207,邱辉东-2507214,2507214,18819193137,钟俏燕-3019607,3019607,18819193373
3013,广东太古可口可乐有限公司,30130002,粤东,Y05007,惠州区,0783,惠州-惠阳,0842,区域-乡镇,韩鹏程,2506228,13632980173,蚁嘉斯,2509300,18819193190,翟玉涛-2507336,2507336,18819192800,许建升-3016255,3016255,18819192216
3013,广东太古可口可乐有限公司,30130002,粤东,Y05009,汕头区,0769,汕头-潮阳,0708,区域-乡镇,黄伟,2506219,13632980128,肖铜金,2508281,18819193054,黄广隆-2509254,2509254,18819193177,洪泽鑫-2509218,2509218,18819192260
3013,广东太古可口可乐有限公司,30130001,粤西,Y05014,粤西KA客户群,0734,广州-重点,1833,非销售线路,刘琪,2500311,13632119698,何焕勤,2501212,18819192311,邓礼就-2504252,2504252,18819193134,林雁-2550237,2550237,19802011316
3041,广东太古可口可乐湛江有限公司,30410001,湛江(BU),Y10002,茂名大区,2016,电白营业所,1757,区域-乡镇,徐锐,2810099,18820665257,潘日丰,2810143,15818936813,徐荣江,3023789,18826113520,林景华,3054180,18826113516
3013,广东太古可口可乐有限公司,30130001,粤西,Y05023,广新区,0730,广新-荔湾,1437,区域-城区,李俊青,2502225,18819192133,吴晓群,2501302,13632119503,李德-3044735,3044735,18819193118,戴世文-3038410,3038410,18826120695
3013,广东太古可口可乐有限公司,30130002,粤东,Y05019,深外区,0787,深外-长安,7537,区域-城区,李慕雁,2506226,13632980132,杨刚,2506233,18819192622,樊孝虎,2506388,18819192488,王增民-3017597,3017597,18819192015
3013,广东太古可口可乐有限公司,30130002,粤东,Y05019,深外区,0744,深外-龙岗,7171,区域-城区,李慕雁,2506226,13632980132,张益军,2507206,18819192322,徐先明,2506439,18819193059,邓友发-2506366,2506366,18819192390
3013,广东太古可口可乐有限公司,30130002,粤东,Y05010,深中区,0739,深中-宝安,7100,区域-城区,蔡志伟,2507286,13725076841,刘信亮,2506282,18819193216,李小琴-3030505,3030505,18826120572,黎利飞-3038187,3038187,19802011602
3013,广东太古可口可乐有限公司,30130001,粤西,Y05014,粤西KA客户群,0734,广州-重点,1840,KA-CVS,刘琪,2500311,13632119698,何焕勤,2501212,18819192311,赵伟-3010260,3010260,18819193135,林静文-3024816,3024816,18802081543
3013,广东太古可口可乐有限公司,30130002,粤东,Y05007,惠州区,3205,惠州-仲恺,0342,区域-城区,韩鹏程,2506228,13632980173,罗搏,3013429,18819193246,刁展南,2507302,18819192011,余寿聪-3014884,3014884,18819192072
3013,广东太古可口可乐有限公司,30130002,粤东,Y05007,惠州区,0784,惠州-惠州,0818,麦当劳,韩鹏程,2506228,13632980173,何国威,2508207,18819192033,吴日坤-2507347,2507347,18819193171,王贵明-3043293,3043293,18826122720
3013,广东太古可口可乐有限公司,30130002,粤东,Y05019,深外区,0749,深外-沙井,0211,区域-乡镇,李慕雁,2506226,13632980132,陈崇清,2508212,18819193062,杨雄财-3025121,3025121,18819193225,董保平-2506336,2506336,18819192414
3013,广东太古可口可乐有限公司,30130002,粤东,Y05007,惠州区,0783,惠州-惠阳,0841,区域-城区,韩鹏程,2506228,13632980173,蚁嘉斯,2509300,18819193190,赖献超-3036291,3036291,18826121301,杨振雄-3049307,3049307,18819192223
3041,广东太古可口可乐湛江有限公司,30410001,湛江(BU),Y10001,湛江大区,2002,市外营业部,1006,KA-综合,李鑫元,2810095,13828289042,彭海明,3010123,13632119110,张广湖,2810122,18826113909,梁海倩,2810162,18826113882
3013,广东太古可口可乐有限公司,30130002,粤东,Y05024,东莞区,3250,东莞-IC,0263,区域-城区,邱创荣,2506284,13632980303,张绮琴,2506476,18819193001,娄灵风-3009814,3009814,18819193219,陈同军-3054415,3054415,18819192520
3013,广东太古可口可乐有限公司,30130001,粤西,Y05016,粤西IC,0724,广州-IC,1948,非销售线路,程志明,2501433,18819192255,卜增晓,3056544,18028654240,黎韵思-3008350,3008350,13602432584,周权清-3039916,3039916,17820725640
3013,广东太古可口可乐有限公司,30130002,粤东,Y05024,东莞区,3250,东莞-IC,0264,区域-城区,邱创荣,2506284,13632980303,张绮琴,2506476,18819193001,娄灵风-3009814,3009814,18819193219,龚海珍-3032528,3032528,18819193203
3013,广东太古可口可乐有限公司,30130001,粤西,Y05002,佛山区,0755,佛山-高明,1220,区域-乡镇,胡维,2508241,13929226672,林坡利,2501555,18819192400,李燕琪-3045093,3045093,18819193083,麦晓岸,3049880,18819192659
3041,广东太古可口可乐湛江有限公司,30410001,湛江(BU),Y10002,茂名大区,2013,化州营业所,1608,区域-城区,徐锐,2810099,18820665257,王鹏韬,2810450,13590003905,谢敬钧,3023008,18826113565,凌英文,2810154,18826113560
3013,广东太古可口可乐有限公司,30130002,粤东,Y05009,汕头区,0769,汕头-潮阳,0710,区域-城区,黄伟,2506219,13632980128,肖铜金,2508281,18819193054,郑煜涛-3023884,3023884,18819193163,郭晓彬-3015136,3015136,18819192262
3013,广东太古可口可乐有限公司,30130001,粤西,Y05015,广中区域,0732,广中-天河,1344,区域-城区,刘佳晓,2501281,13632119761,陈濠明,2504363,18819193075,陈浩铭-3006774,3006774,18819192799,何亨碧-3026126,3026126,18819192768
3013,广东太古可口可乐有限公司,30130001,粤西,Y05023,广新区,0726,广新-东山,1376,区域-城区,李俊青,2502225,18819192133,邬林峰,3023910,13724131216,梁定洁-3038301,3038301,18819193114,蓝汝彬-3029853,3029853,18819192832
3013,广东太古可口可乐有限公司,30130002,粤东,Y05018,粤东IC事业部,0751,深圳-IC,0232,IC-餐饮,陈建军,2503226,13632981094,刘俊宏,2506227,18819192599,岑启斌,2506249,13809859732,岑启斌T,2506249,13809859732
3013,广东太古可口可乐有限公司,30130002,粤东,Y05013,粤东KA客户群,3238,粤东餐饮事业部,1978,电商,张婧,3037236,18826527352,邱隽逸,2506438,15013880423,薛棚-2550679,2550679,13632980311,薛棚-2550679T,2550679,13632980311
3013,广东太古可口可乐有限公司,30130002,粤东,Y05018,粤东IC事业部,0751,深圳-IC,0244,区域-城区,陈建军,2503226,13632981094,刘俊宏,2506227,18819192599,梁建新,2501207,13632981032,梁建新T,2501207,13632981032
3013,广东太古可口可乐有限公司,30130002,粤东,Y05024,东莞区,0791,东莞-虎门,7422,区域-城区,邱创荣,2506284,13632980303,陈振兴,3016617,18819193168,李家祥-3023448,3023448,18819193052,李家祥-3023448T,3023448,18819193052
3013,广东太古可口可乐有限公司,30130001,粤西,Y05023,广新区,0812,广新-大学城,1393,区域-城区,李俊青,2502225,18819192133,余新勇,2504217,18819192200,钟定良-3017697,3017697,18819193096,钟定良-3017697T,3017697,18819193096
3041,广东太古可口可乐湛江有限公司,30410001,湛江(BU),Y10001,湛江大区,2002,市外营业部,1060,区域-乡镇,李鑫元,2810095,13828289042,彭海明,3010123,13632119110,李志明,2810145,18826113910,李志明T,2810145,18826113910
3013,广东太古可口可乐有限公司,30130001,粤西,Y05016,粤西IC,0724,广州-IC,2714,开发员,程志明,2501433,18819192255,卜增晓,3056544,18028654240,招玉珊-3031225,3031225,19811980851,招玉珊-3031225T,3031225,19811980851
3013,广东太古可口可乐有限公司,30130002,粤东,Y05007,惠州区,0781,惠州-博龙,0831,区域-乡镇,韩鹏程,2506228,13632980173,谭力乐,2507297,18819192066,钟明,2508343,18819193049,钟明T,2508343,18819193049
3041,广东太古可口可乐湛江有限公司,30410001,湛江(BU),Y10006,重点客户部,2006,IC营业部,1100,公共线路,陈滨,2810313,18320364193,余欣,2810121,18826113505,李静,2810195,18826113859,李静T,2810195,18826113859
3013,广东太古可口可乐有限公司,30130001,粤西,Y05016,粤西IC,0724,广州-IC,2712,开发员,程志明,2501433,18819192255,卜增晓,3056544,18028654240,王颖斯-3015740,3015740,13580380674,王颖斯-3015740T,3015740,13580380674
3013,广东太古可口可乐有限公司,30130002,粤东,Y05007,惠州区,0783,惠州-惠阳,0850,FSV,韩鹏程,2506228,13632980173,蚁嘉斯,2509300,18819193190,赖献超-3036291,3036291,18826121301,赖献超-3036291T,3036291,18826121301
3013,广东太古可口可乐有限公司,30130001,粤西,Y05002,佛山区,0759,佛山-三水,2706,开发员,胡维,2508241,13929226672,边忠明,2550443,18819192388,张强-3018261,3018261,18819193079,张强-3018261T,3018261,18819193079
3013,广东太古可口可乐有限公司,30130001,粤西,Y05002,佛山区,0757,佛山-南海,2702,开发员,胡维,2508241,13929226672,郎春玲,3005684,19811980830,胡海强-2503277,2503277,18819193085,胡海强-2503277T,2503277,18819193085
3013,广东太古可口可乐有限公司,30130001,粤西,Y05015,广中区域,0738,广中-增城,1673,区域-城区,刘佳晓,2501281,13632119761,江汉民,3007645,18819193106,黄子健-3039629,3039629,18819193158,黄子健-3039629T,3039629,18819193158
3013,广东太古可口可乐有限公司,30130002,粤东,Y05013,粤东KA客户群,3238,粤东餐饮事业部,1911,非销售线路,张婧,3037236,18826527352,邱隽逸,2506438,15013880423,薛棚-2550679,2550679,13632980311,薛棚-2550679T,2550679,13632980311
3013,广东太古可口可乐有限公司,30130001,粤西,Y05001,番顺区,0722,番顺-南沙,1045,区域-乡镇,邓辉,2504221,13632119746,黄伟乐,2502237,18819192121,钟灼洪-2504328,2504328,18819193121,钟灼洪-2504328T,2504328,18819193121
3041,广东太古可口可乐湛江有限公司,30410001,湛江(BU),Y10002,茂名大区,2014,高州营业所,1654,FSV,徐锐,2810099,18820665257,周家光,3024681,18165803114,陈国源,2810257,18826113536,陈国源T,2810257,18826113536
3013,广东太古可口可乐有限公司,30130001,粤西,Y05014,粤西KA客户群,3251,粤西餐饮事业部,1968,非销售线路,刘琪,2500311,13632119698,陈小莉,2500502,13632119123,张肖-2501341,2501341,18819193023,张肖-2501341T,2501341,18819193023
3013,广东太古可口可乐有限公司,30130001,粤西,Y05002,佛山区,0759,佛山-三水,2707,开发员,胡维,2508241,13929226672,边忠明,2550443,18819192388,张强-3018261,3018261,18819193079,张强-3018261T,3018261,18819193079
3013,广东太古可口可乐有限公司,30130001,粤西,Y05002,佛山区,0757,佛山-南海,2703,开发员,胡维,2508241,13929226672,郎春玲,3005684,19811980830,钟林辉-2503232,2503232,18819193087,钟林辉-2503232T,2503232,18819193087
3013,广东太古可口可乐有限公司,30130001,粤西,Y05002,佛山区,0755,佛山-高明,2709,开发员,胡维,2508241,13929226672,林坡利,2501555,18819192400,李燕琪-3045093,3045093,18819193083,李燕琪-3045093T,3045093,18819193083
3013,广东太古可口可乐有限公司,30130001,粤西,Y05016,粤西IC,0724,广州-IC,1954,储备业代,程志明,2501433,18819192255,卜增晓,3056544,18028654240,招玉珊-3031225,3031225,19811980851,招玉珊-3031225T,3031225,19811980851
3013,广东太古可口可乐有限公司,30130001,粤西,Y05002,佛山区,0755,佛山-高明,1223,区域-城区,胡维,2508241,13929226672,林坡利,2501555,18819192400,庄帝钗-2501499,2501499,18819193404,庄帝钗-2501499T,2501499,18819193404
3013,广东太古可口可乐有限公司,30130001,粤西,Y05015,广中区域,0728,广中-黄埔,1970,非销售线路,刘佳晓,2501281,13632119761,陈柯维,3034890,18819193095,黄茂坚-2501313,2501313,18819193103,黄茂坚-2501313T,2501313,18819193103
3013,广东太古可口可乐有限公司,30130002,粤东,Y05018,粤东IC事业部,0751,深圳-IC,0236,电商,陈建军,2503226,13632981094,刘俊宏,2506227,18819192599,梁建新,2501207,13632981032,梁建新T,2501207,13632981032
3013,广东太古可口可乐有限公司,30130002,粤东,Y05020,汕尾区,3209,汕尾-汕尾,0750,区域-城区,胡向,2507216,13725076877,巫晓彬,2509286,18819193165,巫晓彬T,2509286,18819193165,林增祥-3035273,3035273,18819192181
3013,广东太古可口可乐有限公司,30130002,粤东,Y05019,深外区,0749,深外-沙井,0205,区域-城区,李慕雁,2506226,13632980132,陈崇清,2508212,18819193062,陈崇清T,2508212,18819193062,张艳梅-3048736,3048736,18819192419
3013,广东太古可口可乐有限公司,30130002,粤东,Y05020,汕尾区,3210,汕尾-棉湖,0786,区域-乡镇,胡向,2507216,13725076877,张伟军,2507207,18819192055,张伟军T,2507207,18819192055,洪浩阳-3060183,3060183,18819192317
3013,广东太古可口可乐有限公司,30130002,粤东,Y05006,河梅区,0782,河梅-惠东,0871,区域-乡镇,孙泽,2506339,13632980263,温劲龙,3008803,18819193138,温劲龙T,3008803,18819193138,李景飘-2507395,2507395,18819192213
3013,广东太古可口可乐有限公司,30130001,粤西,Y05003,广外区域,0733,广外-新市,1372,区域-乡镇,胡铭洋,3019330,18926210250,何成宪,3021860,18826120593,何成宪T,3021860,18826120593,郭定波-2525630,2525630,18819192830
3013,广东太古可口可乐有限公司,30130001,粤西,Y05003,广外区域,0733,广外-新市,1441,区域-城区,胡铭洋,3019330,18926210250,何成宪,3021860,18826120593,何成宪T,3021860,18826120593,穆仕霞-3060061,3060061,18819192863
3013,广东太古可口可乐有限公司,30130002,粤东,Y05026,粤东EC事业部,3243,粤东EC办事处,0238,区域-城区,严玮,2501250,13632980151,李冬琴,2506578,13632980215,李冬琴T,2506578,13632980215,孙银超-3046999,3046999,13631632547
3013,广东太古可口可乐有限公司,30130001,粤西,Y05005,韶清区域,0808,韶清-乐昌,1746,区域-乡镇,杨海,2505227,13826390599,林俊年,2503274,18819192411,林俊年T,2503274,18819192411,刘海华-2505321,2505321,18819192986
3013,广东太古可口可乐有限公司,30130001,粤西,Y05003,广外区域,0733,广外-新市,1361,区域-城区,胡铭洋,3019330,18926210250,何成宪,3021860,18826120593,何成宪T,3021860,18826120593,陈进安-3026726,3026726,19811980860
3013,广东太古可口可乐有限公司,30130002,粤东,Y05024,东莞区,3250,东莞-IC,0269,区域-城区,邱创荣,2506284,13632980303,张绮琴,2506476,18819193001,张绮琴T,2506476,18819193001,杨庆芬-3019386,3019386,18898813016
3013,广东太古可口可乐有限公司,30130001,粤西,Y05005,韶清区域,0773,韶清-韶关,1725,电商,杨海,2505227,13826390599,陈博,2505289,18819193196,陈博T,2505289,18819193196,曾德春-3025382,3025382,18826120576
3013,广东太古可口可乐有限公司,30130002,粤东,Y05026,粤东EC事业部,3243,粤东EC办事处,0237,区域-乡镇,严玮,2501250,13632980151,李冬琴,2506578,13632980215,李冬琴T,2506578,13632980215,谭政鹏-3032490,3032490,15112365820
3013,广东太古可口可乐有限公司,30130002,粤东,Y05007,惠州区,3228,惠州-江北,0836,IC-餐饮,韩鹏程,2506228,13632980173,曾扬达,2507360,18819193172,曾扬达T,2507360,18819193172,杨建发-2507382,2507382,18819192234
3013,广东太古可口可乐有限公司,30130001,粤西,Y05014,粤西KA客户群,0758,佛山-重点,1828,KA-综合,刘琪,2500311,13632119698,廖劲刚,2504357,18819192199,廖劲刚T,2504357,18819192199,陈昭明-3038812,3038812,18819193037
3013,广东太古可口可乐有限公司,30130002,粤东,Y05009,汕头区,3213,汕头-饶平,0645,区域-城区,黄伟,2506219,13632980128,张道鑫,2509249,18819193179,张道鑫T,2509249,18819193179,余桂雄-2509253,2509253,18819192279
3041,广东太古可口可乐湛江有限公司,30410001,湛江(BU),Y10001,湛江大区,2020,东海办事处,1052,区域-城区,李鑫元,2810095,13828289042,赵勇,2810233,18826113912,赵勇T,2810233,18826113912,陈文福,2810196,18826113905
3013,广东太古可口可乐有限公司,30130002,粤东,Y05024,东莞区,0818,东莞-厚街,0408,区域-城区,邱创荣,2506284,13632980303,李秋菊,3003379,18819192022,李秋菊T,3003379,18819192022,卢小荣-3040030,3040030,18819192040
3013,广东太古可口可乐有限公司,30130001,粤西,Y05005,韶清区域,0773,韶清-韶关,1714,区域-城区,杨海,2505227,13826390599,陈博,2505289,18819193196,陈博T,2505289,18819193196,黄勇坚-2505204,2505204,18819192979
3013,广东太古可口可乐有限公司,30130002,粤东,Y05009,汕头区,3215,汕头-棉城,0720,区域-城区,黄伟,2506219,13632980128,林桂洪,2509222,18819192499,林桂洪T,2509222,18819192499,陈增鑫-3030436,3030436,18819192273
3013,广东太古可口可乐有限公司,30130002,粤东,Y05020,汕尾区,3211,汕尾-惠来,0782,区域-城区,胡向,2507216,13725076877,杨义章,2506357,18819192699,杨义章T,2506357,18819192699,方伟钦-3039357,3039357,18819192313
3013,广东太古可口可乐有限公司,30130002,粤东,Y05018,粤东IC事业部,0751,深圳-IC,0231,区域-城区,陈建军,2503226,13632981094,刘俊宏,2506227,18819192599,刘俊宏T,2506227,18819192599,穆小霞-3034434,3034434,18898813019
3013,广东太古可口可乐有限公司,30130002,粤东,Y05009,汕头区,3242,汕头-IC,0637,取消线路,黄伟,2506219,13632980128,陈伟财,2509298,18819193191,陈伟财T,2509298,18819193191,周凯胜-3045449,3045449,18826120357
3013,广东太古可口可乐有限公司,30130002,粤东,Y05020,汕尾区,3210,汕尾-棉湖,0788,区域-城区,胡向,2507216,13725076877,张伟军,2507207,18819192055,张伟军T,2507207,18819192055,林俊喜-3017705,3017705,18819192319
3013,广东太古可口可乐有限公司,30130002,粤东,Y05009,汕头区,3215,汕头-棉城,0716,批发,黄伟,2506219,13632980128,林桂洪,2509222,18819192499,林桂洪T,2509222,18819192499,李惠如-3040460,3040460,18819192269
3013,广东太古可口可乐有限公司,30130002,粤东,Y05024,东莞区,3250,东莞-IC,0266,区域-乡镇,邱创荣,2506284,13632980303,张绮琴,2506476,18819193001,张绮琴T,2506476,18819193001,康家良-3056362,3056362,18819193147
3013,广东太古可口可乐有限公司,30130002,粤东,Y05009,汕头区,3215,汕头-棉城,0714,区域-乡镇,黄伟,2506219,13632980128,林桂洪,2509222,18819192499,林桂洪T,2509222,18819192499,黄晓杰-3003724,3003724,18819192267
3013,广东太古可口可乐有限公司,30130002,粤东,Y05009,汕头区,3213,汕头-饶平,0649,IC-综合,黄伟,2506219,13632980128,张道鑫,2509249,18819193179,张道鑫T,2509249,18819193179,刘子严-3056349,3056349,18819192283
3013,广东太古可口可乐有限公司,30130002,粤东,Y05020,汕尾区,3210,汕尾-棉湖,0785,区域-城区,胡向,2507216,13725076877,张伟军,2507207,18819192055,张伟军T,2507207,18819192055,陈洪涛-3047938,3047938,18819192316
3013,广东太古可口可乐有限公司,30130001,粤西,Y05003,广外区域,0733,广外-新市,1442,区域-城区,胡铭洋,3019330,18926210250,何成宪,3021860,18826120593,何成宪T,3021860,18826120593,伍启泉-2501246,2501246,18819192856
3041,广东太古可口可乐湛江有限公司,30410001,湛江(BU),Y10001,湛江大区,2020,东海办事处,1063,区域-乡镇,李鑫元,2810095,13828289042,赵勇,2810233,18826113912,赵勇T,2810233,18826113912,谢华婷,3053135,18826113903
3013,广东太古可口可乐有限公司,30130001,粤西,Y05016,粤西IC,0724,广州-IC,2713,开发员,程志明,2501433,18819192255,卜增晓,3056544,18028654240,卜增晓T,3056544,18028654240,桂超平T,2501293,18819193027
3013,广东太古可口可乐有限公司,30130001,粤西,Y05005,韶清区域,0810,韶清-翁源,1791,区域-乡镇,杨海,2505227,13826390599,林仰川,3011933,18820110682,林仰川T,3011933,18820110682,黄小珍-3055875,3055875,18819192994
3013,广东太古可口可乐有限公司,30130001,粤西,Y05014,粤西KA客户群,0758,佛山-重点,1845,KA-综合,刘琪,2500311,13632119698,廖劲刚,2504357,18819192199,廖劲刚T,2504357,18819192199,成金秀-2550089,2550089,18826120751
3013,广东太古可口可乐有限公司,30130001,粤西,Y05003,广外区域,0733,广外-新市,1421,IC-餐饮,胡铭洋,3019330,18926210250,何成宪,3021860,18826120593,何成宪T,3021860,18826120593,陈堪校-3038869,3038869,18819192850
3013,广东太古可口可乐有限公司,30130001,粤西,Y05005,韶清区域,0809,韶清-南雄,1742,区域-乡镇,杨海,2505227,13826390599,余伟文,2505275,18819193413,余伟文T,2505275,18819193413,谭石林-2505281,2505281,18819192983
3013,广东太古可口可乐有限公司,30130002,粤东,Y05006,河梅区,3217,河梅-五华,0974,公共线路,孙泽,2506339,13632980263,林典宇,2509390,18819193185,林典宇T,2509390,18819193185,易飞燕-3013254,3013254,18819193323
3013,广东太古可口可乐有限公司,30130002,粤东,Y05009,汕头区,3215,汕头-棉城,0718,区域-乡镇,黄伟,2506219,13632980128,林桂洪,2509222,18819192499,林桂洪T,2509222,18819192499,陈锦峰-3024386,3024386,18819192271
3013,广东太古可口可乐有限公司,30130002,粤东,Y05019,深外区,0749,深外-沙井,0204,区域-乡镇,李慕雁,2506226,13632980132,陈崇清,2508212,18819193062,陈崇清T,2508212,18819193062,王虎-2506255,2506255,18819192421
3013,广东太古可口可乐有限公司,30130002,粤东,Y05007,惠州区,3228,惠州-江北,0839,区域-城区,韩鹏程,2506228,13632980173,曾扬达,2507360,18819193172,曾扬达T,2507360,18819193172,李春兰-3023530,3023530,18819193450
3013,广东太古可口可乐有限公司,30130001,粤西,Y05005,韶清区域,0810,韶清-翁源,1792,区域-城区,杨海,2505227,13826390599,林仰川,3011933,18820110682,林仰川T,3011933,18820110682,赖考辉-3043236,3043236,18819192995
3013,广东太古可口可乐有限公司,30130001,粤西,Y05014,粤西KA客户群,0758,佛山-重点,1822,非销售线路,刘琪,2500311,13632119698,廖劲刚,2504357,18819192199,廖劲刚T,2504357,18819192199,潘楚朗-3025618,3025618,18819193034
3013,广东太古可口可乐有限公司,30130002,粤东,Y05024,东莞区,0818,东莞-厚街,0411,区域-乡镇,邱创荣,2506284,13632980303,李秋菊,3003379,18819192022,李秋菊T,3003379,18819192022,张俊英-3043983,3043983,18826120387
3013,广东太古可口可乐有限公司,30130002,粤东,Y05009,汕头区,3213,汕头-饶平,0647,区域-城区,黄伟,2506219,13632980128,张道鑫,2509249,18819193179,张道鑫T,2509249,18819193179,张文-2509322,2509322,18819192281
3041,广东太古可口可乐湛江有限公司,30410001,湛江(BU),Y10001,湛江大区,2020,东海办事处,1061,区域-城区,李鑫元,2810095,13828289042,赵勇,2810233,18826113912,赵勇T,2810233,18826113912,吴国雄,2810150,18826113902
3013,广东太古可口可乐有限公司,30130002,粤东,Y05007,惠州区,3228,惠州-江北,0822,区域-城区,韩鹏程,2506228,13632980173,曾扬达,2507360,18819193172,曾扬达T,2507360,18819193172,陈彬-2507352,2507352,18819192230
3013,广东太古可口可乐有限公司,30130002,粤东,Y05006,河梅区,3217,河梅-五华,0962,区域-乡镇,孙泽,2506339,13632980263,林典宇,2509390,18819193185,林典宇T,2509390,18819193185,何香兰-3048831,3048831,18819192145
3013,广东太古可口可乐有限公司,30130001,粤西,Y05003,广外区域,0733,广外-新市,1420,区域-城区,胡铭洋,3019330,18926210250,何成宪,3021860,18826120593,何成宪T,3021860,18826120593,谭逸民-3060076,3060076,18826120612
3041,广东太古可口可乐湛江有限公司,30410001,湛江(BU),Y10002,茂名大区,2019,电城办事处,1766,区域-乡镇,徐锐,2810099,18820665257,张志启,2810442,18218882382,张志启T,2810442,18218882382,杨德玲,3038481,18826113528
3013,广东太古可口可乐有限公司,30130001,粤西,Y05014,粤西KA客户群,0758,佛山-重点,1827,非销售线路,刘琪,2500311,13632119698,廖劲刚,2504357,18819192199,廖劲刚T,2504357,18819192199,叶展东-3052204,3052204,18819193039
3013,广东太古可口可乐有限公司,30130002,粤东,Y05009,汕头区,3215,汕头-棉城,0726,区域-城区,黄伟,2506219,13632980128,林桂洪,2509222,18819192499,林桂洪T,2509222,18819192499,赵岳丰-2509378,2509378,18819210412
3013,广东太古可口可乐有限公司,30130001,粤西,Y05016,粤西IC,0724,广州-IC,2710,开发员,程志明,2501433,18819192255,卜增晓,3056544,18028654240,卜增晓T,3056544,18028654240,陈晓飞-3006871,3006871,18819193109
3013,广东太古可口可乐有限公司,30130002,粤东,Y05009,汕头区,3215,汕头-棉城,0719,区域-乡镇,黄伟,2506219,13632980128,林桂洪,2509222,18819192499,林桂洪T,2509222,18819192499,丁灿彬-3060262,3060262,18819192272
3041,广东太古可口可乐湛江有限公司,30410001,湛江(BU),Y10002,茂名大区,2019,电城办事处,1751,区域-乡镇,徐锐,2810099,18820665257,张志启,2810442,18218882382,张志启T,2810442,18218882382,黎晓东,2810329,18826113525
3013,广东太古可口可乐有限公司,30130002,粤东,Y05009,汕头区,3242,汕头-IC,0611,区域-城区,黄伟,2506219,13632980128,陈伟财,2509298,18819193191,陈伟财T,2509298,18819193191,黄艳鸿-3050598,3050598,18826120835
3013,广东太古可口可乐有限公司,30130002,粤东,Y05026,粤东EC事业部,3243,粤东EC办事处,0243,区域-城区,严玮,2501250,13632980151,李冬琴,2506578,13632980215,李冬琴T,2506578,13632980215,姚恒-3046998,3046998,19896875689
3013,广东太古可口可乐有限公司,30130001,粤西,Y05005,韶清区域,0809,韶清-南雄,1743,区域-乡镇,杨海,2505227,13826390599,余伟文,2505275,18819193413,余伟文T,2505275,18819193413,叶菁-3008293,3008293,18819192984
3041,广东太古可口可乐湛江有限公司,30410001,湛江(BU),Y10002,茂名大区,2019,电城办事处,1755,区域-乡镇,徐锐,2810099,18820665257,张志启,2810442,18218882382,张志启T,2810442,18218882382,蔡志祥,2810287,18826113523
3013,广东太古可口可乐有限公司,30130002,粤东,Y05018,粤东IC事业部,0751,深圳-IC,0154,区域-城区,陈建军,2503226,13632981094,刘俊宏,2506227,18819192599,刘俊宏T,2506227,18819192599,陈建达-3034790,3034790,18819192449
3013,广东太古可口可乐有限公司,30130001,粤西,Y05005,韶清区域,0778,韶清-英德,1786,区域-乡镇,杨海,2505227,13826390599,刘锦泉,3014498,18819193104,刘锦泉T,3014498,18819193104,陈必贤-3044271,3044271,18819193002
3013,广东太古可口可乐有限公司,30130002,粤东,Y05013,粤东KA客户群,3238,粤东餐饮事业部,4507,开发员,张婧,3037236,18826527352,邱隽逸,2506438,15013880423,邱隽逸T,2506438,15013880423,文小兵-2506209,2506209,13632980172
3041,广东太古可口可乐湛江有限公司,30410001,湛江(BU),Y10002,茂名大区,2019,电城办事处,1758,区域-乡镇,徐锐,2810099,18820665257,张志启,2810442,18218882382,张志启T,2810442,18218882382,黄清莲,3026040,18826113527
3013,广东太古可口可乐有限公司,30130002,粤东,Y05020,汕尾区,3210,汕尾-棉湖,0733,区域-乡镇,胡向,2507216,13725076877,张伟军,2507207,18819192055,张伟军T,2507207,18819192055,李培-3034771,3034771,18898813024
3013,广东太古可口可乐有限公司,30130002,粤东,Y05024,东莞区,3250,东莞-IC,0268,区域-城区,邱创荣,2506284,13632980303,张绮琴,2506476,18819193001,张绮琴T,2506476,18819193001,蒋雅意-3056517,3056517,18819192957
3013,广东太古可口可乐有限公司,30130002,粤东,Y05019,深外区,0749,深外-沙井,0203,区域-城区,李慕雁,2506226,13632980132,陈崇清,2508212,18819193062,陈崇清T,2508212,18819193062,杜绍伦-3014557,3014557,18819192417
3013,广东太古可口可乐有限公司,30130002,粤东,Y05006,河梅区,3217,河梅-五华,0967,公共线路,孙泽,2506339,13632980263,林典宇,2509390,18819193185,林典宇T,2509390,18819193185,曾?竹-3025491,3025491,18819192148
3013,广东太古可口可乐有限公司,30130002,粤东,Y05006,河梅区,0780,河梅-龙川,0922,非销售线路,孙泽,2506339,13632980263,黄永兴,2507261,18819193048,黄永兴T,2507261,18819193048,谭文秀-3051805,3051805,18819192128
3041,广东太古可口可乐湛江有限公司,30410001,湛江(BU),Y10006,重点客户部,2004,KA营业所,1151,区域-乡镇,陈滨,2810313,18320364193,李珍珍,2810303,18826113830,李珍珍T,2810303,18826113830,李号,2810179,18826113823
3013,广东太古可口可乐有限公司,30130002,粤东,Y05020,汕尾区,3209,汕尾-汕尾,0748,IC-餐饮,胡向,2507216,13725076877,巫晓彬,2509286,18819193165,巫晓彬T,2509286,18819193165,蔡镇鸿-3033949,3033949,18819192179
3013,广东太古可口可乐有限公司,30130002,粤东,Y05024,东莞区,0818,东莞-厚街,7403,区域-城区,邱创荣,2506284,13632980303,李秋菊,3003379,18819192022,李秋菊T,3003379,18819192022,蔡晓锋-3024154,3024154,18819192036
3041,广东太古可口可乐湛江有限公司,30410001,湛江(BU),Y10001,湛江大区,2009,徐闻营业所,1410,区域-城区,李鑫元,2810095,13828289042,叶王达,2810126,13828289705,叶王达T,2810126,13828289705,窦朝胤,3020113,18826113928
3013,广东太古可口可乐有限公司,30130002,粤东,Y05024,东莞区,0818,东莞-厚街,0409,FSV,邱创荣,2506284,13632980303,李秋菊,3003379,18819192022,李秋菊T,3003379,18819192022,梁朝平-2508307,2508307,18819193244
3013,广东太古可口可乐有限公司,30130002,粤东,Y05007,惠州区,3228,惠州-江北,0823,IC-餐饮,韩鹏程,2506228,13632980173,曾扬达,2507360,18819193172,曾扬达T,2507360,18819193172,郑学敏-3015496,3015496,18819192240
3013,广东太古可口可乐有限公司,30130002,粤东,Y05009,汕头区,3213,汕头-饶平,0648,区域-乡镇,黄伟,2506219,13632980128,张道鑫,2509249,18819193179,张道鑫T,2509249,18819193179,陈梓创-3017698,3017698,18819192282
3013,广东太古可口可乐有限公司,30130002,粤东,Y05020,汕尾区,3211,汕尾-惠来,0783,区域-城区,胡向,2507216,13725076877,杨义章,2506357,18819192699,杨义章T,2506357,18819192699,谢伟-3032368,3032368,18819193368
3013,广东太古可口可乐有限公司,30130002,粤东,Y05026,粤东EC事业部,3243,粤东EC办事处,0250,区域-城区,严玮,2501250,13632980151,李冬琴,2506578,13632980215,李冬琴T,2506578,13632980215,邹承睿,3052936,17704061646
3041,广东太古可口可乐湛江有限公司,30410001,湛江(BU),Y10001,湛江大区,2009,徐闻营业所,1408,区域-城区,李鑫元,2810095,13828289042,叶王达,2810126,13828289705,叶王达T,2810126,13828289705,樊玉敏,3020517,18826113930
3013,广东太古可口可乐有限公司,30130001,粤西,Y05005,韶清区域,0810,韶清-翁源,1609,FSV,杨海,2505227,13826390599,林仰川,3011933,18820110682,林仰川T,3011933,18820110682,陈雄勇-2502313,2502313,18819192877
3013,广东太古可口可乐有限公司,30130002,粤东,Y05009,汕头区,3215,汕头-棉城,0715,区域-城区,黄伟,2506219,13632980128,林桂洪,2509222,18819192499,林桂洪T,2509222,18819192499,郑坚明-3023975,3023975,18819192268
3013,广东太古可口可乐有限公司,30130002,粤东,Y05020,汕尾区,3210,汕尾-棉湖,0787,IC-餐饮,胡向,2507216,13725076877,张伟军,2507207,18819192055,张伟军T,2507207,18819192055,方涤新-3030213,3030213,18819192318
3013,广东太古可口可乐有限公司,30130002,粤东,Y05006,河梅区,3217,河梅-五华,0964,区域-乡镇,孙泽,2506339,13632980263,林典宇,2509390,18819193185,林典宇T,2509390,18819193185,戴小春-3041124,3041124,18819192147
3013,广东太古可口可乐有限公司,30130001,粤西,Y05005,韶清区域,0778,韶清-英德,1788,区域-城区,杨海,2505227,13826390599,刘锦泉,3014498,18819193104,刘锦泉T,3014498,18819193104,杨家云-2505233,2505233,18819193007
3013,广东太古可口可乐有限公司,30130002,粤东,Y05010,深中区,3202,深中-观澜,0121,区域-城区,蔡志伟,2507286,13725076841,陈梁,2506256,13929226110,陈梁T,2506256,13929226110,康林-3033987,3033987,18819192358
3041,广东太古可口可乐湛江有限公司,30410001,湛江(BU),Y10002,茂名大区,2019,电城办事处,1761,区域-乡镇,徐锐,2810099,18820665257,张志启,2810442,18218882382,张志启T,2810442,18218882382,杨瑞鹏,3056383,18826113526
3013,广东太古可口可乐有限公司,30130002,粤东,Y05006,河梅区,3217,河梅-五华,0975,公共线路,孙泽,2506339,13632980263,林典宇,2509390,18819193185,林典宇T,2509390,18819193185,邹庆章-3018790,3018790,18819193375
3041,广东太古可口可乐湛江有限公司,30410001,湛江(BU),Y10001,湛江大区,2009,徐闻营业所,1411,区域-乡镇,李鑫元,2810095,13828289042,叶王达,2810126,13828289705,叶王达T,2810126,13828289705,郑钟鑫,3035384,18826113931
3013,广东太古可口可乐有限公司,30130002,粤东,Y05009,汕头区,3213,汕头-饶平,0646,麦当劳,黄伟,2506219,13632980128,张道鑫,2509249,18819193179,张道鑫T,2509249,18819193179,王楚雄-3018813,3018813,18819192280
3013,广东太古可口可乐有限公司,30130002,粤东,Y05009,汕头区,3213,汕头-饶平,0638,区域-城区,黄伟,2506219,13632980128,张道鑫,2509249,18819193179,张道鑫T,2509249,18819193179,黄心锐-2509237,2509237,18826120017
3013,广东太古可口可乐有限公司,30130002,粤东,Y05007,惠州区,3201,惠州-坪山,0192,区域-城区,韩鹏程,2506228,13632980173,符蓉国,2507272,18819192700,符蓉国T,2507272,18819192700,钟其伦-3043232,3043232,18898600053
3013,广东太古可口可乐有限公司,30130001,粤西,Y05005,韶清区域,0778,韶清-英德,1789,区域-乡镇,杨海,2505227,13826390599,刘锦泉,3014498,18819193104,刘锦泉T,3014498,18819193104,李文锦-3038324,3038324,18819193003
3013,广东太古可口可乐有限公司,30130002,粤东,Y05019,深外区,0749,深外-沙井,0206,区域-城区,李慕雁,2506226,13632980132,陈崇清,2508212,18819193062,陈崇清T,2508212,18819193062,朱世营-3036031,3036031,18819192420
3013,广东太古可口可乐有限公司,30130001,粤西,Y05014,粤西KA客户群,0758,佛山-重点,1825,非销售线路,刘琪,2500311,13632119698,廖劲刚,2504357,18819192199,廖劲刚T,2504357,18819192199,周伟俊-3053112,3053112,18819193037
3013,广东太古可口可乐有限公司,30130001,粤西,Y05005,韶清区域,0773,韶清-韶关,1715,电商,杨海,2505227,13826390599,陈博,2505289,18819193196,陈博T,2505289,18819193196,黄小明-3027038,3027038,18819192980
3013,广东太古可口可乐有限公司,30130002,粤东,Y05013,粤东KA客户群,3238,粤东餐饮事业部,4502,开发员,张婧,3037236,18826527352,邱隽逸,2506438,15013880423,邱隽逸T,2506438,15013880423,陈怡金-3034137,3034137,13620932372
3041,广东太古可口可乐湛江有限公司,30410001,湛江(BU),Y10001,湛江大区,2009,徐闻营业所,1406,区域-乡镇,李鑫元,2810095,13828289042,叶王达,2810126,13828289705,叶王达T,2810126,13828289705,林演,3055645,18826113929
3013,广东太古可口可乐有限公司,30130002,粤东,Y05006,河梅区,0782,河梅-惠东,0874,区域-城区,孙泽,2506339,13632980263,温劲龙,3008803,18819193138,温劲龙T,3008803,18819193138,刘思海-3025492,3025492,18819193386
3041,广东太古可口可乐湛江有限公司,30410001,湛江(BU),Y10006,重点客户部,2004,KA营业所,1153,KA-综合,陈滨,2810313,18320364193,李珍珍,2810303,18826113830,李珍珍T,2810303,18826113830,谭超,3037167,18826113829
3041,广东太古可口可乐湛江有限公司,30410001,湛江(BU),Y10001,湛江大区,2020,东海办事处,1051,区域-乡镇,李鑫元,2810095,13828289042,赵勇,2810233,18826113912,赵勇T,2810233,18826113912,王露琼,3024544,18826113892
3013,广东太古可口可乐有限公司,30130002,粤东,Y05013,粤东KA客户群,3238,粤东餐饮事业部,4501,开发员,张婧,3037236,18826527352,邱隽逸,2506438,15013880423,邱隽逸T,2506438,15013880423,李兴豹T-2506213,2506213,13632980150
3041,广东太古可口可乐湛江有限公司,30410001,湛江(BU),Y10006,重点客户部,2004,KA营业所,1155,区域-乡镇,陈滨,2810313,18320364193,李珍珍,2810303,18826113830,李珍珍T,2810303,18826113830,青燕,2810469,18826113825
3013,广东太古可口可乐有限公司,30130002,粤东,Y05010,深中区,3202,深中-观澜,0124,区域-城区,蔡志伟,2507286,13725076841,陈梁,2506256,13929226110,陈梁T,2506256,13929226110,黄彩辉-3045258,3045258,18819192361
3041,广东太古可口可乐湛江有限公司,30410001,湛江(BU),Y10006,重点客户部,2004,KA营业所,1154,区域-城区,陈滨,2810313,18320364193,李珍珍,2810303,18826113830,李珍珍T,2810303,18826113830,吴沅晓,3055851,18826113826
3013,广东太古可口可乐有限公司,30130002,粤东,Y05019,深外区,0749,深外-沙井,7202,区域-城区,李慕雁,2506226,13632980132,陈崇清,2508212,18819193062,陈崇清T,2508212,18819193062,吴宏辉-2507322,2507322,18819192416
3013,广东太古可口可乐有限公司,30130001,粤西,Y05005,韶清区域,0778,韶清-英德,1787,区域-城区,杨海,2505227,13826390599,刘锦泉,3014498,18819193104,刘锦泉T,3014498,18819193104,莫远梅-3016258,3016258,18819193006
3013,广东太古可口可乐有限公司,30130001,粤西,Y05016,粤西IC,0724,广州-IC,1991,销售主管-挂客户,程志明,2501433,18819192255,卜增晓,3056544,18028654240,卜增晓T,3056544,18028654240,黎建中-2504207,2504207,13929925102
3013,广东太古可口可乐有限公司,30130002,粤东,Y05024,东莞区,0818,东莞-厚街,0404,区域-乡镇,邱创荣,2506284,13632980303,李秋菊,3003379,18819192022,李秋菊T,3003379,18819192022,李荣琼-3021830,3021830,18819192037
3013,广东太古可口可乐有限公司,30130002,粤东,Y05019,深外区,0749,深外-沙井,0214,区域-城区,李慕雁,2506226,13632980132,陈崇清,2508212,18819193062,陈崇清T,2508212,18819193062,王峰-2506408,2506408,18819193259
3013,广东太古可口可乐有限公司,30130002,粤东,Y05006,河梅区,0780,河梅-龙川,0925,区域-城区,孙泽,2506339,13632980263,黄永兴,2507261,18819193048,黄永兴T,2507261,18819193048,丘龙-3060323,3060323,18819192131
3013,广东太古可口可乐有限公司,30130002,粤东,Y05020,汕尾区,3210,汕尾-棉湖,0797,IC-餐饮,胡向,2507216,13725076877,张伟军,2507207,18819192055,张伟军T,2507207,18819192055,林彦能-3019683,3019683,18819193356
3013,广东太古可口可乐有限公司,30130001,粤西,Y05005,韶清区域,0809,韶清-南雄,1740,区域-乡镇,杨海,2505227,13826390599,余伟文,2505275,18819193413,余伟文T,2505275,18819193413,刘桂莲-3017312,3017312,18826120532
3013,广东太古可口可乐有限公司,30130002,粤东,Y05024,东莞区,0818,东莞-厚街,7407,区域-城区,邱创荣,2506284,13632980303,李秋菊,3003379,18819192022,李秋菊T,3003379,18819192022,林琼花-3032562,3032562,18819192039
3013,广东太古可口可乐有限公司,30130001,粤西,Y05005,韶清区域,0808,韶清-乐昌,1703,区域-城区,杨海,2505227,13826390599,林俊年,2503274,18819192411,林俊年T,2503274,18819192411,张志勇-3004322,3004322,18819192965
3013,广东太古可口可乐有限公司,30130001,粤西,Y05005,韶清区域,0777,韶清-连州,1770,区域-乡镇,杨海,2505227,13826390599,张国平,2501332,18819192211,张国平T,2501332,18819192211,李光林-3009278,3009278,18819193290
3013,广东太古可口可乐有限公司,30130002,粤东,Y05007,惠州区,3228,惠州-江北,0824,区域-城区,韩鹏程,2506228,13632980173,曾扬达,2507360,18819193172,曾扬达T,2507360,18819193172,陈育光-3041744,3041744,18819192241
3013,广东太古可口可乐有限公司,30130002,粤东,Y05020,汕尾区,3211,汕尾-惠来,0781,区域-城区,胡向,2507216,13725076877,杨义章,2506357,18819192699,杨义章T,2506357,18819192699,陈剑锋-3008328,3008328,18819192312
3013,广东太古可口可乐有限公司,30130001,粤西,Y05005,韶清区域,0810,韶清-翁源,1790,区域-城区,杨海,2505227,13826390599,林仰川,3011933,18820110682,林仰川T,3011933,18820110682,赖静辉-3017311,3017311,18819192993
3013,广东太古可口可乐有限公司,30130002,粤东,Y05026,粤东EC事业部,3243,粤东EC办事处,0241,区域-城区,严玮,2501250,13632980151,李冬琴,2506578,13632980215,李冬琴T,2506578,13632980215,张睿-3033476,3033476,18929307764
3013,广东太古可口可乐有限公司,30130001,粤西,Y05014,粤西KA客户群,0758,佛山-重点,1930,开发员,刘琪,2500311,13632119698,廖劲刚,2504357,18819192199,廖劲刚T,2504357,18819192199,何子高T-3028179,3028179,18819193092
3013,广东太古可口可乐有限公司,30130002,粤东,Y05010,深中区,3202,深中-观澜,0125,IC-综合,蔡志伟,2507286,13725076841,陈梁,2506256,13929226110,陈梁T,2506256,13929226110,谢辉煌-3035125,3035125,18819192362
3013,广东太古可口可乐有限公司,30130002,粤东,Y05010,深中区,3202,深中-观澜,0138,区域-城区,蔡志伟,2507286,13725076841,陈梁,2506256,13929226110,陈梁T,2506256,13929226110,张景红-3029684,3029684,18819193421
3013,广东太古可口可乐有限公司,30130002,粤东,Y05020,汕尾区,3211,汕尾-惠来,0779,区域-乡镇,胡向,2507216,13725076877,杨义章,2506357,18819192699,杨义章T,2506357,18819192699,龚德伟-3051664,3051664,18819193368
3041,广东太古可口可乐湛江有限公司,30410001,湛江(BU),Y10001,湛江大区,2009,徐闻营业所,1409,区域-城区,李鑫元,2810095,13828289042,叶王达,2810126,13828289705,叶王达T,2810126,13828289705,郑春柳,2810322,18826113926
3013,广东太古可口可乐有限公司,30130002,粤东,Y05010,深中区,3202,深中-观澜,0135,区域-城区,蔡志伟,2507286,13725076841,陈梁,2506256,13929226110,陈梁T,2506256,13929226110,邓耀凛-3051800,3051800,18819192363
3013,广东太古可口可乐有限公司,30130002,粤东,Y05006,河梅区,0780,河梅-龙川,0924,区域-城区,孙泽,2506339,13632980263,黄永兴,2507261,18819193048,黄永兴T,2507261,18819193048,吴仕杰-3045807,3045807,18819192130
3013,广东太古可口可乐有限公司,30130002,粤东,Y05010,深中区,3202,深中-观澜,0120,区域-城区,蔡志伟,2507286,13725076841,陈梁,2506256,13929226110,陈梁T,2506256,13929226110,殷金花-3018730,3018730,18826121676
3013,广东太古可口可乐有限公司,30130002,粤东,Y05007,惠州区,3228,惠州-江北,0840,IC-餐饮,韩鹏程,2506228,13632980173,曾扬达,2507360,18819193172,曾扬达T,2507360,18819193172,张颜辉-3031521,3031521,18826120527
3013,广东太古可口可乐有限公司,30130002,粤东,Y05009,汕头区,3215,汕头-棉城,0725,区域-城区,黄伟,2506219,13632980128,林桂洪,2509222,18819192499,林桂洪T,2509222,18819192499,李妙音,3057533,19802011260
3041,广东太古可口可乐湛江有限公司,30410001,湛江(BU),Y10002,茂名大区,2012,茂名营业所,1572,区域-乡镇,徐锐,2810099,18820665257,廖海梅,2810139,15818936876,廖海梅T,2810139,15818936876,廖海梅T,2810139,15818936876
3013,广东太古可口可乐有限公司,30130002,粤东,Y05006,河梅区,0782,河梅-惠东,2904,LE101,孙泽,2506339,13632980263,温劲龙,3008803,18819193138,温劲龙T,3008803,18819193138,温劲龙T,3008803,18819193138
3013,广东太古可口可乐有限公司,30130002,粤东,Y05006,河梅区,3206,河梅-吉隆,2902,LE101,孙泽,2506339,13632980263,施杰华,3011898,18819192433,施杰华T,3011898,18819192433,施杰华T,3011898,18819192433
3041,广东太古可口可乐湛江有限公司,30410001,湛江(BU),Y10001,湛江大区,2002,市外营业部,1201,区域-乡镇,李鑫元,2810095,13828289042,彭海明,3010123,13632119110,彭海明T,3010123,13632119110,彭海明T,3010123,13632119110
3013,广东太古可口可乐有限公司,30130002,粤东,Y05007,惠州区,0781,惠州-博龙,2917,LE101,韩鹏程,2506228,13632980173,谭力乐,2507297,18819192066,谭力乐T,2507297,18819192066,谭力乐T,2507297,18819192066
3013,广东太古可口可乐有限公司,30130001,粤西,Y05014,粤西KA客户群,0758,佛山-重点,1929,销售主管-挂客户,刘琪,2500311,13632119698,廖劲刚,2504357,18819192199,廖劲刚T,2504357,18819192199,廖劲刚T,2504357,18819192199
3013,广东太古可口可乐有限公司,30130002,粤东,Y05007,惠州区,0781,惠州-博龙,2909,LE101,韩鹏程,2506228,13632980173,谭力乐,2507297,18819192066,谭力乐T,2507297,18819192066,谭力乐T,2507297,18819192066
3013,广东太古可口可乐有限公司,30130002,粤东,Y05024,东莞区,3250,东莞-IC,0583,IC-综合,邱创荣,2506284,13632980303,张绮琴,2506476,18819193001,张绮琴T,2506476,18819193001,张绮琴T,2506476,18819193001
3013,广东太古可口可乐有限公司,30130002,粤东,Y05007,惠州区,0781,惠州-博龙,2910,LE101,韩鹏程,2506228,13632980173,谭力乐,2507297,18819192066,谭力乐T,2507297,18819192066,谭力乐T,2507297,18819192066
3013,广东太古可口可乐有限公司,30130001,粤西,Y05016,粤西IC,0724,广州-IC,2716,开发员,程志明,2501433,18819192255,卜增晓,3056544,18028654240,卜增晓T,3056544,18028654240,卜增晓T,3056544,18028654240
3013,广东太古可口可乐有限公司,30130002,粤东,Y05013,粤东KA客户群,3238,粤东餐饮事业部,4503,开发员,张婧,3037236,18826527352,邱隽逸,2506438,15013880423,邱隽逸T,2506438,15013880423,邱隽逸T,2506438,15013880423
3013,广东太古可口可乐有限公司,30130002,粤东,Y05026,粤东EC事业部,3243,粤东EC办事处,0242,取消线路,严玮,2501250,13632980151,李冬琴,2506578,13632980215,李冬琴T,2506578,13632980215,李冬琴T,2506578,13632980215
3013,广东太古可口可乐有限公司,30130002,粤东,Y05007,惠州区,0783,惠州-惠阳,2906,LE101,韩鹏程,2506228,13632980173,蚁嘉斯,2509300,18819193190,蚁嘉斯T,2509300,18819193190,蚁嘉斯T,2509300,18819193190
3013,广东太古可口可乐有限公司,30130002,粤东,Y05026,粤东EC事业部,3243,粤东EC办事处,0239,区域-乡镇,严玮,2501250,13632980151,李冬琴,2506578,13632980215,李冬琴T,2506578,13632980215,李冬琴T,2506578,13632980215
3013,广东太古可口可乐有限公司,30130001,粤西,Y05016,粤西IC,0724,广州-IC,2715,开发员,程志明,2501433,18819192255,卜增晓,3056544,18028654240,卜增晓T,3056544,18028654240,卜增晓T,3056544,18028654240
3013,广东太古可口可乐有限公司,30130001,粤西,Y05005,韶清区域,0773,韶清-韶关,2828,销售主管-挂客户,杨海,2505227,13826390599,陈博,2505289,18819193196,陈博T,2505289,18819193196,陈博T,2505289,18819193196
3013,广东太古可口可乐有限公司,30130001,粤西,Y05014,粤西KA客户群,0734,广州-重点,1931,开发员,刘琪,2500311,13632119698,何焕勤,2501212,18819192311,何焕勤T,2501212,18819192311,何焕勤T,2501212,18819192311
3013,广东太古可口可乐有限公司,30130002,粤东,Y05007,惠州区,3205,惠州-仲恺,2908,LE101,韩鹏程,2506228,13632980173,罗搏,3013429,18819193246,罗搏T,3013429,18819193246,罗搏T,3013429,18819193246
3013,广东太古可口可乐有限公司,30130002,粤东,Y05007,惠州区,0784,惠州-惠州,2914,LE101,韩鹏程,2506228,13632980173,何国威,2508207,18819192033,何国威T,2508207,18819192033,何国威T,2508207,18819192033
3013,广东太古可口可乐有限公司,30130002,粤东,Y05007,惠州区,0784,惠州-惠州,2918,LE101,韩鹏程,2506228,13632980173,何国威,2508207,18819192033,何国威T,2508207,18819192033,何国威T,2508207,18819192033
3013,广东太古可口可乐有限公司,30130002,粤东,Y05024,东莞区,3250,东莞-IC,0234,IC-餐饮,邱创荣,2506284,13632980303,张绮琴,2506476,18819193001,张绮琴T,2506476,18819193001,张绮琴T,2506476,18819193001
3013,广东太古可口可乐有限公司,30130002,粤东,Y05007,惠州区,0784,惠州-惠州,2919,LE101,韩鹏程,2506228,13632980173,何国威,2508207,18819192033,何国威T,2508207,18819192033,何国威T,2508207,18819192033
3013,广东太古可口可乐有限公司,30130002,粤东,Y05013,粤东KA客户群,3238,粤东餐饮事业部,4510,开发员,张婧,3037236,18826527352,邱隽逸,2506438,15013880423,邱隽逸T,2506438,15013880423,邱隽逸T,2506438,15013880423
3013,广东太古可口可乐有限公司,30130002,粤东,Y05007,惠州区,0784,惠州-惠州,2913,LE101,韩鹏程,2506228,13632980173,何国威,2508207,18819192033,何国威T,2508207,18819192033,何国威T,2508207,18819192033
3013,广东太古可口可乐有限公司,30130001,粤西,Y05002,佛山区,0757,佛山-南海,2708,开发员,胡维,2508241,13929226672,郎春玲,3005684,19811980830,郎春玲T,3005684,19811980830,郎春玲T,3005684,19811980830
3013,广东太古可口可乐有限公司,30130001,粤西,Y05016,粤西IC,3229,佛山IC办事处,1969,非销售线路,程志明,2501433,18819192255,丁立键,3028887,13418012123,丁立键T,3028887,13418012123,丁立键T,3028887,13418012123
3013,广东太古可口可乐有限公司,30130002,粤东,Y05026,粤东EC事业部,3243,粤东EC办事处,0253,区域-城区,严玮,2501250,13632980151,李冬琴,2506578,13632980215,李冬琴T,2506578,13632980215,李冬琴T,2506578,13632980215
3013,广东太古可口可乐有限公司,30130002,粤东,Y05007,惠州区,3228,惠州-江北,2912,LE101,韩鹏程,2506228,13632980173,曾扬达,2507360,18819193172,曾扬达T,2507360,18819193172,曾扬达T,2507360,18819193172
3013,广东太古可口可乐有限公司,30130001,粤西,Y05016,粤西IC,0724,广州-IC,1947,销售主管-挂客户,程志明,2501433,18819192255,卜增晓,3056544,18028654240,卜增晓T,3056544,18028654240,卜增晓T,3056544,18028654240
3013,广东太古可口可乐有限公司,30130002,粤东,Y05006,河梅区,0782,河梅-惠东,2903,LE101,孙泽,2506339,13632980263,温劲龙,3008803,18819193138,温劲龙T,3008803,18819193138,温劲龙T,3008803,18819193138
3013,广东太古可口可乐有限公司,30130002,粤东,Y05007,惠州区,0783,惠州-惠阳,2916,LE101,韩鹏程,2506228,13632980173,蚁嘉斯,2509300,18819193190,蚁嘉斯T,2509300,18819193190,蚁嘉斯T,2509300,18819193190
3013,广东太古可口可乐有限公司,30130002,粤东,Y05026,粤东EC事业部,3243,粤东EC办事处,0254,客服线路,严玮,2501250,13632980151,李冬琴,2506578,13632980215,李冬琴T,2506578,13632980215,李冬琴T,2506578,13632980215
3013,广东太古可口可乐有限公司,30130002,粤东,Y05007,惠州区,3205,惠州-仲恺,2907,LE101,韩鹏程,2506228,13632980173,罗搏,3013429,18819193246,罗搏T,3013429,18819193246,罗搏T,3013429,18819193246
3013,广东太古可口可乐有限公司,30130002,粤东,Y05007,惠州区,3228,惠州-江北,2911,LE101,韩鹏程,2506228,13632980173,曾扬达,2507360,18819193172,曾扬达T,2507360,18819193172,曾扬达T,2507360,18819193172
3013,广东太古可口可乐有限公司,30130002,粤东,Y05007,惠州区,0783,惠州-惠阳,2905,LE101,韩鹏程,2506228,13632980173,蚁嘉斯,2509300,18819193190,蚁嘉斯T,2509300,18819193190,蚁嘉斯T,2509300,18819193190
3013,广东太古可口可乐有限公司,30130001,粤西,Y05002,佛山区,0759,佛山-三水,2810,销售主管-挂客户,胡维,2508241,13929226672,边忠明,2550443,18819192388,边忠明T,2550443,18819192388,边忠明T,2550443,18819192388
3013,广东太古可口可乐有限公司,30130002,粤东,Y05026,粤东EC事业部,3243,粤东EC办事处,0252,KA-综合,严玮,2501250,13632980151,李冬琴,2506578,13632980215,李冬琴T,2506578,13632980215,李冬琴T,2506578,13632980215
3013,广东太古可口可乐有限公司,30130002,粤东,Y05006,河梅区,3206,河梅-吉隆,2901,LE101,孙泽,2506339,13632980263,施杰华,3011898,18819192433,施杰华T,3011898,18819192433,施杰华T,3011898,18819192433
3013,广东太古可口可乐有限公司,30130002,粤东,Y05026,粤东EC事业部,3243,粤东EC办事处,0240,麦当劳,严玮,2501250,13632980151,李冬琴,2506578,13632980215,李冬琴T,2506578,13632980215,李冬琴T,2506578,13632980215
3013,广东太古可口可乐有限公司,30130001,粤西,Y05001,番顺区,0762,番顺-顺德,1989,开发员,邓辉,2504221,13632119746,刁顺见,3005451,18819192155,刁顺见T,3005451,18819192155,刁顺见T,3005451,18819192155
3013,广东太古可口可乐有限公司,30130001,粤西,Y05022,粤西自贩机事业部,0797,广州-自贩机,4603,开发员,林俊鑫,2509313,13823895335,林俊鑫T,2509313,13823895335,冯顺好-2501229,2501229,13632119546,冯顺好-2501229T,2501229,13632119546
3013,广东太古可口可乐有限公司,30130002,粤东,Y05021,粤东自贩机事业部,0796,深圳-自贩机,4554,开发员,刘育斌-2503223,2503223,13632119430,刘育斌-2503223T,2503223,13632119430,刘育斌-2503223T,2503223,13632119430,罗武波,2508355,13929226472
3041,广东太古可口可乐湛江有限公司,30410001,湛江(BU),Y10006,重点客户部,2023,茂名自贩机分办,3511,FSV,陈滨,2810313,18320364193,陈滨T,2810313,18320364193,陈滨T,2810313,18320364193,范晓宇,3051756,18027772511
3041,广东太古可口可乐湛江有限公司,30410001,湛江(BU),Y10006,重点客户部,2023,茂名自贩机分办,3510,其他,陈滨,2810313,18320364193,陈滨T,2810313,18320364193,陈滨T,2810313,18320364193,梁一井,3045895,19928683393
3041,广东太古可口可乐湛江有限公司,30410001,湛江(BU),Y10006,重点客户部,2022,湛江自贩机分办,3500,FSV,陈滨,2810313,18320364193,陈滨T,2810313,18320364193,陈滨T,2810313,18320364193,钟华,2811044,18320318356
3013,广东太古可口可乐有限公司,30130002,粤东,Y05021,粤东自贩机事业部,0796,深圳-自贩机,4552,开发员,刘育斌-2503223,2503223,13632119430,刘育斌-2503223T,2503223,13632119430,刘育斌-2503223T,2503223,13632119430,陈耀勇,3027190,13794470522
3013,广东太古可口可乐有限公司,30130002,粤东,Y05021,粤东自贩机事业部,0796,深圳-自贩机,4555,开发员,刘育斌-2503223,2503223,13632119430,刘育斌-2503223T,2503223,13632119430,刘育斌-2503223T,2503223,13632119430,吕国源,3030406,13826919712
3013,广东太古可口可乐有限公司,30130002,粤东,Y05021,粤东自贩机事业部,0796,深圳-自贩机,4550,开发员,刘育斌-2503223,2503223,13632119430,刘育斌-2503223T,2503223,13632119430,刘育斌-2503223T,2503223,13632119430,黄金凤,3031174,13530315151
3013,广东太古可口可乐有限公司,30130002,粤东,Y05021,粤东自贩机事业部,0796,深圳-自贩机,4551,开发员,刘育斌-2503223,2503223,13632119430,刘育斌-2503223T,2503223,13632119430,刘育斌-2503223T,2503223,13632119430,杨鹏,3034232,15917662225
3013,广东太古可口可乐有限公司,30130002,粤东,Y05021,粤东自贩机事业部,0796,深圳-自贩机,4553,开发员,刘育斌-2503223,2503223,13632119430,刘育斌-2503223T,2503223,13632119430,刘育斌-2503223T,2503223,13632119430,杨帅,3028707,18937757227
3041,广东太古可口可乐湛江有限公司,30410001,湛江(BU),Y10006,重点客户部,2022,湛江自贩机分办,1015,非销售线路,陈滨,2810313,18320364193,陈滨T,2810313,18320364193,陈滨T,2810313,18320364193,吴春燕,2810407,18826113506
3013,广东太古可口可乐有限公司,30130001,粤西,Y05022,粤西自贩机事业部,0797,广州-自贩机,4605,开发员,林俊鑫,2509313,13823895335,林俊鑫T,2509313,13823895335,林俊鑫T,2509313,13823895335,周玉燕-3021986,3021986,19802011191
3013,广东太古可口可乐有限公司,30130001,粤西,Y05022,粤西自贩机事业部,0797,广州-自贩机,3543,其他,林俊鑫,2509313,13823895335,林俊鑫T,2509313,13823895335,林俊鑫T,2509313,13823895335,林俊鑫T,2509313,13823895335
3013,广东太古可口可乐有限公司,30130001,粤西,Y05022,粤西自贩机事业部,0797,广州-自贩机,3517,其他,林俊鑫,2509313,13823895335,林俊鑫T,2509313,13823895335,林俊鑫T,2509313,13823895335,林俊鑫T,2509313,13823895335
3013,广东太古可口可乐有限公司,30130002,粤东,Y05021,粤东自贩机事业部,3224,惠州-自贩机,3508,FSV,刘育斌-2503223,2503223,13632119430,刘育斌-2503223T,2503223,13632119430,刘育斌-2503223T,2503223,13632119430,刘育斌-2503223T,2503223,13632119430
3013,广东太古可口可乐有限公司,30130001,粤西,Y05022,粤西自贩机事业部,0797,广州-自贩机,3526,FSV,林俊鑫,2509313,13823895335,林俊鑫T,2509313,13823895335,林俊鑫T,2509313,13823895335,林俊鑫T,2509313,13823895335
3013,广东太古可口可乐有限公司,30130001,粤西,Y05022,粤西自贩机事业部,3223,佛山-自贩机,3523,FSV,林俊鑫,2509313,13823895335,林俊鑫T,2509313,13823895335,林俊鑫T,2509313,13823895335,林俊鑫T,2509313,13823895335
3013,广东太古可口可乐有限公司,30130002,粤东,Y05021,粤东自贩机事业部,0796,深圳-自贩机,3556,FSV,刘育斌-2503223,2503223,13632119430,刘育斌-2503223T,2503223,13632119430,刘育斌-2503223T,2503223,13632119430,刘育斌-2503223T,2503223,13632119430
3013,广东太古可口可乐有限公司,30130002,粤东,Y05021,粤东自贩机事业部,0796,深圳-自贩机,4557,开发员,刘育斌-2503223,2503223,13632119430,刘育斌-2503223T,2503223,13632119430,刘育斌-2503223T,2503223,13632119430,刘育斌-2503223T,2503223,13632119430
3013,广东太古可口可乐有限公司,30130002,粤东,Y05021,粤东自贩机事业部,3247,汕头-自贩机,3553,FSV,刘育斌-2503223,2503223,13632119430,刘育斌-2503223T,2503223,13632119430,刘育斌-2503223T,2503223,13632119430,刘育斌-2503223T,2503223,13632119430
3013,广东太古可口可乐有限公司,30130002,粤东,Y05021,粤东自贩机事业部,0796,深圳-自贩机,4559,开发员,刘育斌-2503223,2503223,13632119430,刘育斌-2503223T,2503223,13632119430,刘育斌-2503223T,2503223,13632119430,刘育斌-2503223T,2503223,13632119430
3013,广东太古可口可乐有限公司,30130002,粤东,Y05021,粤东自贩机事业部,3247,汕头-自贩机,3664,其他,刘育斌-2503223,2503223,13632119430,刘育斌-2503223T,2503223,13632119430,刘育斌-2503223T,2503223,13632119430,刘育斌-2503223T,2503223,13632119430
3013,广东太古可口可乐有限公司,30130002,粤东,Y05021,粤东自贩机事业部,3247,汕头-自贩机,3661,其他,刘育斌-2503223,2503223,13632119430,刘育斌-2503223T,2503223,13632119430,刘育斌-2503223T,2503223,13632119430,刘育斌-2503223T,2503223,13632119430
3013,广东太古可口可乐有限公司,30130001,粤西,Y05022,粤西自贩机事业部,3244,顺德-自贩机,3549,FSV,林俊鑫,2509313,13823895335,林俊鑫T,2509313,13823895335,林俊鑫T,2509313,13823895335,林俊鑫T,2509313,13823895335
3013,广东太古可口可乐有限公司,30130002,粤东,Y05021,粤东自贩机事业部,0796,深圳-自贩机,3570,其他,刘育斌-2503223,2503223,13632119430,刘育斌-2503223T,2503223,13632119430,刘育斌-2503223T,2503223,13632119430,刘育斌-2503223T,2503223,13632119430
3013,广东太古可口可乐有限公司,30130002,粤东,Y05021,粤东自贩机事业部,3248,海丰-自贩机,3534,FSV,刘育斌-2503223,2503223,13632119430,刘育斌-2503223T,2503223,13632119430,刘育斌-2503223T,2503223,13632119430,刘育斌-2503223T,2503223,13632119430
3013,广东太古可口可乐有限公司,30130001,粤西,Y05022,粤西自贩机事业部,3245,韶关-自贩机,3581,FSV,林俊鑫,2509313,13823895335,林俊鑫T,2509313,13823895335,林俊鑫T,2509313,13823895335,林俊鑫T,2509313,13823895335
3013,广东太古可口可乐有限公司,30130001,粤西,Y05022,粤西自贩机事业部,3223,佛山-自贩机,3530,FSV,林俊鑫,2509313,13823895335,林俊鑫T,2509313,13823895335,林俊鑫T,2509313,13823895335,林俊鑫T,2509313,13823895335
3013,广东太古可口可乐有限公司,30130002,粤东,Y05021,粤东自贩机事业部,3248,海丰-自贩机,3555,FSV,刘育斌-2503223,2503223,13632119430,刘育斌-2503223T,2503223,13632119430,刘育斌-2503223T,2503223,13632119430,刘育斌-2503223T,2503223,13632119430
3013,广东太古可口可乐有限公司,30130002,粤东,Y05021,粤东自贩机事业部,3225,东莞-自贩机,3561,FSV,刘育斌-2503223,2503223,13632119430,刘育斌-2503223T,2503223,13632119430,刘育斌-2503223T,2503223,13632119430,刘育斌-2503223T,2503223,13632119430
3013,广东太古可口可乐有限公司,30130001,粤西,Y05022,粤西自贩机事业部,0797,广州-自贩机,4606,开发员,林俊鑫,2509313,13823895335,林俊鑫T,2509313,13823895335,林俊鑫T,2509313,13823895335,林俊鑫T,2509313,13823895335
3013,广东太古可口可乐有限公司,30130001,粤西,Y05022,粤西自贩机事业部,3244,顺德-自贩机,3578,FSV,林俊鑫,2509313,13823895335,林俊鑫T,2509313,13823895335,林俊鑫T,2509313,13823895335,林俊鑫T,2509313,13823895335
3013,广东太古可口可乐有限公司,30130002,粤东,Y05021,粤东自贩机事业部,3225,东莞-自贩机,3516,FSV,刘育斌-2503223,2503223,13632119430,刘育斌-2503223T,2503223,13632119430,刘育斌-2503223T,2503223,13632119430,刘育斌-2503223T,2503223,13632119430
3013,广东太古可口可乐有限公司,30130002,粤东,Y05021,粤东自贩机事业部,0796,深圳-自贩机,3521,FSV,刘育斌-2503223,2503223,13632119430,刘育斌-2503223T,2503223,13632119430,刘育斌-2503223T,2503223,13632119430,刘育斌-2503223T,2503223,13632119430
3013,广东太古可口可乐有限公司,30130001,粤西,Y05022,粤西自贩机事业部,3244,顺德-自贩机,3545,FSV,林俊鑫,2509313,13823895335,林俊鑫T,2509313,13823895335,林俊鑫T,2509313,13823895335,林俊鑫T,2509313,13823895335
3013,广东太古可口可乐有限公司,30130001,粤西,Y05022,粤西自贩机事业部,3245,韶关-自贩机,3584,FSV,林俊鑫,2509313,13823895335,林俊鑫T,2509313,13823895335,林俊鑫T,2509313,13823895335,林俊鑫T,2509313,13823895335
3013,广东太古可口可乐有限公司,30130002,粤东,Y05021,粤东自贩机事业部,3247,汕头-自贩机,3660,其他,刘育斌-2503223,2503223,13632119430,刘育斌-2503223T,2503223,13632119430,刘育斌-2503223T,2503223,13632119430,刘育斌-2503223T,2503223,13632119430
3013,广东太古可口可乐有限公司,30130001,粤西,Y05022,粤西自贩机事业部,3244,顺德-自贩机,3546,FSV,林俊鑫,2509313,13823895335,林俊鑫T,2509313,13823895335,林俊鑫T,2509313,13823895335,林俊鑫T,2509313,13823895335
3013,广东太古可口可乐有限公司,30130001,粤西,Y05022,粤西自贩机事业部,3223,佛山-自贩机,3550,FSV,林俊鑫,2509313,13823895335,林俊鑫T,2509313,13823895335,林俊鑫T,2509313,13823895335,林俊鑫T,2509313,13823895335
3013,广东太古可口可乐有限公司,30130001,粤西,Y05022,粤西自贩机事业部,3223,佛山-自贩机,3575,FSV,林俊鑫,2509313,13823895335,林俊鑫T,2509313,13823895335,林俊鑫T,2509313,13823895335,林俊鑫T,2509313,13823895335
3013,广东太古可口可乐有限公司,30130001,粤西,Y05022,粤西自贩机事业部,3245,韶关-自贩机,3583,FSV,林俊鑫,2509313,13823895335,林俊鑫T,2509313,13823895335,林俊鑫T,2509313,13823895335,林俊鑫T,2509313,13823895335
3013,广东太古可口可乐有限公司,30130001,粤西,Y05022,粤西自贩机事业部,3223,佛山-自贩机,3531,FSV,林俊鑫,2509313,13823895335,林俊鑫T,2509313,13823895335,林俊鑫T,2509313,13823895335,林俊鑫T,2509313,13823895335
3013,广东太古可口可乐有限公司,30130001,粤西,Y05022,粤西自贩机事业部,3245,韶关-自贩机,3582,FSV,林俊鑫,2509313,13823895335,林俊鑫T,2509313,13823895335,林俊鑫T,2509313,13823895335,林俊鑫T,2509313,13823895335
3013,广东太古可口可乐有限公司,30130001,粤西,Y05022,粤西自贩机事业部,0797,广州-自贩机,3590,FSV,林俊鑫,2509313,13823895335,林俊鑫T,2509313,13823895335,林俊鑫T,2509313,13823895335,林俊鑫T,2509313,13823895335
3013,广东太古可口可乐有限公司,30130001,粤西,Y05022,粤西自贩机事业部,0797,广州-自贩机,3515,FSV,林俊鑫,2509313,13823895335,林俊鑫T,2509313,13823895335,林俊鑫T,2509313,13823895335,林俊鑫T,2509313,13823895335
3013,广东太古可口可乐有限公司,30130002,粤东,Y05021,粤东自贩机事业部,3248,海丰-自贩机,3668,其他,刘育斌-2503223,2503223,13632119430,刘育斌-2503223T,2503223,13632119430,刘育斌-2503223T,2503223,13632119430,刘育斌-2503223T,2503223,13632119430
3013,广东太古可口可乐有限公司,30130002,粤东,Y05021,粤东自贩机事业部,3247,汕头-自贩机,3662,其他,刘育斌-2503223,2503223,13632119430,刘育斌-2503223T,2503223,13632119430,刘育斌-2503223T,2503223,13632119430,刘育斌-2503223T,2503223,13632119430
3013,广东太古可口可乐有限公司,30130001,粤西,Y05022,粤西自贩机事业部,0797,广州-自贩机,3576,其他,林俊鑫,2509313,13823895335,林俊鑫T,2509313,13823895335,林俊鑫T,2509313,13823895335,林俊鑫T,2509313,13823895335
3013,广东太古可口可乐有限公司,30130002,粤东,Y05021,粤东自贩机事业部,3224,惠州-自贩机,3566,FSV,刘育斌-2503223,2503223,13632119430,刘育斌-2503223T,2503223,13632119430,刘育斌-2503223T,2503223,13632119430,刘育斌-2503223T,2503223,13632119430
3013,广东太古可口可乐有限公司,30130002,粤东,Y05021,粤东自贩机事业部,3247,汕头-自贩机,3554,FSV,刘育斌-2503223,2503223,13632119430,刘育斌-2503223T,2503223,13632119430,刘育斌-2503223T,2503223,13632119430,刘育斌-2503223T,2503223,13632119430
3013,广东太古可口可乐有限公司,30130001,粤西,Y05022,粤西自贩机事业部,3246,清远-自贩机,3588,FSV,林俊鑫,2509313,13823895335,林俊鑫T,2509313,13823895335,林俊鑫T,2509313,13823895335,林俊鑫T,2509313,13823895335
3013,广东太古可口可乐有限公司,30130002,粤东,Y05021,粤东自贩机事业部,3247,汕头-自贩机,3532,FSV,刘育斌-2503223,2503223,13632119430,刘育斌-2503223T,2503223,13632119430,刘育斌-2503223T,2503223,13632119430,刘育斌-2503223T,2503223,13632119430
3013,广东太古可口可乐有限公司,30130001,粤西,Y05022,粤西自贩机事业部,0797,广州-自贩机,3529,FSV,林俊鑫,2509313,13823895335,林俊鑫T,2509313,13823895335,林俊鑫T,2509313,13823895335,林俊鑫T,2509313,13823895335
3013,广东太古可口可乐有限公司,30130001,粤西,Y05022,粤西自贩机事业部,3245,韶关-自贩机,3580,FSV,林俊鑫,2509313,13823895335,林俊鑫T,2509313,13823895335,林俊鑫T,2509313,13823895335,林俊鑫T,2509313,13823895335
3013,广东太古可口可乐有限公司,30130001,粤西,Y05022,粤西自贩机事业部,0797,广州-自贩机,3542,FSV,林俊鑫,2509313,13823895335,林俊鑫T,2509313,13823895335,林俊鑫T,2509313,13823895335,林俊鑫T,2509313,13823895335
3013,广东太古可口可乐有限公司,30130001,粤西,Y05022,粤西自贩机事业部,0797,广州-自贩机,3528,其他,林俊鑫,2509313,13823895335,林俊鑫T,2509313,13823895335,林俊鑫T,2509313,13823895335,林俊鑫T,2509313,13823895335
3013,广东太古可口可乐有限公司,30130001,粤西,Y05022,粤西自贩机事业部,3223,佛山-自贩机,3559,其他,林俊鑫,2509313,13823895335,林俊鑫T,2509313,13823895335,林俊鑫T,2509313,13823895335,林俊鑫T,2509313,13823895335
3013,广东太古可口可乐有限公司,30130001,粤西,Y05022,粤西自贩机事业部,3244,顺德-自贩机,3547,其他,林俊鑫,2509313,13823895335,林俊鑫T,2509313,13823895335,林俊鑫T,2509313,13823895335,林俊鑫T,2509313,13823895335
3013,广东太古可口可乐有限公司,30130001,粤西,Y05022,粤西自贩机事业部,3246,清远-自贩机,3586,FSV,林俊鑫,2509313,13823895335,林俊鑫T,2509313,13823895335,林俊鑫T,2509313,13823895335,林俊鑫T,2509313,13823895335
3013,广东太古可口可乐有限公司,30130002,粤东,Y05021,粤东自贩机事业部,3225,东莞-自贩机,3560,FSV,刘育斌-2503223,2503223,13632119430,刘育斌-2503223T,2503223,13632119430,刘育斌-2503223T,2503223,13632119430,刘育斌-2503223T,2503223,13632119430
3013,广东太古可口可乐有限公司,30130001,粤西,Y05022,粤西自贩机事业部,0797,广州-自贩机,3513,FSV,林俊鑫,2509313,13823895335,林俊鑫T,2509313,13823895335,林俊鑫T,2509313,13823895335,林俊鑫T,2509313,13823895335
3013,广东太古可口可乐有限公司,30130002,粤东,Y05021,粤东自贩机事业部,3225,东莞-自贩机,3564,其他,刘育斌-2503223,2503223,13632119430,刘育斌-2503223T,2503223,13632119430,刘育斌-2503223T,2503223,13632119430,刘育斌-2503223T,2503223,13632119430
3013,广东太古可口可乐有限公司,30130001,粤西,Y05022,粤西自贩机事业部,3246,清远-自贩机,3589,FSV,林俊鑫,2509313,13823895335,林俊鑫T,2509313,13823895335,林俊鑫T,2509313,13823895335,林俊鑫T,2509313,13823895335
3013,广东太古可口可乐有限公司,30130002,粤东,Y05021,粤东自贩机事业部,0796,深圳-自贩机,3557,其他,刘育斌-2503223,2503223,13632119430,刘育斌-2503223T,2503223,13632119430,刘育斌-2503223T,2503223,13632119430,刘育斌-2503223T,2503223,13632119430
3013,广东太古可口可乐有限公司,30130002,粤东,Y05021,粤东自贩机事业部,3224,惠州-自贩机,3567,FSV,刘育斌-2503223,2503223,13632119430,刘育斌-2503223T,2503223,13632119430,刘育斌-2503223T,2503223,13632119430,刘育斌-2503223T,2503223,13632119430
3013,广东太古可口可乐有限公司,30130001,粤西,Y05022,粤西自贩机事业部,0797,广州-自贩机,3544,FSV,林俊鑫,2509313,13823895335,林俊鑫T,2509313,13823895335,林俊鑫T,2509313,13823895335,林俊鑫T,2509313,13823895335
3013,广东太古可口可乐有限公司,30130002,粤东,Y05021,粤东自贩机事业部,3248,海丰-自贩机,3669,其他,刘育斌-2503223,2503223,13632119430,刘育斌-2503223T,2503223,13632119430,刘育斌-2503223T,2503223,13632119430,刘育斌-2503223T,2503223,13632119430
3013,广东太古可口可乐有限公司,30130002,粤东,Y05021,粤东自贩机事业部,0796,深圳-自贩机,3507,其他,刘育斌-2503223,2503223,13632119430,刘育斌-2503223T,2503223,13632119430,刘育斌-2503223T,2503223,13632119430,刘育斌-2503223T,2503223,13632119430
3013,广东太古可口可乐有限公司,30130002,粤东,Y05021,粤东自贩机事业部,3225,东莞-自贩机,3562,其他,刘育斌-2503223,2503223,13632119430,刘育斌-2503223T,2503223,13632119430,刘育斌-2503223T,2503223,13632119430,刘育斌-2503223T,2503223,13632119430
3013,广东太古可口可乐有限公司,30130002,粤东,Y05021,粤东自贩机事业部,3248,海丰-自贩机,3533,FSV,刘育斌-2503223,2503223,13632119430,刘育斌-2503223T,2503223,13632119430,刘育斌-2503223T,2503223,13632119430,刘育斌-2503223T,2503223,13632119430
3013,广东太古可口可乐有限公司,30130001,粤西,Y05022,粤西自贩机事业部,0797,广州-自贩机,3577,FSV,林俊鑫,2509313,13823895335,林俊鑫T,2509313,13823895335,林俊鑫T,2509313,13823895335,林俊鑫T,2509313,13823895335
3013,广东太古可口可乐有限公司,30130001,粤西,Y05022,粤西自贩机事业部,3223,佛山-自贩机,3574,FSV,林俊鑫,2509313,13823895335,林俊鑫T,2509313,13823895335,林俊鑫T,2509313,13823895335,林俊鑫T,2509313,13823895335
3013,广东太古可口可乐有限公司,30130002,粤东,Y05021,粤东自贩机事业部,0796,深圳-自贩机,4558,开发员,刘育斌-2503223,2503223,13632119430,刘育斌-2503223T,2503223,13632119430,刘育斌-2503223T,2503223,13632119430,刘育斌-2503223T,2503223,13632119430
3041,广东太古可口可乐湛江有限公司,30410001,湛江(BU),Y10006,重点客户部,2022,湛江自贩机分办,3501,其他,陈滨,2810313,18320364193,陈滨T,2810313,18320364193,陈滨T,2810313,18320364193,陈滨T,2810313,18320364193
3013,广东太古可口可乐有限公司,30130001,粤西,Y05022,粤西自贩机事业部,0797,广州-自贩机,3541,FSV,林俊鑫,2509313,13823895335,林俊鑫T,2509313,13823895335,林俊鑫T,2509313,13823895335,林俊鑫T,2509313,13823895335
3013,广东太古可口可乐有限公司,30130002,粤东,Y05021,粤东自贩机事业部,3224,惠州-自贩机,3506,FSV,刘育斌-2503223,2503223,13632119430,刘育斌-2503223T,2503223,13632119430,刘育斌-2503223T,2503223,13632119430,刘育斌-2503223T,2503223,13632119430
3013,广东太古可口可乐有限公司,30130001,粤西,Y05022,粤西自贩机事业部,3244,顺德-自贩机,3579,其他,林俊鑫,2509313,13823895335,林俊鑫T,2509313,13823895335,林俊鑫T,2509313,13823895335,林俊鑫T,2509313,13823895335
3013,广东太古可口可乐有限公司,30130002,粤东,Y05021,粤东自贩机事业部,3225,东莞-自贩机,3563,其他,刘育斌-2503223,2503223,13632119430,刘育斌-2503223T,2503223,13632119430,刘育斌-2503223T,2503223,13632119430,刘育斌-2503223T,2503223,13632119430
3013,广东太古可口可乐有限公司,30130002,粤东,Y05021,粤东自贩机事业部,3225,东莞-自贩机,3535,其他,刘育斌-2503223,2503223,13632119430,刘育斌-2503223T,2503223,13632119430,刘育斌-2503223T,2503223,13632119430,刘育斌-2503223T,2503223,13632119430
3013,广东太古可口可乐有限公司,30130002,粤东,Y05021,粤东自贩机事业部,0796,深圳-自贩机,3504,FSV,刘育斌-2503223,2503223,13632119430,刘育斌-2503223T,2503223,13632119430,刘育斌-2503223T,2503223,13632119430,刘育斌-2503223T,2503223,13632119430
3013,广东太古可口可乐有限公司,30130002,粤东,Y05021,粤东自贩机事业部,3224,惠州-自贩机,3565,其他,刘育斌-2503223,2503223,13632119430,刘育斌-2503223T,2503223,13632119430,刘育斌-2503223T,2503223,13632119430,刘育斌-2503223T,2503223,13632119430
3013,广东太古可口可乐有限公司,30130002,粤东,Y05021,粤东自贩机事业部,3225,东莞-自贩机,3509,FSV,刘育斌-2503223,2503223,13632119430,刘育斌-2503223T,2503223,13632119430,刘育斌-2503223T,2503223,13632119430,刘育斌-2503223T,2503223,13632119430
3013,广东太古可口可乐有限公司,30130002,粤东,Y05021,粤东自贩机事业部,3247,汕头-自贩机,3663,其他,刘育斌-2503223,2503223,13632119430,刘育斌-2503223T,2503223,13632119430,刘育斌-2503223T,2503223,13632119430,刘育斌-2503223T,2503223,13632119430
3013,广东太古可口可乐有限公司,30130002,粤东,Y05021,粤东自贩机事业部,0796,深圳-自贩机,3571,FSV,刘育斌-2503223,2503223,13632119430,刘育斌-2503223T,2503223,13632119430,刘育斌-2503223T,2503223,13632119430,刘育斌-2503223T,2503223,13632119430
3013,广东太古可口可乐有限公司,30130001,粤西,Y05022,粤西自贩机事业部,3246,清远-自贩机,3587,FSV,林俊鑫,2509313,13823895335,林俊鑫T,2509313,13823895335,林俊鑫T,2509313,13823895335,林俊鑫T,2509313,13823895335
3013,广东太古可口可乐有限公司,30130001,粤西,Y05022,粤西自贩机事业部,0797,广州-自贩机,3512,FSV,林俊鑫,2509313,13823895335,林俊鑫T,2509313,13823895335,林俊鑫T,2509313,13823895335,林俊鑫T,2509313,13823895335
3013,广东太古可口可乐有限公司,30130001,粤西,Y05022,粤西自贩机事业部,0797,广州-自贩机,3525,FSV,林俊鑫,2509313,13823895335,林俊鑫T,2509313,13823895335,林俊鑫T,2509313,13823895335,林俊鑫T,2509313,13823895335
3013,广东太古可口可乐有限公司,30130001,粤西,Y05022,粤西自贩机事业部,3246,清远-自贩机,3540,FSV,林俊鑫,2509313,13823895335,林俊鑫T,2509313,13823895335,林俊鑫T,2509313,13823895335,林俊鑫T,2509313,13823895335
3013,广东太古可口可乐有限公司,30130001,粤西,Y05022,粤西自贩机事业部,3246,清远-自贩机,3585,FSV,林俊鑫,2509313,13823895335,林俊鑫T,2509313,13823895335,林俊鑫T,2509313,13823895335,林俊鑫T,2509313,13823895335
3013,广东太古可口可乐有限公司,30130002,粤东,Y05021,粤东自贩机事业部,0796,深圳-自贩机,4556,开发员,刘育斌-2503223,2503223,13632119430,刘育斌-2503223T,2503223,13632119430,刘育斌-2503223T,2503223,13632119430,刘育斌-2503223T,2503223,13632119430
3013,广东太古可口可乐有限公司,30130002,粤东,Y05021,粤东自贩机事业部,3248,海丰-自贩机,3666,其他,刘育斌-2503223,2503223,13632119430,刘育斌-2503223T,2503223,13632119430,刘育斌-2503223T,2503223,13632119430,刘育斌-2503223T,2503223,13632119430
3013,广东太古可口可乐有限公司,30130002,粤东,Y05021,粤东自贩机事业部,0796,深圳-自贩机,3502,FSV,刘育斌-2503223,2503223,13632119430,刘育斌-2503223T,2503223,13632119430,刘育斌-2503223T,2503223,13632119430,刘育斌-2503223T,2503223,13632119430
3013,广东太古可口可乐有限公司,30130001,粤西,Y05022,粤西自贩机事业部,3244,顺德-自贩机,3548,其他,林俊鑫,2509313,13823895335,林俊鑫T,2509313,13823895335,林俊鑫T,2509313,13823895335,林俊鑫T,2509313,13823895335
3013,广东太古可口可乐有限公司,30130002,粤东,Y05021,粤东自贩机事业部,3247,汕头-自贩机,3505,其他,刘育斌-2503223,2503223,13632119430,刘育斌-2503223T,2503223,13632119430,刘育斌-2503223T,2503223,13632119430,刘育斌-2503223T,2503223,13632119430
3013,广东太古可口可乐有限公司,30130002,粤东,Y05021,粤东自贩机事业部,3247,汕头-自贩机,3551,FSV,刘育斌-2503223,2503223,13632119430,刘育斌-2503223T,2503223,13632119430,刘育斌-2503223T,2503223,13632119430,刘育斌-2503223T,2503223,13632119430
3013,广东太古可口可乐有限公司,30130001,粤西,Y05022,粤西自贩机事业部,0797,广州-自贩机,4607,开发员,林俊鑫,2509313,13823895335,林俊鑫T,2509313,13823895335,林俊鑫T,2509313,13823895335,林俊鑫T,2509313,13823895335
3013,广东太古可口可乐有限公司,30130002,粤东,Y05021,粤东自贩机事业部,3224,惠州-自贩机,3569,FSV,刘育斌-2503223,2503223,13632119430,刘育斌-2503223T,2503223,13632119430,刘育斌-2503223T,2503223,13632119430,刘育斌-2503223T,2503223,13632119430
3013,广东太古可口可乐有限公司,30130002,粤东,Y05021,粤东自贩机事业部,0796,深圳-自贩机,3572,FSV,刘育斌-2503223,2503223,13632119430,刘育斌-2503223T,2503223,13632119430,刘育斌-2503223T,2503223,13632119430,刘育斌-2503223T,2503223,13632119430
3013,广东太古可口可乐有限公司,30130002,粤东,Y05021,粤东自贩机事业部,3248,海丰-自贩机,3667,其他,刘育斌-2503223,2503223,13632119430,刘育斌-2503223T,2503223,13632119430,刘育斌-2503223T,2503223,13632119430,刘育斌-2503223T,2503223,13632119430
3013,广东太古可口可乐有限公司,30130002,粤东,Y05021,粤东自贩机事业部,0796,深圳-自贩机,3522,FSV,刘育斌-2503223,2503223,13632119430,刘育斌-2503223T,2503223,13632119430,刘育斌-2503223T,2503223,13632119430,刘育斌-2503223T,2503223,13632119430
3013,广东太古可口可乐有限公司,30130001,粤西,Y05022,粤西自贩机事业部,0797,广州-自贩机,3527,其他,林俊鑫,2509313,13823895335,林俊鑫T,2509313,13823895335,林俊鑫T,2509313,13823895335,林俊鑫T,2509313,13823895335
3013,广东太古可口可乐有限公司,30130001,粤西,Y05022,粤西自贩机事业部,0797,广州-自贩机,3524,其他,林俊鑫,2509313,13823895335,林俊鑫T,2509313,13823895335,林俊鑫T,2509313,13823895335,林俊鑫T,2509313,13823895335
3013,广东太古可口可乐有限公司,30130002,粤东,Y05021,粤东自贩机事业部,3224,惠州-自贩机,3568,FSV,刘育斌-2503223,2503223,13632119430,刘育斌-2503223T,2503223,13632119430,刘育斌-2503223T,2503223,13632119430,刘育斌-2503223T,2503223,13632119430
3013,广东太古可口可乐有限公司,30130002,粤东,Y05021,粤东自贩机事业部,3248,海丰-自贩机,3665,其他,刘育斌-2503223,2503223,13632119430,刘育斌-2503223T,2503223,13632119430,刘育斌-2503223T,2503223,13632119430,刘育斌-2503223T,2503223,13632119430
3041,广东太古可口可乐湛江有限公司,30410001,湛江(BU),Y10003,湛江中心营业部,2001,湛江营业部,1104,区域-城区,张南生T,,13828280531,张南生,2810135,13828280531,潘桂芳,2810242,18826113706,林淑霞,2810159,18826113863
3041,广东太古可口可乐湛江有限公司,30410001,湛江(BU),Y10003,湛江中心营业部,2001,湛江营业部,1003,电商,张南生T,,13828280531,张南生,2810135,13828280531,杨正谊,2810232,18826113856,朱学静,2810470,18826113950
3041,广东太古可口可乐湛江有限公司,30410001,湛江(BU),Y10003,湛江中心营业部,2001,湛江营业部,1007,区域-城区,张南生T,,13828280531,张南生,2810135,13828280531,杨正谊,2810232,18826113856,王海朋,3052383,18826113853
3041,广东太古可口可乐湛江有限公司,30410001,湛江(BU),Y10003,湛江中心营业部,2001,湛江营业部,1112,区域-城区,张南生T,,13828280531,张南生,2810135,13828280531,潘桂芳,2810242,18826113706,梁海荣,3028737,18826113881
3041,广东太古可口可乐湛江有限公司,30410001,湛江(BU),Y10003,湛江中心营业部,2001,湛江营业部,1111,公共线路,张南生T,,13828280531,张南生,2810135,13828280531,潘桂芳,2810242,18826113706,李华杰,3020525,18826113862
3041,广东太古可口可乐湛江有限公司,30410001,湛江(BU),Y10003,湛江中心营业部,2001,湛江营业部,1131,IC-综合,张南生T,,13828280531,张南生,2810135,13828280531,杨正谊,2810232,18826113856,叶剑飞,3042221,18826112640
3041,广东太古可口可乐湛江有限公司,30410001,湛江(BU),Y10003,湛江中心营业部,2001,湛江营业部,1108,区域-乡镇,张南生T,,13828280531,张南生,2810135,13828280531,潘桂芳,2810242,18826113706,孙连英,3037956,18826113953
3041,广东太古可口可乐湛江有限公司,30410001,湛江(BU),Y10003,湛江中心营业部,2001,湛江营业部,1115,区域-城区,张南生T,,13828280531,张南生,2810135,13828280531,杨正谊,2810232,18826113856,吴汉娟,3038589,18826113835
3041,广东太古可口可乐湛江有限公司,30410001,湛江(BU),Y10003,湛江中心营业部,2001,湛江营业部,1130,区域-城区,张南生T,,13828280531,张南生,2810135,13828280531,王景立,2810004,18826113886,覃春平,3060272,18826112446
3041,广东太古可口可乐湛江有限公司,30410001,湛江(BU),Y10003,湛江中心营业部,2001,湛江营业部,1114,取消线路,张南生T,,13828280531,张南生,2810135,13828280531,杨正谊,2810232,18826113856,陈梅青,2810327,18826113832
3041,广东太古可口可乐湛江有限公司,30410001,湛江(BU),Y10003,湛江中心营业部,2001,湛江营业部,1122,区域-乡镇,张南生T,,13828280531,张南生,2810135,13828280531,王景立,2810004,18826113886,朱健桦,3037899,18826113670
3041,广东太古可口可乐湛江有限公司,30410001,湛江(BU),Y10003,湛江中心营业部,2001,湛江营业部,1117,区域-乡镇,张南生T,,13828280531,张南生,2810135,13828280531,潘桂芳,2810242,18826113706,徐会连,3032840,18826113861
3041,广东太古可口可乐湛江有限公司,30410001,湛江(BU),Y10003,湛江中心营业部,2001,湛江营业部,1101,公共线路,张南生T,,13828280531,张南生,2810135,13828280531,杨正谊,2810232,18826113856,蔡杨梅,3033836,18826113952
3041,广东太古可口可乐湛江有限公司,30410001,湛江(BU),Y10003,湛江中心营业部,2001,湛江营业部,1110,区域-城区,张南生T,,13828280531,张南生,2810135,13828280531,潘桂芳,2810242,18826113706,涂洁霞,2501248,18826113865
3041,广东太古可口可乐湛江有限公司,30410001,湛江(BU),Y10003,湛江中心营业部,2001,湛江营业部,1102,区域-城区,张南生T,,13828280531,张南生,2810135,13828280531,王景立,2810004,18826113886,全浩浩,3047529,18826113869
3041,广东太古可口可乐湛江有限公司,30410001,湛江(BU),Y10003,湛江中心营业部,2001,湛江营业部,1113,区域-乡镇,张南生T,,13828280531,张南生,2810135,13828280531,王景立,2810004,18826113886,林琼妹,3060295,18826113868
3041,广东太古可口可乐湛江有限公司,30410001,湛江(BU),Y10003,湛江中心营业部,2001,湛江营业部,1105,区域-乡镇,张南生T,,13828280531,张南生,2810135,13828280531,王景立,2810004,18826113886,陈康燕,3020521,18826113951
3041,广东太古可口可乐湛江有限公司,30410001,湛江(BU),Y10003,湛江中心营业部,2001,湛江营业部,1107,区域-城区,张南生T,,13828280531,张南生,2810135,13828280531,王景立,2810004,18826113886,蔡苗根,3022511,18826113860
3041,广东太古可口可乐湛江有限公司,30410001,湛江(BU),Y10003,湛江中心营业部,2001,湛江营业部,1119,公共线路,张南生T,,13828280531,张南生,2810135,13828280531,张南生T,2810135,13828280531,张南生T,2810135,13828280531
3013,广东太古可口可乐有限公司,30130001,粤西,Y05025,粤西EC事业部,3240,粤西EC办事处,2012,电商,严玮T,,13632980151,严玮TT,,13632980151,马文娜,3052371,18710412903,陈欣瑜-3046649,3046649,18902227500
3013,广东太古可口可乐有限公司,30130001,粤西,Y05025,粤西EC事业部,3240,粤西EC办事处,2006,区域-城区,严玮T,,13632980151,严玮TT,,13632980151,林佳慧,3028515,13316022858,冯健锋-3036293,3036293,18819193041
3013,广东太古可口可乐有限公司,30130001,粤西,Y05025,粤西EC事业部,3240,粤西EC办事处,2001,电商,严玮T,,13632980151,严玮TT,,13632980151,佘浚铭,3020649,13822103786,麦成熙-3042097,3042097,18929564308
3013,广东太古可口可乐有限公司,30130001,粤西,Y05025,粤西EC事业部,3240,粤西EC办事处,2008,电商,严玮T,,13632980151,严玮TT,,13632980151,林泳明,3021505,13510103217,林泳明T,3021505,13510103217
3013,广东太古可口可乐有限公司,30130001,粤西,Y05025,粤西EC事业部,3240,粤西EC办事处,2002,电商,严玮T,,13632980151,严玮TT,,13632980151,佘浚铭,3020649,13822103786,佘浚铭T,3020649,13822103786
3013,广东太古可口可乐有限公司,30130001,粤西,Y05025,粤西EC事业部,3240,粤西EC办事处,2009,电商,严玮T,,13632980151,严玮TT,,13632980151,石炼兵,2506283,18819192557,石炼兵T,2506283,18819192557
3013,广东太古可口可乐有限公司,30130001,粤西,Y05025,粤西EC事业部,3240,粤西EC办事处,2007,电商,严玮T,,13632980151,严玮TT,,13632980151,周雪梅,2501686,13632119755,周雪梅T,2501686,13632119755
3013,广东太古可口可乐有限公司,30130001,粤西,Y05025,粤西EC事业部,3240,粤西EC办事处,2010,电商,严玮T,,13632980151,严玮TT,,13632980151,林芳宗,3039914,15102029863,林芳宗T,3039914,15102029863
3013,广东太古可口可乐有限公司,30130001,粤西,Y05025,粤西EC事业部,3240,粤西EC办事处,2000,电商,严玮T,,13632980151,严玮TT,,13632980151,林佳慧,3028515,13316022858,林佳慧T,3028515,13316022858
3013,广东太古可口可乐有限公司,30130001,粤西,Y05025,粤西EC事业部,3240,粤西EC办事处,2004,电商,严玮T,,13632980151,严玮TT,,13632980151,马文娜,3052371,18710412903,马文娜T,3052371,18710412903
3013,广东太古可口可乐有限公司,30130001,粤西,Y05025,粤西EC事业部,3240,粤西EC办事处,1934,非销售线路,严玮T,,13632980151,严玮TT,,13632980151,马文娜,3052371,18710412903,马文娜T,3052371,18710412903
3013,广东太古可口可乐有限公司,30130002,粤东,Y05009,汕头区,0769,汕头-潮阳,5404,取消线路,,,,,,,,,,蔡业强,3051231,15791600664
3013,广东太古可口可乐有限公司,30130001,粤西,Y05002,佛山区,0759,佛山-三水,5914,取消线路,,,,,,,,,,杜志恒,3011803,13925900655
3013,广东太古可口可乐有限公司,30130002,粤东,Y05019,深外区,0744,深外-龙岗,5408,取消线路,,,,,,,,,,冯爽,3043748,17625745712
3013,广东太古可口可乐有限公司,30130001,粤西,Y05014,粤西KA客户群,0734,广州-重点,5229,取消线路,,,,,,,,,,廖幼红,3042900,13416421508
3013,广东太古可口可乐有限公司,30130001,粤西,Y05014,粤西KA客户群,0758,佛山-重点,5383,取消线路,,,,,,,,,,朱波丽,3037369,13702341961
3013,广东太古可口可乐有限公司,30130002,粤东,Y05013,粤东KA客户群,0795,东莞-重点,5117,KA-综合,,,,,,,,,,郭彦霞,3056135,13509204669
3013,广东太古可口可乐有限公司,30130002,粤东,Y05020,汕尾区,0767,汕尾-揭阳,5614,取消线路,,,,,,,,,,高克加,2570044,15914937242
3013,广东太古可口可乐有限公司,30130001,粤西,Y05015,广中区域,0735,广中-从化,5904,取消线路,,,,,,,,,,刘楚婷,3046081,15811875053
3013,广东太古可口可乐有限公司,30130002,粤东,Y05020,汕尾区,0770,汕尾-海丰,5585,取消线路,,,,,,,,,,袁祖凤,2570014,13536452304
3013,广东太古可口可乐有限公司,30130001,粤西,Y05023,广新区,0723,广新-新龙,5911,取消线路,,,,,,,,,,潘英灯,3045886,13725416032
3013,广东太古可口可乐有限公司,30130001,粤西,Y05001,番顺区,0761,番顺-龙江,5921,取消线路,,,,,,,,,,纪楚燕,3052989,18665457006
3013,广东太古可口可乐有限公司,30130002,粤东,Y05013,粤东KA客户群,0750,深圳-重点,5009,取消线路,,,,,,,,,,王妙纯,3023185,13410806136
3013,广东太古可口可乐有限公司,30130001,粤西,Y05025,粤西EC事业部,3249,POP销售办事处,2003,电话销售,严玮T,,13632980151,严玮TT,,13632980151,严玮TT,,13632980151,江颖,3035917,15992461629
3013,广东太古可口可乐有限公司,30130001,粤西,Y05014,粤西KA客户群,0734,广州-重点,5391,取消线路,,,,,,,,,,许秀官,3025495,13539404881
3013,广东太古可口可乐有限公司,30130002,粤东,Y05007,惠州区,0784,惠州-惠州,5588,取消线路,,,,,,,,,,何国辉,2570017,13413082156
3013,广东太古可口可乐有限公司,30130001,粤西,Y05014,粤西KA客户群,0758,佛山-重点,5384,取消线路,,,,,,,,,,,,
3013,广东太古可口可乐有限公司,30130002,粤东,Y05013,粤东KA客户群,0750,深圳-重点,5052,取消线路,,,,,,,,,,,,
3013,广东太古可口可乐有限公司,30130002,粤东,Y05013,粤东KA客户群,0750,深圳-重点,5041,取消线路,,,,,,,,,,,,
3013,广东太古可口可乐有限公司,30130001,粤西,Y05014,粤西KA客户群,0758,佛山-重点,5312,取消线路,,,,,,,,,,,,
3013,广东太古可口可乐有限公司,30130002,粤东,Y05013,粤东KA客户群,0750,深圳-重点,5005,取消线路,,,,,,,,,,,,
3013,广东太古可口可乐有限公司,30130002,粤东,Y05009,汕头区,0768,汕头-汕头,5615,取消线路,,,,,,,,,,,,
3013,广东太古可口可乐有限公司,30130001,粤西,Y05025,粤西EC事业部,3249,POP销售办事处,2005,电商,严玮T,,13632980151,严玮TT,,13632980151,严玮TT,,13632980151,严玮TT,,13632980151
3013,广东太古可口可乐有限公司,30130002,粤东,Y05013,粤东KA客户群,0750,深圳-重点,5066,取消线路,,,,,,,,,,,,
3013,广东太古可口可乐有限公司,30130002,粤东,Y05018,粤东IC事业部,0751,深圳-IC,5662,取消线路,,,,,,,,,,,,
3013,广东太古可口可乐有限公司,30130002,粤东,Y05013,粤东KA客户群,0750,深圳-重点,5031,取消线路,,,,,,,,,,,,
3013,广东太古可口可乐有限公司,30130002,粤东,Y05019,深外区,0744,深外-龙岗,5422,取消线路,,,,,,,,,,,,
3013,广东太古可口可乐有限公司,30130002,粤东,Y05018,粤东IC事业部,0751,深圳-IC,5405,取消线路,,,,,,,,,,,,
3013,广东太古可口可乐有限公司,30130001,粤西,Y05003,广外区域,0736,广外-花都,1572,区域-乡镇,胡铭洋,3019330,18926210250,黄永腾,2501215,18819192233,王俊飞-3016260,3016260,18819192277,唐启远-2502329,2502329,18819192892
3013,广东太古可口可乐有限公司,30130001,粤西,Y05015,广中区域,0728,广中-黄埔,1307,区域-城区,刘佳晓,2501281,13632119761,陈柯维,3034890,18819193095,陈梓楠-3047668,3047668,18826121116,胡雷清-3043698,3043698,18819193268
3013,广东太古可口可乐有限公司,30130001,粤西,Y05003,广外区域,0804,广外-太和,1463,IC-餐饮,胡铭洋,3019330,18926210250,陈藤云,2502287,18819192533,熊盛开-2501541,2501541,18819193097,王源鹏-3054476,3054476,18819192795
3013,广东太古可口可乐有限公司,30130001,粤西,Y05001,番顺区,0722,番顺-南沙,1052,区域-城区,邓辉,2504221,13632119746,黄伟乐,2502237,18819192121,何智江-3013596,3013596,18819193074,林碧云-3057594,3057594,18819192598
3013,广东太古可口可乐有限公司,30130001,粤西,Y05023,广新区,0721,广新-番禺,1009,IC-餐饮,李俊青,2502225,18819192133,李国平,2501549,18819193120,潘碧映-2502281,2502281,18826120672,周凯-3030990,3030990,18819192718
3013,广东太古可口可乐有限公司,30130001,粤西,Y05015,广中区域,0732,广中-天河,1354,区域-城区,刘佳晓,2501281,13632119761,陈濠明,2504363,18819193075,陈浩铭-3006774,3006774,18819192799,黄鹏-3056352,3056352,18819193213
3013,广东太古可口可乐有限公司,30130001,粤西,Y05001,番顺区,0761,番顺-龙江,1104,区域-城区,邓辉,2504221,13632119746,罗添平,2505203,18819192525,莫月安-3015050,3015050,18819193073,麦炳伟-3058750,3058750,18826121079
3013,广东太古可口可乐有限公司,30130001,粤西,Y05015,广中区域,0737,广中-新塘,1660,区域-乡镇,刘佳晓,2501281,13632119761,李洋,3008791,18819192788,邹国军-2501268,2501268,18819193154,郑学英-3038336,3038336,18819192935
3013,广东太古可口可乐有限公司,30130001,粤西,Y05016,粤西IC,0724,广州-IC,1513,区域-乡镇,程志明,2501433,18819192255,卜增晓,3056544,18028654240,黄飞虎-3045701,3045701,18819193021,罗素琴-2550247,2550247,13632119850
3013,广东太古可口可乐有限公司,30130001,粤西,Y05015,广中区域,0737,广中-新塘,1657,区域-乡镇,刘佳晓,2501281,13632119761,李洋,3008791,18819192788,黄奋-3032022,3032022,18819193084,曹建平-3056849,3056849,18819192942
3013,广东太古可口可乐有限公司,30130001,粤西,Y05015,广中区域,0728,广中-黄埔,1305,区域-城区,刘佳晓,2501281,13632119761,陈柯维,3034890,18819193095,黄茂坚-2501313,2501313,18819193103,曾庆林-3044923,3044923,18819192745
3013,广东太古可口可乐有限公司,30130001,粤西,Y05015,广中区域,0728,广中-黄埔,1304,区域-城区,刘佳晓,2501281,13632119761,陈柯维,3034890,18819193095,黄茂坚-2501313,2501313,18819193103,黄瀚兴-3056778,3056778,18819192754
3013,广东太古可口可乐有限公司,30130001,粤西,Y05015,广中区域,0737,广中-新塘,1661,区域-乡镇,刘佳晓,2501281,13632119761,李洋,3008791,18819192788,邹国军-2501268,2501268,18819193154,梁国涌 -3040569,3040569,18819192936
3013,广东太古可口可乐有限公司,30130001,粤西,Y05015,广中区域,0735,广中-从化,1601,区域-城区,刘佳晓,2501281,13632119761,王如泉,3003419,18819193110,骆惠贤-3054673,3054673,18819192884,何凯军-3030633,3030633,18819192870
3013,广东太古可口可乐有限公司,30130001,粤西,Y05003,广外区域,0736,广外-花都,1554,区域-乡镇,胡铭洋,3019330,18926210250,黄永腾,2501215,18819192233,李俊鹏-2503205,2503205,18819193464,詹玉芬-2502226,2502226,18819192902
3013,广东太古可口可乐有限公司,30130001,粤西,Y05023,广新区,0721,广新-番禺,1003,电商,李俊青,2502225,18819192133,李国平,2501549,18819193120,詹桂彬-2504270,2504270,18819193093,余君芳-3054909,3054909,18819192708
3013,广东太古可口可乐有限公司,30130001,粤西,Y05023,广新区,0721,广新-番禺,1007,区域-城区,李俊青,2502225,18819192133,李国平,2501549,18819193120,潘碧映-2502281,2502281,18826120672,黄浩华-3051315,3051315,18819192713
3013,广东太古可口可乐有限公司,30130001,粤西,Y05001,番顺区,0799,番顺-西樵,1112,区域-城区,邓辉,2504221,13632119746,严健宏,3008635,18819193091,周冠杰-3016400,3016400,18819193072,梁曙国-2501356,2501356,18819192585
3013,广东太古可口可乐有限公司,30130001,粤西,Y05002,佛山区,0805,佛山-芳村,1401,区域-乡镇,胡维,2508241,13929226672,胡大勇,2400167,18826120270,郑琦-3035151,3035151,18819193119,甘国添-3015394,3015394,18819192835
3013,广东太古可口可乐有限公司,30130001,粤西,Y05001,番顺区,0761,番顺-龙江,1111,公共线路,邓辉,2504221,13632119746,罗添平,2505203,18819192525,莫月安-3015050,3015050,18819193073,张淇-3047197,3047197,18819192592
3013,广东太古可口可乐有限公司,30130001,粤西,Y05001,番顺区,0760,番顺-陈村,1131,IC-综合,邓辉,2504221,13632119746,梁鸿敏,2504305,18819192266,丘扬思-3019427,3019427,18819193069,叶敏杰-3027986,3027986,18819192575
3013,广东太古可口可乐有限公司,30130001,粤西,Y05003,广外区域,0725,广外-白云,1453,IC-餐饮,胡铭洋,3019330,18926210250,汪成义,2502305,18819193150,叶石良-3039785,3039785,18819193112,刘丹华-3038722,3038722,19802012052
3013,广东太古可口可乐有限公司,30130001,粤西,Y05003,广外区域,0736,广外-花都,1558,大桶水,胡铭洋,3019330,18926210250,黄永腾,2501215,18819192233,邝笑琴-2501541,2502248,18819193097,江添华-2502205,2502205,18819192896
3013,广东太古可口可乐有限公司,30130001,粤西,Y05003,广外区域,3226,广外-人和,1552,区域-城区DSD,胡铭洋,3019330,18926210250,温焕星,3024275,18819193082,孙龙-3024692,3024692,18819193463,毕国锋-3048293,3048293,18819192894
3013,广东太古可口可乐有限公司,30130001,粤西,Y05003,广外区域,0736,广外-花都,1564,区域-乡镇,胡铭洋,3019330,18926210250,黄永腾,2501215,18819192233,邝笑琴-2501541,2502248,18819193097,吴嘉玲-3047455,3047455,18819192908
3013,广东太古可口可乐有限公司,30130001,粤西,Y05023,广新区,0727,广新-海珠,1415,KA-综合,李俊青,2502225,18819192133,梁文州,2501253,18819192188,徐恒-3013875,3013875,18819193312,黄子山-3055726,3055726,18819193358
3013,广东太古可口可乐有限公司,30130001,粤西,Y05001,番顺区,0761,番顺-龙江,1108,区域-乡镇,邓辉,2504221,13632119746,罗添平,2505203,18819192525,莫月安-3015050,3015050,18819193073,蔡卓晓-3051428,3051428,18819192580
3013,广东太古可口可乐有限公司,30130001,粤西,Y05015,广中区域,0737,广中-新塘,1652,公共线路,刘佳晓,2501281,13632119761,李洋,3008791,18819192788,邹国军-2501268,2501268,18819193154,朱卫东-2502251,2502251,18819192938
3013,广东太古可口可乐有限公司,30130001,粤西,Y05003,广外区域,0725,广外-白云,1460,区域-城区,胡铭洋,3019330,18926210250,汪成义,2502305,18819193150,邓东-3040342,3040342,18819193406,曾毓灵-3055075,3055075,18826121137
3013,广东太古可口可乐有限公司,30130001,粤西,Y05001,番顺区,0761,番顺-龙江,1115,区域-城区,邓辉,2504221,13632119746,罗添平,2505203,18819192525,陈秀斌-3038665,3038665,18819193071,杨威-3047202,3047202,18819192593
3013,广东太古可口可乐有限公司,30130001,粤西,Y05005,韶清区域,0773,韶清-韶关,1708,区域-城区,杨海,2505227,13826390599,陈博,2505289,18819193196,林庭俊-2526490,2526490,18819193195,谭耀阳-3055475,3055475,18819192969
3013,广东太古可口可乐有限公司,30130001,粤西,Y05001,番顺区,0722,番顺-南沙,1057,区域-乡镇,邓辉,2504221,13632119746,黄伟乐,2502237,18819192121,何智江-3013596,3013596,18819193074,覃世宁-2504286,2504286,18819193385
3013,广东太古可口可乐有限公司,30130001,粤西,Y05001,番顺区,0760,番顺-陈村,1130,区域-城区,邓辉,2504221,13632119746,梁鸿敏,2504305,18819192266,丘扬思-3019427,3019427,18819193069,刘境盛-3032928,3032928,18819192574
3013,广东太古可口可乐有限公司,30130001,粤西,Y05023,广新区,0726,广新-东山,1365,区域-城区,李俊青,2502225,18819192133,邬林峰,3023910,13724131216,陈贤鉴-3027666,3027666,18826120676,夏城郴-3044823,3044823,18819192815
3013,广东太古可口可乐有限公司,30130001,粤西,Y05001,番顺区,0760,番顺-陈村,1122,区域-乡镇,邓辉,2504221,13632119746,梁鸿敏,2504305,18819192266,郭盼盼-3040372,3040372,18819193402,陈柏宏-3058827,3058827,18819192572
3013,广东太古可口可乐有限公司,30130001,粤西,Y05003,广外区域,0736,广外-花都,1556,FSV,胡铭洋,3019330,18926210250,黄永腾,2501215,18819192233,邝笑琴-2501541,2502248,18819193097,姚国昭-3012512,3012512,18819192895
3013,广东太古可口可乐有限公司,30130001,粤西,Y05016,粤西IC,0724,广州-IC,1503,区域-城区,程志明,2501433,18819192255,卜增晓,3056544,18028654240,黄飞虎-3045701,3045701,18819193021,陈东绵-3033364,3033364,18819193025
3013,广东太古可口可乐有限公司,30130001,粤西,Y05023,广新区,0726,广新-东山,1363,区域-城区,李俊青,2502225,18819192133,邬林峰,3023910,13724131216,梁定洁-3038301,3038301,18819193114,范金城-3042912,3042912,18819192823
3013,广东太古可口可乐有限公司,30130001,粤西,Y05003,广外区域,0736,广外-花都,1560,区域-城区,胡铭洋,3019330,18926210250,黄永腾,2501215,18819192233,李俊鹏-2503205,2503205,18819193464,徐国锋-2550319,2550319,18819192906
3013,广东太古可口可乐有限公司,30130001,粤西,Y05015,广中区域,0728,广中-黄埔,1300,区域-城区,刘佳晓,2501281,13632119761,陈柯维,3034890,18819193095,黄茂坚-2501313,2501313,18819193103,钟万尧-3038723,3038723,18819193103
3013,广东太古可口可乐有限公司,30130001,粤西,Y05023,广新区,0721,广新-番禺,1005,区域-乡镇,李俊青,2502225,18819192133,李国平,2501549,18819193120,郑超跃-3028168,3028168,18819193116,李必霞-3031436,3031436,18819193276
3013,广东太古可口可乐有限公司,30130001,粤西,Y05001,番顺区,0761,番顺-龙江,1103,区域-城区,邓辉,2504221,13632119746,罗添平,2505203,18819192525,莫月安-3015050,3015050,18819193073,吴镓荣-3054129,3054129,18819192578
3013,广东太古可口可乐有限公司,30130001,粤西,Y05001,番顺区,0722,番顺-南沙,1050,区域-乡镇,邓辉,2504221,13632119746,黄伟乐,2502237,18819192121,何智江-3013596,3013596,18819193074,钱嘉萍-3016401,3016401,18819192597
3013,广东太古可口可乐有限公司,30130001,粤西,Y05003,广外区域,0804,广外-太和,1459,区域-城区,胡铭洋,3019330,18926210250,陈藤云,2502287,18819192533,熊盛开-2501541,2501541,18819193097,黄勇坚-2501507,2501507,19802012032
3013,广东太古可口可乐有限公司,30130001,粤西,Y05003,广外区域,0736,广外-花都,1553,区域-城区,胡铭洋,3019330,18926210250,黄永腾,2501215,18819192233,邝笑琴-2501541,2502248,18819193097,骆志昌-3029607,3029607,18819193376
3013,广东太古可口可乐有限公司,30130001,粤西,Y05016,粤西IC,3229,佛山IC办事处,1510,区域-乡镇,程志明,2501433,18819192255,丁立键,3028887,13418012123,林可欣-3043123,3043123,18898813026,唐健生-3053592,3053592,18819193371
3013,广东太古可口可乐有限公司,30130001,粤西,Y05002,佛山区,0754,佛山-佛山,1151,区域-乡镇,胡维,2508241,13929226672,吴耿宁,2508235,18819160798,杨翔云-2503301,2503301,18819193089,冯顺铃-3053845,3053845,18819192637
3013,广东太古可口可乐有限公司,30130001,粤西,Y05015,广中区域,0732,广中-天河,1350,区域-城区,刘佳晓,2501281,13632119761,陈濠明,2504363,18819193075,陈浩铭-3006774,3006774,18819192799,谢灿琳-3058275,3058275,18819192769
3013,广东太古可口可乐有限公司,30130001,粤西,Y05023,广新区,0727,广新-海珠,1410,区域-城区,李俊青,2502225,18819192133,梁文州,2501253,18819192188,刘伟健-3020319,3020319,18802080674,劳春明-3054397,3054397,18819192739
3013,广东太古可口可乐有限公司,30130001,粤西,Y05001,番顺区,0799,番顺-西樵,1117,区域-乡镇,邓辉,2504221,13632119746,严健宏,3008635,18819193091,周冠杰-3016400,3016400,18819193072,龚小强-3008644,3008644,18819192587
3013,广东太古可口可乐有限公司,30130001,粤西,Y05014,粤西KA客户群,3251,粤西餐饮事业部,1507,区域-乡镇,刘琪,2500311,13632119698,陈小莉,2500502,13632119123,张肖-2501341,2501341,18819193023,李彩霞-3037551,3037551,18819193014
3013,广东太古可口可乐有限公司,30130001,粤西,Y05001,番顺区,0722,番顺-南沙,1054,区域-城区,邓辉,2504221,13632119746,黄伟乐,2502237,18819192121,冯嘉棋,3016035,18819193070,何俊伟-3036404,3036404,18819192609
3013,广东太古可口可乐有限公司,30130001,粤西,Y05005,韶清区域,0776,韶清-清远,1612,FSV,杨海,2505227,13826390599,蔡旭钟,3008626,18819192122,陈雪梅-3040635,3040635,18826120337,李清华-3043205,3043205,18819192916
3013,广东太古可口可乐有限公司,30130001,粤西,Y05005,韶清区域,0773,韶清-韶关,1707,区域-城区,杨海,2505227,13826390599,陈博,2505289,18819193196,刘锦文-3019981,3019981,18819192166,罗业权-2505299,2505299,18819192975
3013,广东太古可口可乐有限公司,30130001,粤西,Y05001,番顺区,0799,番顺-西樵,1101,公共线路,邓辉,2504221,13632119746,严健宏,3008635,18819193091,周冠杰-3016400,3016400,18819193072,潘锡辉-3003204,3003204,18819192582
3013,广东太古可口可乐有限公司,30130001,粤西,Y05015,广中区域,0732,广中-天河,1351,区域-城区,刘佳晓,2501281,13632119761,陈濠明,2504363,18819193075,陈浩铭-3006774,3006774,18819192799,肖洁-3018362,3018362,18819192778
3013,广东太古可口可乐有限公司,30130001,粤西,Y05023,广新区,0727,广新-海珠,1408,区域-城区,李俊青,2502225,18819192133,梁文州,2501253,18819192188,陈小弟-3032803,3032803,18819193436,张永兴-3048083,3048083,18819192737
3013,广东太古可口可乐有限公司,30130001,粤西,Y05002,佛山区,0805,佛山-芳村,1402,区域-城区,胡维,2508241,13929226672,胡大勇,2400167,18826120270,陈海南-3006097,3006097,18819193202,李沛江-3014943,3014943,18819192836
3013,广东太古可口可乐有限公司,30130001,粤西,Y05003,广外区域,0736,广外-花都,1562,区域-城区,胡铭洋,3019330,18926210250,黄永腾,2501215,18819192233,王俊飞-3016260,3016260,18819192277,黄嘉宝-3033501,3033501,18819192897
3013,广东太古可口可乐有限公司,30130001,粤西,Y05001,番顺区,0799,番顺-西樵,1110,区域-城区,邓辉,2504221,13632119746,严健宏,3008635,18819193091,周冠杰-3016400,3016400,18819193072,黄炳根-3058623,3058623,18819192584
3013,广东太古可口可乐有限公司,30130001,粤西,Y05005,韶清区域,0776,韶清-清远,1615,公共线路,杨海,2505227,13826390599,蔡旭钟,3008626,18819192122,陈雪梅-3040635,3040635,18826120337,杜伟健-2502238,2502238,18819192912
3013,广东太古可口可乐有限公司,30130001,粤西,Y05005,韶清区域,0777,韶清-连州,1761,区域-乡镇,杨海,2505227,13826390599,张国平,2501332,18819192211,潘文杰-2505237,2505237,18819193194,陈国清-3039196,3039196,18819193264
3013,广东太古可口可乐有限公司,30130001,粤西,Y05003,广外区域,0733,广外-新市,1455,区域-乡镇,胡铭洋,3019330,18926210250,何成宪,3021860,18826120593,刘石发-3045360,3045360,18819193123,巫壮填-3045328,3045328,18826120325
3013,广东太古可口可乐有限公司,30130001,粤西,Y05003,广外区域,0736,广外-花都,1565,区域-城区,胡铭洋,3019330,18926210250,黄永腾,2501215,18819192233,邝笑琴-2501541,2502248,18819193097,陆丽明-3004525,3004525,18819192886
3013,广东太古可口可乐有限公司,30130001,粤西,Y05015,广中区域,0735,广中-从化,1602,公共线路,刘佳晓,2501281,13632119761,王如泉,3003419,18819193110,骆惠贤-3054673,3054673,18819192884,刘华发-3033584,3033584,18819192871
3013,广东太古可口可乐有限公司,30130001,粤西,Y05023,广新区,0727,广新-海珠,1411,区域-乡镇,李俊青,2502225,18819192133,梁文州,2501253,18819192188,刘伟健-3020319,3020319,18802080674,陈家飞-3056334,3056334,18819192740
3013,广东太古可口可乐有限公司,30130001,粤西,Y05001,番顺区,0761,番顺-龙江,1102,区域-城区,邓辉,2504221,13632119746,罗添平,2505203,18819192525,莫月安-3015050,3015050,18819193073,黄继贤-3027368,3027368,18819192577
3013,广东太古可口可乐有限公司,30130001,粤西,Y05002,佛山区,0805,佛山-芳村,1405,区域-城区,胡维,2508241,13929226672,胡大勇,2400167,18826120270,郑琦-3035151,3035151,18819193119,陈景春-3014478,3014478,18819193351
3013,广东太古可口可乐有限公司,30130001,粤西,Y05003,广外区域,0733,广外-新市,1450,区域-乡镇,胡铭洋,3019330,18926210250,何成宪,3021860,18826120593,刘石发-3045360,3045360,18819193123,欧阳小辉-3018697,3018697,18819192860
3013,广东太古可口可乐有限公司,30130001,粤西,Y05015,广中区域,0737,广中-新塘,1303,区域-城区,刘佳晓,2501281,13632119761,李洋,3008791,18819192788,黄奋-3032022,3032022,18819193084,雷誉捷-3059580,3059580,18819192744
3013,广东太古可口可乐有限公司,30130001,粤西,Y05001,番顺区,0799,番顺-西樵,1113,区域-乡镇,邓辉,2504221,13632119746,严健宏,3008635,18819193091,周冠杰-3016400,3016400,18819193072,梁晨-3055391,3055391,18819192586
3013,广东太古可口可乐有限公司,30130001,粤西,Y05002,佛山区,0805,佛山-芳村,1406,区域-乡镇,胡维,2508241,13929226672,胡大勇,2400167,18826120270,郑琦-3035151,3035151,18819193119,何少坚-3048272,3048272,18819192838
3013,广东太古可口可乐有限公司,30130001,粤西,Y05014,粤西KA客户群,3251,粤西餐饮事业部,1358,区域-乡镇,刘琪,2500311,13632119698,陈小莉,2500502,13632119123,张肖-2501341,2501341,18819193023,林旭胜-2502321,2502321,18819192781
3013,广东太古可口可乐有限公司,30130001,粤西,Y05015,广中区域,0737,广中-新塘,1656,FSV,刘佳晓,2501281,13632119761,李洋,3008791,18819192788,邹国军-2501268,2501268,18819193154,吴绮梨-3031231,3031231,18819192941
3013,广东太古可口可乐有限公司,30130001,粤西,Y05001,番顺区,0722,番顺-南沙,1051,区域-乡镇,邓辉,2504221,13632119746,黄伟乐,2502237,18819192121,钟灼洪-2504328,2504328,18819193121,何铭行-3054442,3054442,18819192607
3013,广东太古可口可乐有限公司,30130001,粤西,Y05023,广新区,0726,广新-东山,1366,区域-乡镇,李俊青,2502225,18819192133,邬林峰,3023910,13724131216,梁定洁-3038301,3038301,18819193114,易贵平-3007679,3007679,18819192816
3013,广东太古可口可乐有限公司,30130001,粤西,Y05002,佛山区,0754,佛山-佛山,1155,区域-乡镇,胡维,2508241,13929226672,吴耿宁,2508235,18819160798,林灼成-2503345,2503345,18819192630,吴志成-3051056,3051056,18819192645
3013,广东太古可口可乐有限公司,30130001,粤西,Y05015,广中区域,0728,广中-黄埔,1302,区域-乡镇,刘佳晓,2501281,13632119761,陈柯维,3034890,18819193095,詹辉佳-3026350,3026350,18819193101,李勃辉-3059054,3059054,18819192763
3013,广东太古可口可乐有限公司,30130001,粤西,Y05023,广新区,0726,广新-东山,1368,区域-乡镇,李俊青,2502225,18819192133,邬林峰,3023910,13724131216,陈贤鉴-3027666,3027666,18826120676,李红军-3017981,3017981,18819192825
3013,广东太古可口可乐有限公司,30130001,粤西,Y05003,广外区域,0736,广外-花都,1557,区域-城区,胡铭洋,3019330,18926210250,黄永腾,2501215,18819192233,李俊鹏-2503205,2503205,18819193464,罗志坤-2505220,2505220,18819192904
3013,广东太古可口可乐有限公司,30130001,粤西,Y05023,广新区,0721,广新-番禺,1011,IC-住宿酒吧,李俊青,2502225,18819192133,李国平,2501549,18819193120,潘碧映-2502281,2502281,18826120672,区伟堂-3055658,3055658,18819192717
3013,广东太古可口可乐有限公司,30130001,粤西,Y05003,广外区域,0804,广外-太和,1467,区域-乡镇,胡铭洋,3019330,18926210250,陈藤云,2502287,18819192533,熊盛开-2501541,2501541,18819193097,陈永生-3024785,3024785,18819192797
3013,广东太古可口可乐有限公司,30130001,粤西,Y05015,广中区域,0732,广中-天河,1353,区域-城区,刘佳晓,2501281,13632119761,陈濠明,2504363,18819193075,张诚-3050524,3050524,18819193369,张小翠-3016503,3016503,18819192783
3013,广东太古可口可乐有限公司,30130001,粤西,Y05015,广中区域,0728,广中-黄埔,1306,区域-城区,刘佳晓,2501281,13632119761,陈柯维,3034890,18819193095,黄茂坚-2501313,2501313,18819193103,陈绿燕-3058846,3058846,18819192746
3013,广东太古可口可乐有限公司,30130001,粤西,Y05015,广中区域,0737,广中-新塘,1311,区域-乡镇,刘佳晓,2501281,13632119761,李洋,3008791,18819192788,黄奋-3032022,3032022,18819193084,邹段-3046358,3046358,18826120392
3013,广东太古可口可乐有限公司,30130001,粤西,Y05023,广新区,0721,广新-番禺,1010,区域-城区,李俊青,2502225,18819192133,李国平,2501549,18819193120,潘碧映-2502281,2502281,18826120672,蔡敏仪-3051382,3051382,18819192712
3013,广东太古可口可乐有限公司,30130001,粤西,Y05023,广新区,0721,广新-番禺,1015,非销售线路,李俊青,2502225,18819192133,李国平,2501549,18819193120,潘碧映-2502281,2502281,18826120672,张卫南-2504298,2504298,18819192715
3013,广东太古可口可乐有限公司,30130001,粤西,Y05015,广中区域,0737,广中-新塘,1301,区域-乡镇,刘佳晓,2501281,13632119761,李洋,3008791,18819192788,黄奋-3032022,3032022,18819193084,黄加君-2501599,2501599,18819192748
3013,广东太古可口可乐有限公司,30130001,粤西,Y05003,广外区域,0736,广外-花都,1555,区域-乡镇,胡铭洋,3019330,18926210250,黄永腾,2501215,18819192233,邝笑琴-2501541,2502248,18819193097,李颖仪-3005052,3005052,18819192903
3013,广东太古可口可乐有限公司,30130001,粤西,Y05023,广新区,0726,广新-东山,1362,区域-城区,李俊青,2502225,18819192133,邬林峰,3023910,13724131216,梁定洁-3038301,3038301,18819193114,王进武-3019978,3019978,18819192821
3013,广东太古可口可乐有限公司,30130001,粤西,Y05023,广新区,0726,广新-东山,1369,区域-城区,李俊青,2502225,18819192133,邬林峰,3023910,13724131216,梁定洁-3038301,3038301,18819193114,黄海英-3043714,3043714,18819192827
3013,广东太古可口可乐有限公司,30130001,粤西,Y05003,广外区域,0736,广外-花都,1570,IC-综合,胡铭洋,3019330,18926210250,黄永腾,2501215,18819192233,王俊飞-3016260,3016260,18819192277,刘启才-2502242,2502242,18819192890
3013,广东太古可口可乐有限公司,30130001,粤西,Y05001,番顺区,0761,番顺-龙江,1105,区域-乡镇,邓辉,2504221,13632119746,罗添平,2505203,18819192525,陈秀斌-3038665,3038665,18819193071,吴小慧-3051303,3051303,18819192590
3013,广东太古可口可乐有限公司,30130001,粤西,Y05023,广新区,0727,广新-海珠,1409,区域-城区,李俊青,2502225,18819192133,梁文州,2501253,18819192188,刘伟健-3020319,3020319,18802080674,郭力文-3052751,3052751,18819192738
3013,广东太古可口可乐有限公司,30130001,粤西,Y05001,番顺区,0761,番顺-龙江,1107,区域-城区,邓辉,2504221,13632119746,罗添平,2505203,18819192525,莫月安-3015050,3015050,18819193073,罗永辉-3047953,3047953,18819192579
3013,广东太古可口可乐有限公司,30130001,粤西,Y05001,番顺区,0722,番顺-南沙,1053,区域-乡镇,邓辉,2504221,13632119746,黄伟乐,2502237,18819192121,冯嘉棋,3016035,18819193070,冯嘉棋T,3016035,18819193070
3013,广东太古可口可乐有限公司,30130001,粤西,Y05015,广中区域,0732,广中-天河,1352,区域-城区,刘佳晓,2501281,13632119761,陈濠明,2504363,18819193075,张诚-3050524,3050524,18819193369,张诚-3050524T,3050524,18819193369
3013,广东太古可口可乐有限公司,30130001,粤西,Y05002,佛山区,0754,佛山-佛山,1153,KA-综合,胡维,2508241,13929226672,吴耿宁,2508235,18819160798,杨翔云-2503301,2503301,18819193089,杨翔云-2503301T,2503301,18819193089
3013,广东太古可口可乐有限公司,30130001,粤西,Y05003,广外区域,0736,广外-花都,1550,KA-综合,胡铭洋,3019330,18926210250,黄永腾,2501215,18819192233,黄永腾T,2501215,18819192233,喻涛-3012810,3012810,18819193459
3013,广东太古可口可乐有限公司,30130001,粤西,Y05005,韶清区域,0777,韶清-连州,1766,区域-乡镇,杨海,2505227,13826390599,张国平,2501332,18819192211,张国平T,2501332,18819192211,李小娟-3054033,3054033,18819192959
3013,广东太古可口可乐有限公司,30130001,粤西,Y05005,韶清区域,0809,韶清-南雄,1750,区域-城区,杨海,2505227,13826390599,余伟文,2505275,18819193413,余伟文T,2505275,18819193413,徐路周-2505243,2505243,18819192991
3013,广东太古可口可乐有限公司,30130001,粤西,Y05005,韶清区域,0808,韶清-乐昌,1704,区域-城区,杨海,2505227,13826390599,林俊年,2503274,18819192411,林俊年T,2503274,18819192411,许金连-3025285,3025285,18819192967
3013,广东太古可口可乐有限公司,30130001,粤西,Y05005,韶清区域,0810,韶清-翁源,1608,区域-城区,杨海,2505227,13826390599,林仰川,3011933,18820110682,林仰川T,3011933,18820110682,陈红叶-2502297,2502297,18819192876
3013,广东太古可口可乐有限公司,30130001,粤西,Y05022,粤西自贩机事业部,0797,广州-自贩机,3511,FSV,林俊鑫,2509313,13823895335,林俊鑫T,2509313,13823895335,林俊鑫T,2509313,13823895335,林俊鑫T,2509313,13823895335
3013,广东太古可口可乐有限公司,30130001,粤西,Y05022,粤西自贩机事业部,3223,佛山-自贩机,3510,其他,林俊鑫,2509313,13823895335,林俊鑫T,2509313,13823895335,林俊鑫T,2509313,13823895335,林俊鑫T,2509313,13823895335
3013,广东太古可口可乐有限公司,30130001,粤西,Y05022,粤西自贩机事业部,0797,广州-自贩机,3500,FSV,林俊鑫,2509313,13823895335,林俊鑫T,2509313,13823895335,林俊鑫T,2509313,13823895335,林俊鑫T,2509313,13823895335
3013,广东太古可口可乐有限公司,30130001,粤西,Y05022,粤西自贩机事业部,0797,广州-自贩机,3501,其他,林俊鑫,2509313,13823895335,林俊鑫T,2509313,13823895335,林俊鑫T,2509313,13823895335,林俊鑫T,2509313,13823895335
3041,广东太古可口可乐湛江有限公司,30410001,湛江(BU),Y10002,茂名大区,2012,茂名营业所,5009,取消线路,,,,,,,,,,肖雪萍,3022843,13727844908
3041,广东太古可口可乐湛江有限公司,30410001,湛江(BU),Y10001,湛江大区,2010,廉江营业所,5005,取消线路,,,,,,,,,,赖苗芳,2810435,13671458058
3013,广东太古可口可乐有限公司,30130001,粤西,Y05016,粤西IC,3229,佛山IC办事处,1532,IC-综合,程志明,2501433,18819192255,丁立键,3028887,13418012123,林可欣-3043123,3043123,18898813026,卢金乐-3033274,3033274,18819193396
3041,广东太古可口可乐湛江有限公司,30410001,湛江(BU),Y10002,茂名大区,2016,电白营业所,1753,区域-乡镇,徐锐,2810099,18820665257,潘日丰,2810143,15818936813,李梁梅,2810209,18826113515,崔玉燕,3038153,18826113915
3013,广东太古可口可乐有限公司,30130001,粤西,Y05003,广外区域,0804,广外-太和,1462,IC-餐饮,胡铭洋,3019330,18926210250,陈藤云,2502287,18819192533,陈油山-3015809,3015809,18819193098,周运华-3048653,3048653,18819192802
3041,广东太古可口可乐湛江有限公司,30410001,湛江(BU),Y10002,茂名大区,2016,电白营业所,1762,区域-乡镇,徐锐,2810099,18820665257,潘日丰,2810143,15818936813,徐荣江,3023789,18826113520,廖春霞,2810463,18826113518
3013,广东太古可口可乐有限公司,30130001,粤西,Y05003,广外区域,0736,广外-花都,1571,FSV,胡铭洋,3019330,18926210250,黄永腾,2501215,18819192233,王俊飞-3016260,3016260,18819192277,黄伟峰-3052389,3052389,18819192891
3013,广东太古可口可乐有限公司,30130002,粤东,Y05024,东莞区,0817,东莞-南城,7319,区域-城区,邱创荣,2506284,13632980303,韩荣艺,2506385,18819192688,李军军,2508426,18819192177,谢森辉-3056543,3056543,18819192092
3013,广东太古可口可乐有限公司,30130001,粤西,Y05023,广新区,0723,广新-新龙,1027,开发员,李俊青,2502225,18819192133,梁鸿锦,2504228,18819192566,林必青-2504263,2504263,18826120613,李书兰-3052749,3052749,18819192787
3013,广东太古可口可乐有限公司,30130002,粤东,Y05020,汕尾区,3209,汕尾-汕尾,0751,区域-乡镇,胡向,2507216,13725076877,巫晓彬,2509286,18819193165,欧定江-2509357,2509357,18826120092,钟建波-3030016,3030016,18819192182
3041,广东太古可口可乐湛江有限公司,30410001,湛江(BU),Y10002,茂名大区,2013,化州营业所,1610,区域-城区,徐锐,2810099,18820665257,王鹏韬,2810450,13590003905,谢敬钧,3023008,18826113565,蒋红玲,3051944,18826113559
3013,广东太古可口可乐有限公司,30130002,粤东,Y05010,深中区,0746,深中-罗湖,0003,KA-CVS,蔡志伟,2507286,13725076841,钟陈汉,2506257,18819192228,王杰-3018528,3018528,18576786816,张水珍-3033086,3033086,18819192521
3013,广东太古可口可乐有限公司,30130001,粤西,Y05016,粤西IC,0724,广州-IC,1966,储备业代,程志明,2501433,18819192255,卜增晓,3056544,18028654240,陈媚秀-3010740,3010740,18825044485,朱丽-2525442,2525442,18819193393
3013,广东太古可口可乐有限公司,30130002,粤东,Y05020,汕尾区,0770,汕尾-海丰,0777,区域-乡镇,胡向,2507216,13725076877,邢庆,2509326,18819193187,何良林-3022303,3022303,18819210884,孙文凭-2509323,2509323,19802032504
3013,广东太古可口可乐有限公司,30130001,粤西,Y05001,番顺区,0762,番顺-顺德,1088,区域-城区,邓辉,2504221,13632119746,刁顺见,3005451,18819192155,周锡源-2502201,2502201,18819193076,黎泰昌-2504397,2504397,18819192625
3013,广东太古可口可乐有限公司,30130002,粤东,Y05009,汕头区,0768,汕头-汕头,0644,区域-乡镇,黄伟,2506219,13632980128,肖海洲,2509354,18819193148,陈锦宏-2509273,2509273,18819192982,方晖-3038224,3038224,18819192278
3013,广东太古可口可乐有限公司,30130002,粤东,Y05019,深外区,0787,深外-长安,0533,区域-城区,李慕雁,2506226,13632980132,杨刚,2506233,18819192622,樊孝虎,2506388,18819192488,吴龙明-3037948,3037948,18819192007
3013,广东太古可口可乐有限公司,30130001,粤西,Y05015,广中区域,0732,广中-天河,1342,KA-综合,刘佳晓,2501281,13632119761,陈濠明,2504363,18819193075,张诚-3050524,3050524,18819193369,黄志链-3020457,3020457,18819192780
3013,广东太古可口可乐有限公司,30130002,粤东,Y05007,惠州区,0783,惠州-惠阳,0856,FSV,韩鹏程,2506228,13632980173,蚁嘉斯,2509300,18819193190,翟玉涛-2507336,2507336,18819192800,周建媛-3056541,3056541,18898813036
3013,广东太古可口可乐有限公司,30130002,粤东,Y05013,粤东KA客户群,0795,东莞-重点,1895,KA-CVS,张婧,3037236,18826527352,李连云,2507273,13929226150,刘燕钊-2508238,2508238,18819193068,罗称女-3032561,3032561,19811980842
3013,广东太古可口可乐有限公司,30130002,粤东,Y05024,东莞区,0788,东莞-常平,7507,区域-城区,邱创荣,2506284,13632980303,邓富斌,2507203,18819192323,罗德帅-2507240,2507240,18819192500,戴伟军-2550269,2550269,18819192026
3013,广东太古可口可乐有限公司,30130001,粤西,Y05015,广中区域,0728,广中-黄埔,1322,区域-乡镇,刘佳晓,2501281,13632119761,陈柯维,3034890,18819193095,詹辉佳-3026350,3026350,18819193101,彭登锋-2501331,2501331,18819192761
3041,广东太古可口可乐湛江有限公司,30410001,湛江(BU),Y10001,湛江大区,2007,吴川营业所,1309,区域-乡镇,李鑫元,2810095,13828289042,黄宇文,2810288,15976574920,吴春桦,2810117,18826113690,林伟,2810389,18826113689
3013,广东太古可口可乐有限公司,30130001,粤西,Y05016,粤西IC,0724,广州-IC,1527,IC-综合,程志明,2501433,18819192255,卜增晓,3056544,18028654240,陈媚秀-3010740,3010740,18825044485,刘景新-2501572,2501572,19802011861
3013,广东太古可口可乐有限公司,30130002,粤东,Y05019,深外区,0753,深外-塘厦,7543,区域-城区,李慕雁,2506226,13632980132,杨志威,2508259,18819192611,蒲俊杰-2506486,2506486,18826120083,赵美凤-3055563,3055563,18819192426
3041,广东太古可口可乐湛江有限公司,30410001,湛江(BU),Y10001,湛江大区,2010,廉江营业所,1454,IC-餐饮,李鑫元,2810095,13828289042,李汉权,2810472,15016420195,廖振球,2810158,18826113615,张勇,3026042,18826113609
3013,广东太古可口可乐有限公司,30130002,粤东,Y05006,河梅区,3206,河梅-吉隆,0862,区域-城区,孙泽,2506339,13632980263,施杰华,3011898,18819192433,毛可强-3023966,3023966,18819192433,喻丽娟-3058939,3058939,18819192204
3013,广东太古可口可乐有限公司,30130001,粤西,Y05005,韶清区域,0773,韶清-韶关,1716,电商,杨海,2505227,13826390599,陈博,2505289,18819193196,刘锦文-3019981,3019981,18819192166,张志浩-3052235,3052235,18819192981
3013,广东太古可口可乐有限公司,30130002,粤东,Y05007,惠州区,0781,惠州-博龙,0882,区域-城区,韩鹏程,2506228,13632980173,谭力乐,2507297,18819192066,黄永雄-2506317,2506317,18826120680,缪芷琼-3055372,3055372,18819192161
3013,广东太古可口可乐有限公司,30130002,粤东,Y05020,汕尾区,0770,汕尾-海丰,0757,区域-城区,胡向,2507216,13725076877,邢庆,2509326,18819193187,詹响俊-2509210,2509210,18819193162,林建业-3018815,3018815,18819192195
3041,广东太古可口可乐湛江有限公司,30410001,湛江(BU),Y10002,茂名大区,2013,化州营业所,1607,区域-城区,徐锐,2810099,18820665257,王鹏韬,2810450,13590003905,董林丰,2810063,18826113573,吴晓明,2810341,18826113568
3013,广东太古可口可乐有限公司,30130002,粤东,Y05020,汕尾区,0767,汕尾-揭阳,0697,区域-城区,胡向,2507216,13725076877,林静,2507209,18819192355,郑棉旭-2506276,2506276,18819193182,陈沛斌-2509345,2509345,18819193353
3013,广东太古可口可乐有限公司,30130001,粤西,Y05023,广新区,0723,广新-新龙,1030,区域-城区,李俊青,2502225,18819192133,梁鸿锦,2504228,18819192566,石安娜-3005836,3005836,18819192100,赵小君-3051302,3051302,18819192789
3013,广东太古可口可乐有限公司,30130002,粤东,Y05007,惠州区,0781,惠州-博龙,0887,电商,韩鹏程,2506228,13632980173,谭力乐,2507297,18819192066,王凯宇-3004526,3004526,18819193160,刘小燕-3029564,3029564,18819193273
3013,广东太古可口可乐有限公司,30130002,粤东,Y05007,惠州区,0783,惠州-惠阳,0853,区域-城区,韩鹏程,2506228,13632980173,蚁嘉斯,2509300,18819193190,翟玉涛-2507336,2507336,18819192800,陈洪湖-3016980,3016980,18819193340
3013,广东太古可口可乐有限公司,30130002,粤东,Y05006,河梅区,0779,河梅-河源,0903,区域-城区,孙泽,2506339,13632980263,江旭望,3007406,18819193207,邱辉东-2507214,2507214,18819193137,冯惠城-3016440,3016440,18819193256
3013,广东太古可口可乐有限公司,30130001,粤西,Y05023,广新区,0721,广新-番禺,1001,开发员,李俊青,2502225,18819192133,李国平,2501549,18819193120,詹桂彬-2504270,2504270,18819193093,张德成-2504274,2504274,18819192706
3013,广东太古可口可乐有限公司,30130002,粤东,Y05007,惠州区,3205,惠州-仲恺,0814,区域-城区,韩鹏程,2506228,13632980173,罗搏,3013429,18819193246,潘锡健-2507317,2507317,18819193174,杨耀杭-3047104,3047104,19802011528
3013,广东太古可口可乐有限公司,30130002,粤东,Y05010,深中区,0739,深中-宝安,0087,区域-城区,蔡志伟,2507286,13725076841,刘信亮,2506282,18819193216,陈超凡-2506275,2506275,18819193224,沈小军-3016884,3016884,18819192470
3013,广东太古可口可乐有限公司,30130002,粤东,Y05010,深中区,0742,深中-福田,7047,区域-城区,蔡志伟,2507286,13725076841,黄锦聪,2508277,18819193380,姚威-3016261,3016261,18819193206,赵宇杰-3040664,3040664,18819192477
3013,广东太古可口可乐有限公司,30130002,粤东,Y05013,粤东KA客户群,0750,深圳-重点,1852,储备业代,张婧,3037236,18826527352,林晓伟,2508278,18819192722,汤波-2506386,2506386,18826120803,黄碧顺-2550298,2550298,18819192547
3013,广东太古可口可乐有限公司,30130001,粤西,Y05016,粤西IC,3229,佛山IC办事处,1538,IC-综合,程志明,2501433,18819192255,丁立键,3028887,13418012123,张观余-2502255,2502255,18819193339,周志伟-3058245,3058245,18819193338
3013,广东太古可口可乐有限公司,30130001,粤西,Y05016,粤西IC,0724,广州-IC,1986,开发员,程志明,2501433,18819192255,卜增晓,3056544,18028654240,王颖斯-3015740,3015740,13580380674,刘星星-3057289,3057289,18898813027
3041,广东太古可口可乐湛江有限公司,30410001,湛江(BU),Y10001,湛江大区,2007,吴川营业所,1312,IC-餐饮,李鑫元,2810095,13828289042,黄宇文,2810288,15976574920,张杰森,2810337,18826113802,陈继武,3036531,18826113696
3013,广东太古可口可乐有限公司,30130001,粤西,Y05014,粤西KA客户群,0734,广州-重点,1839,KA-CVS,刘琪,2500311,13632119698,何焕勤,2501212,18819192311,邓礼就-2504252,2504252,18819193134,周红花-3040262,3040262,19802012162
3041,广东太古可口可乐湛江有限公司,30410001,湛江(BU),Y10001,湛江大区,2010,廉江营业所,1451,区域-城区,李鑫元,2810095,13828289042,李汉权,2810472,15016420195,廖振球,2810158,18826113615,龙思思,3024678,18826113601
3013,广东太古可口可乐有限公司,30130001,粤西,Y05023,广新区,0730,广新-荔湾,1432,区域-乡镇,李俊青,2502225,18819192133,吴晓群,2501302,13632119503,李德-3044735,3044735,18819193118,马永富-3037928,3037928,18819192843
3013,广东太古可口可乐有限公司,30130001,粤西,Y05023,广新区,0727,广新-海珠,1389,区域-乡镇,李俊青,2502225,18819192133,梁文州,2501253,18819192188,陈小弟-3032803,3032803,18819193436,何龙良-2501271,2501271,18819192725
3013,广东太古可口可乐有限公司,30130001,粤西,Y05015,广中区域,0738,广中-增城,1683,区域-乡镇,刘佳晓,2501281,13632119761,江汉民,3007645,18819193106,黄子健-3039629,3039629,18819193158,江育奎-3016264,3016264,18819192950
3041,广东太古可口可乐湛江有限公司,30410001,湛江(BU),Y10001,湛江大区,2011,遂溪营业所,1505,区域-乡镇,李鑫元,2810095,13828289042,黄炳炜,2810020,13828208148,周亚景,3021555,18826113661,郑美连,2810346,18826113660
3013,广东太古可口可乐有限公司,30130002,粤东,Y05006,河梅区,3206,河梅-吉隆,0759,区域-城区,孙泽,2506339,13632980263,施杰华,3011898,18819192433,毛可强-3023966,3023966,18819192433,吴文雄-2507399,2507399,18819192187
3013,广东太古可口可乐有限公司,30130002,粤东,Y05024,东莞区,0792,东莞-石龙,0351,区域-城区,邱创荣,2506284,13632980303,袁嘉豪,3005745,18819192626,骆建平-2508287,2508287,18819193067,陈粉霞-3016157,3016157,18819192070
3013,广东太古可口可乐有限公司,30130002,粤东,Y05007,惠州区,3205,惠州-仲恺,0802,区域-城区,韩鹏程,2506228,13632980173,罗搏,3013429,18819193246,潘锡健-2507317,2507317,18819193174,魏锡花-3035772,3035772,18819192246
3013,广东太古可口可乐有限公司,30130002,粤东,Y05020,汕尾区,0767,汕尾-揭阳,0684,区域-乡镇,胡向,2507216,13725076877,林静,2507209,18819192355,周浩深-3028032,3028032,18819193181,黄杰旬-2509257,2509257,18819192305
3013,广东太古可口可乐有限公司,30130001,粤西,Y05002,佛山区,0755,佛山-高明,1226,区域-城区,胡维,2508241,13929226672,林坡利,2501555,18819192400,庄帝钗-2501499,2501499,18819193404,古宇芳-3056798,3056798,18819192664
3013,广东太古可口可乐有限公司,30130002,粤东,Y05007,惠州区,0783,惠州-惠阳,0858,区域-乡镇,韩鹏程,2506228,13632980173,蚁嘉斯,2509300,18819193190,赖献超-3036291,3036291,18826121301,李金伟-3008038,3008038,18826120737
3013,广东太古可口可乐有限公司,30130002,粤东,Y05009,汕头区,0765,汕头-潮州,0639,区域-乡镇,黄伟,2506219,13632980128,刘舜涛,2509241,18819192522,曹小斌-2509275,2509275,18819193178,吴伟涛-3016413,3016413,18826120951
3013,广东太古可口可乐有限公司,30130002,粤东,Y05007,惠州区,0781,惠州-博龙,0889,区域-乡镇,韩鹏程,2506228,13632980173,谭力乐,2507297,18819192066,王凯宇-3004526,3004526,18819193160,符立卿-3039331,3039331,18819192168
3013,广东太古可口可乐有限公司,30130001,粤西,Y05015,广中区域,0728,广中-黄埔,1338,区域-乡镇,刘佳晓,2501281,13632119761,陈柯维,3034890,18819193095,陈梓楠-3047668,3047668,18826121116,容杰-3045380,3045380,18819157390
3013,广东太古可口可乐有限公司,30130001,粤西,Y05002,佛山区,0805,佛山-芳村,1195,区域-乡镇,胡维,2508241,13929226672,胡大勇,2400167,18826120270,陈海南-3006097,3006097,18819193202,冼永晨-3055283,3055283,18819192684
3013,广东太古可口可乐有限公司,30130002,粤东,Y05009,汕头区,0765,汕头-潮州,0653,区域-乡镇,黄伟,2506219,13632980128,刘舜涛,2509241,18819192522,曹小斌-2509275,2509275,18819193178,刘东-3010209,3010209,18819192286
3013,广东太古可口可乐有限公司,30130002,粤东,Y05007,惠州区,0784,惠州-惠州,0810,开发员,韩鹏程,2506228,13632980173,何国威,2508207,18819192033,刘剑锋-2507349,2507349,19802011262,李泽楷-3059943,3059943,18819193252
3013,广东太古可口可乐有限公司,30130001,粤西,Y05023,广新区,0812,广新-大学城,1397,区域-城区,李俊青,2502225,18819192133,余新勇,2504217,18819192200,吴迪斯-3006054,3006054,18826121176,王鑫-3060009,3060009,19802012160
3013,广东太古可口可乐有限公司,30130001,粤西,Y05002,佛山区,0757,佛山-南海,1231,区域-乡镇,胡维,2508241,13929226672,郎春玲,3005684,19811980830,蔡冠洪-2521030,2521030,18819193086,邓海锋-2503318,2503318,18819192665
3013,广东太古可口可乐有限公司,30130001,粤西,Y05015,广中区域,0728,广中-黄埔,1329,区域-城区,刘佳晓,2501281,13632119761,陈柯维,3034890,18819193095,陈梓楠-3047668,3047668,18826121116,黎秀红-2501566,2501566,18819192751
3013,广东太古可口可乐有限公司,30130001,粤西,Y05023,广新区,0723,广新-新龙,1031,区域-城区,李俊青,2502225,18819192133,梁鸿锦,2504228,18819192566,石安娜-3005836,3005836,18819192100,罗彩静-3006376,3006376,18819193285
3041,广东太古可口可乐湛江有限公司,30410001,湛江(BU),Y10001,湛江大区,2010,廉江营业所,1461,IC-特渠,李鑫元,2810095,13828289042,李汉权,2810472,15016420195,黄才鸿,2810109,18826113616,岑彩萍,2810422,18826113607
3013,广东太古可口可乐有限公司,30130001,粤西,Y05014,粤西KA客户群,0734,广州-重点,1802,业务助理,刘琪,2500311,13632119698,何焕勤,2501212,18819192311,赵伟-3010260,3010260,18819193135,黄献成-3019831,3019831,18819193045
3013,广东太古可口可乐有限公司,30130002,粤东,Y05006,河梅区,0780,河梅-龙川,0928,区域-乡镇,孙泽,2506339,13632980263,黄永兴,2507261,18819193048,田俊龙,3027312,18819192088,梁志生-3029882,3029882,18819192124
3013,广东太古可口可乐有限公司,30130001,粤西,Y05016,粤西IC,0724,广州-IC,1952,销售主管-挂客户,程志明,2501433,18819192255,卜增晓,3056544,18028654240,黎韵思-3008350,3008350,13602432584,梁太志-2501569,2501569,13688959202
3013,广东太古可口可乐有限公司,30130001,粤西,Y05002,佛山区,0759,佛山-三水,1251,区域-乡镇,胡维,2508241,13929226672,边忠明,2550443,18819192388,莫火养-2508254,2508254,18819193080,刘维舜-3044462,3044462,18819192689
3013,广东太古可口可乐有限公司,30130001,粤西,Y05014,粤西KA客户群,0734,广州-重点,1837,KA-CVS,刘琪,2500311,13632119698,何焕勤,2501212,18819192311,赵伟-3010260,3010260,18819193135,陈俊辉-3045870,3045870,19811980849
3013,广东太古可口可乐有限公司,30130001,粤西,Y05015,广中区域,0735,广中-从化,1592,区域-乡镇,刘佳晓,2501281,13632119761,王如泉,3003419,18819193110,骆惠贤-3054673,3054673,18819192884,罗茂林-2502283,2502283,18819192882
3013,广东太古可口可乐有限公司,30130001,粤西,Y05016,粤西IC,0724,广州-IC,1951,储备业代,程志明,2501433,18819192255,卜增晓,3056544,18028654240,黎韵思-3008350,3008350,13602432584,黎韵思-3008350T,3008350,13602432584
3013,广东太古可口可乐有限公司,30130001,粤西,Y05016,粤西IC,0724,广州-IC,1961,销售主管-挂客户,程志明,2501433,18819192255,卜增晓,3056544,18028654240,卜增晓T,3056544,18028654240,苏国良-2504222,2504222,13632119036
3013,广东太古可口可乐有限公司,30130001,粤西,Y05014,粤西KA客户群,0758,佛山-重点,1844,KA-综合,刘琪,2500311,13632119698,廖劲刚,2504357,18819192199,廖劲刚T,2504357,18819192199,李松-3053382,3053382,18819193390
3013,广东太古可口可乐有限公司,30130002,粤东,Y05020,汕尾区,3211,汕尾-惠来,0778,IC-综合,胡向,2507216,13725076877,杨义章,2506357,18819192699,杨义章T,2506357,18819192699,黄奕璇-3060038,3060038,18826120891
3013,广东太古可口可乐有限公司,30130002,粤东,Y05024,东莞区,3250,东莞-IC,0267,区域-城区,邱创荣,2506284,13632980303,张绮琴,2506476,18819193001,张绮琴T,2506476,18819193001,洪轶-3041393,3041393,19802012029
3013,广东太古可口可乐有限公司,30130001,粤西,Y05005,韶清区域,0808,韶清-乐昌,1701,区域-乡镇,杨海,2505227,13826390599,林俊年,2503274,18819192411,林俊年T,2503274,18819192411,李志军-2505255,2505255,18819192963
3013,广东太古可口可乐有限公司,30130001,粤西,Y05005,韶清区域,0778,韶清-英德,1779,区域-乡镇,杨海,2505227,13826390599,刘锦泉,3014498,18819193104,刘锦泉T,3014498,18819193104,朱秋香-3040180,3040180,18826120160
3013,广东太古可口可乐有限公司,30130002,粤东,Y05006,河梅区,0764,河梅-兴宁,0972,区域-城区,孙泽,2506339,13632980263,陈春发,2509220,18819192511,陈春发T,2509220,18819192511,罗林坚-3019113,3019113,18819193274
3041,广东太古可口可乐湛江有限公司,30410001,湛江(BU),Y10006,重点客户部,2004,KA营业所,1152,KA-MT,陈滨,2810313,18320364193,李珍珍,2810303,18826113830,李珍珍T,2810303,18826113830,卢春香,2810484,18826113828
3013,广东太古可口可乐有限公司,30130002,粤东,Y05020,汕尾区,3211,汕尾-惠来,0780,区域-城区,胡向,2507216,13725076877,杨义章,2506357,18819192699,杨义章T,2506357,18819192699,高创苗-3017123,3017123,18819193294
3013,广东太古可口可乐有限公司,30130002,粤东,Y05020,汕尾区,3210,汕尾-棉湖,0784,区域-城区,胡向,2507216,13725076877,张伟军,2507207,18819192055,张伟军T,2507207,18819192055,辜秋林-2509293,2509293,18819192315
3013,广东太古可口可乐有限公司,30130001,粤西,Y05005,韶清区域,0777,韶清-连州,1767,区域-城区,杨海,2505227,13826390599,张国平,2501332,18819192211,张国平T,2501332,18819192211,付新亮-3035376,3035376,18819192960
3013,广东太古可口可乐有限公司,30130002,粤东,Y05026,粤东EC事业部,3243,粤东EC办事处,0251,区域-城区,严玮,2501250,13632980151,李冬琴,2506578,13632980215,李冬琴T,2506578,13632980215,洪绿色,3043493,13602667236
3013,广东太古可口可乐有限公司,30130001,粤西,Y05005,韶清区域,0808,韶清-乐昌,1745,区域-城区,杨海,2505227,13826390599,林俊年,2503274,18819192411,林俊年T,2503274,18819192411,黄小明-3033014,3033014,18819192987
3013,广东太古可口可乐有限公司,30130002,粤东,Y05010,深中区,0742,深中-福田,1920,非销售线路,蔡志伟,2507286,13725076841,黄锦聪,2508277,18819193380,黄锦聪T,2508277,18819193380,黄锦聪T,2508277,18819193380
3013,广东太古可口可乐有限公司,30130001,粤西,Y05022,粤西自贩机事业部,0797,广州-自贩机,4602,开发员,林俊鑫,2509313,13823895335,林俊鑫T,2509313,13823895335,冯顺好-2501229,2501229,13632119546,冯顺好-2501229T,2501229,13632119546
3013,广东太古可口可乐有限公司,30130001,粤西,Y05022,粤西自贩机事业部,0797,广州-自贩机,4604,开发员,林俊鑫,2509313,13823895335,林俊鑫T,2509313,13823895335,林俊鑫T,2509313,13823895335,林俊鑫T,2509313,13823895335
3013,广东太古可口可乐有限公司,30130001,粤西,Y05022,粤西自贩机事业部,3223,佛山-自贩机,3573,FSV,林俊鑫,2509313,13823895335,林俊鑫T,2509313,13823895335,林俊鑫T,2509313,13823895335,林俊鑫T,2509313,13823895335
3013,广东太古可口可乐有限公司,30130002,粤东,Y05021,粤东自贩机事业部,0796,深圳-自贩机,3558,其他,刘育斌-2503223,2503223,13632119430,刘育斌-2503223T,2503223,13632119430,刘育斌-2503223T,2503223,13632119430,刘育斌-2503223T,2503223,13632119430
3013,广东太古可口可乐有限公司,30130002,粤东,Y05021,粤东自贩机事业部,3248,海丰-自贩机,3552,其他,刘育斌-2503223,2503223,13632119430,刘育斌-2503223T,2503223,13632119430,刘育斌-2503223T,2503223,13632119430,刘育斌-2503223T,2503223,13632119430
3041,广东太古可口可乐湛江有限公司,30410001,湛江(BU),Y10003,湛江中心营业部,2001,湛江营业部,1014,区域-城区,张南生T,,13828280531,张南生,2810135,13828280531,王景立,2810004,18826113886,林海宏,2810089,18826113938
3013,广东太古可口可乐有限公司,30130001,粤西,Y05025,粤西EC事业部,3240,粤西EC办事处,1933,开发员,严玮T,,13632980151,严玮TT,,13632980151,罗彤-3041528,3041528,18688451026,罗彤-3041528T,3041528,18688451026
3013,广东太古可口可乐有限公司,30130001,粤西,Y05001,番顺区,0760,番顺-陈村,5852,取消线路,,,,,,,,,,李贺原,3056993,18138343950
3013,广东太古可口可乐有限公司,30130001,粤西,Y05005,韶清区域,0777,韶清-连州,1762,区域-乡镇,杨海,2505227,13826390599,张国平,2501332,18819192211,潘文杰-2505237,2505237,18819193194,彭瑞莲-3040396,3040396,18819192954
3013,广东太古可口可乐有限公司,30130001,粤西,Y05005,韶清区域,0776,韶清-清远,1610,区域-城区,杨海,2505227,13826390599,蔡旭钟,3008626,18819192122,陈雪梅-3040635,3040635,18826120337,朱伟杰-3050758,3050758,19802011538
3013,广东太古可口可乐有限公司,30130001,粤西,Y05023,广新区,0721,广新-番禺,1014,区域-城区,李俊青,2502225,18819192133,李国平,2501549,18819193120,潘碧映-2502281,2502281,18826120672,张守旭-3023887,3023887,18819192714
3013,广东太古可口可乐有限公司,30130001,粤西,Y05015,广中区域,0737,广中-新塘,1309,区域-乡镇,刘佳晓,2501281,13632119761,李洋,3008791,18819192788,黄奋-3032022,3032022,18819193084,李俊峰-3012065,3012065,18819192747
3013,广东太古可口可乐有限公司,30130001,粤西,Y05003,广外区域,0725,广外-白云,1451,区域-城区,胡铭洋,3019330,18926210250,汪成义,2502305,18819193150,叶石良-3039785,3039785,18819193112,王红梅-3047419,3047419,18819193279
3013,广东太古可口可乐有限公司,30130001,粤西,Y05016,粤西IC,0724,广州-IC,1505,区域-乡镇,程志明,2501433,18819192255,卜增晓,3056544,18028654240,陈媚秀-3010740,3010740,18825044485,程志衡-3049470,3049470,18819193009
3013,广东太古可口可乐有限公司,30130001,粤西,Y05002,佛山区,0754,佛山-佛山,1152,KA-MT,胡维,2508241,13929226672,吴耿宁,2508235,18819160798,林灼成-2503345,2503345,18819192630,霍智德-2503327,2503327,18819192644
3013,广东太古可口可乐有限公司,30130001,粤西,Y05005,韶清区域,0810,韶清-翁源,1607,区域-城区,杨海,2505227,13826390599,林仰川,3011933,18820110682,林仰川T,3011933,18820110682,潘考玲-3013661,3013661,18819192875
